toi,tid,coverage_status,product_count,sectors,error
1000.01,50365310,available,1,TESS Sector 34,
1002.01,124709665,available,1,TESS Sector 33,
1003.01,106997505,available,1,TESS Sector 34,
1004.01,238597883,available,1,TESS Sector 34,
1005.01,169904935,available,1,TESS Sector 34,
1006.01,156115721,available,1,TESS Sector 34,
1008.01,440801822,available,4,TESS Sector 33;TESS Sector 44;TESS Sector 45;TESS Sector 46,
1010.01,139853601,available,1,TESS Sector 34,
1013.01,97700520,available,2,TESS Sector 33;TESS Sector 34,
1014.01,96246348,available,3,TESS Sector 33;TESS Sector 34;TESS Sector 61,
1015.01,155044736,available,2,TESS Sector 34;TESS Sector 61,
1016.01,175310067,available,1,TESS Sector 34,
1017.01,182943944,available,2,TESS Sector 34;TESS Sector 35,
1018.01,291555748,available,3,TESS Sector 33;TESS Sector 34;TESS Sector 35,
1020.01,140706664,available,1,TESS Sector 35,
1021.01,143994283,available,2,TESS Sector 34;TESS Sector 35,
1022.01,47384844,available,3,TESS Sector 09;TESS Sector 62;TESS Sector 72,
1023.01,238374636,available,5,TESS Sector 34;TESS Sector 35;TESS Sector 36;TESS Sector 88;TESS Sector 89,
1024.01,141482386,available,12,TESS Sector 27;TESS Sector 28;TESS Sector 29;TESS Sector 30;TESS Sector 31;TESS Sector 32;TESS Sector 34;TESS Sector 35;TESS Sector 36;TESS Sector 37;TESS Sector 38;TESS Sector 39,
1025.01,297967252,available,8,TESS Sector 09;TESS Sector 10;TESS Sector 35;TESS Sector 36;TESS Sector 62;TESS Sector 63;TESS Sector 89;TESS Sector 90,
1026.01,388624270,available,3,TESS Sector 34;TESS Sector 35;TESS Sector 36,
1028.01,447283466,available,6,TESS Sector 09;TESS Sector 10;TESS Sector 36;TESS Sector 37;TESS Sector 63;TESS Sector 90,
1029.01,374908020,not_found,0,,
1030.01,464296022,available,3,TESS Sector 36;TESS Sector 37;TESS Sector 90,
1031.01,304021498,available,2,TESS Sector 36;TESS Sector 38,
1033.01,149601557,available,11,TESS Sector 27;TESS Sector 28;TESS Sector 30;TESS Sector 31;TESS Sector 32;TESS Sector 33;TESS Sector 34;TESS Sector 35;TESS Sector 36;TESS Sector 37;TESS Sector 38,
1034.01,400595342,available,2,TESS Sector 35;TESS Sector 36,
1037.01,363260203,available,2,TESS Sector 36;TESS Sector 37,
1038.01,90544017,available,1,TESS Sector 35,
1040.01,310483807,available,3,TESS Sector 35;TESS Sector 36;TESS Sector 37,
1041.01,385624852,available,6,TESS Sector 35;TESS Sector 36;TESS Sector 37;TESS Sector 62;TESS Sector 89;TESS Sector 90,
1042.01,360286627,available,5,TESS Sector 36;TESS Sector 37;TESS Sector 62;TESS Sector 64;TESS Sector 89,
1043.01,90448944,available,2,TESS Sector 35;TESS Sector 36,
1045.01,54044474,available,1,TESS Sector 36,
1046.01,309787037,available,3,TESS Sector 35;TESS Sector 36;TESS Sector 37,
1047.01,370745311,available,3,TESS Sector 36;TESS Sector 37;TESS Sector 38,
1048.01,384549882,available,2,TESS Sector 35;TESS Sector 36,
1051.01,259863352,available,8,TESS Sector 01;TESS Sector 02;TESS Sector 13;TESS Sector 27;TESS Sector 28;TESS Sector 29;TESS Sector 67;TESS Sector 69,
1052.01,317060587,available,8,TESS Sector 01;TESS Sector 101;TESS Sector 102;TESS Sector 103;TESS Sector 13;TESS Sector 67;TESS Sector 94;TESS Sector 95,
1053.01,112395568,available,4,TESS Sector 13;TESS Sector 27;TESS Sector 67;TESS Sector 94,
1054.01,366989877,available,5,TESS Sector 104;TESS Sector 13;TESS Sector 27;TESS Sector 67;TESS Sector 94,
1055.01,320004517,available,5,TESS Sector 104;TESS Sector 13;TESS Sector 27;TESS Sector 67;TESS Sector 94,
1061.01,253990973,available,1,TESS Sector 13,
1062.01,299799658,available,10,TESS Sector 01;TESS Sector 13;TESS Sector 27;TESS Sector 28;TESS Sector 66;TESS Sector 67;TESS Sector 68;TESS Sector 93;TESS Sector 94;TESS Sector 95,
1064.01,79748331,available,5,TESS Sector 104;TESS Sector 13;TESS Sector 27;TESS Sector 67;TESS Sector 94,
1064.02,79748331,available,5,TESS Sector 104;TESS Sector 13;TESS Sector 27;TESS Sector 67;TESS Sector 94,
1070.01,31858844,available,2,TESS Sector 13;TESS Sector 27,
1072.01,140830390,available,32,TESS Sector 11;TESS Sector 12;TESS Sector 13;TESS Sector 27;TESS Sector 28;TESS Sector 29;TESS Sector 30;TESS Sector 31;TESS Sector 32;TESS Sector 33;TESS Sector 34;TESS Sector 35;TESS Sector 36;TESS Sector 37;TESS Sector 38;TESS Sector 39;TESS Sector 61;TESS Sector 62;TESS Sector 63;TESS Sector 64;TESS Sector 65;TESS Sector 66;TESS Sector 67;TESS Sector 68;TESS Sector 69;TESS Sector 87;TESS Sector 89;TESS Sector 90;TESS Sector 93;TESS Sector 94;TESS Sector 95;TESS Sector 96,
1073.01,158297421,available,5,TESS Sector 104;TESS Sector 13;TESS Sector 27;TESS Sector 67;TESS Sector 94,
1075.01,351601843,available,8,TESS Sector 101;TESS Sector 102;TESS Sector 103;TESS Sector 104;TESS Sector 13;TESS Sector 27;TESS Sector 67;TESS Sector 94,
1078.01,370133522,available,7,TESS Sector 101;TESS Sector 103;TESS Sector 104;TESS Sector 13;TESS Sector 27;TESS Sector 67;TESS Sector 94,
1080.01,161032923,available,5,TESS Sector 103;TESS Sector 104;TESS Sector 13;TESS Sector 66;TESS Sector 93,
1087.01,426077080,available,1,TESS Sector 39,
1088.01,343648136,available,1,TESS Sector 39,
1089.01,129319156,available,1,TESS Sector 38,
1090.01,361034196,not_found,0,,
1092.01,387079085,available,1,TESS Sector 38,
1093.01,382331352,available,1,TESS Sector 38,
1096.01,375225453,available,4,TESS Sector 36;TESS Sector 37;TESS Sector 38;TESS Sector 39,
1097.01,360630575,available,3,TESS Sector 100;TESS Sector 38;TESS Sector 39,
1097.02,360630575,available,3,TESS Sector 100;TESS Sector 38;TESS Sector 39,
1098.01,383390264,available,8,TESS Sector 12;TESS Sector 13;TESS Sector 27;TESS Sector 65;TESS Sector 66;TESS Sector 67;TESS Sector 93;TESS Sector 94,
1099.01,290348383,available,7,TESS Sector 101;TESS Sector 102;TESS Sector 103;TESS Sector 13;TESS Sector 27;TESS Sector 67;TESS Sector 94,
1100.01,318608749,available,4,TESS Sector 27;TESS Sector 39;TESS Sector 66;TESS Sector 67,
1101.01,271581073,available,1,TESS Sector 27,
1102.01,311890977,not_found,0,,
1104.01,451599528,available,8,TESS Sector 12;TESS Sector 13;TESS Sector 27;TESS Sector 39;TESS Sector 66;TESS Sector 67;TESS Sector 93;TESS Sector 94,
1107.01,394561119,available,5,TESS Sector 38;TESS Sector 39;TESS Sector 65;TESS Sector 66;TESS Sector 93,
1108.01,295599256,available,4,TESS Sector 100;TESS Sector 101;TESS Sector 102;TESS Sector 103,
1109.01,50309953,available,5,TESS Sector 01;TESS Sector 13;TESS Sector 93;TESS Sector 94;TESS Sector 95,
1110.01,446549905,available,3,TESS Sector 103;TESS Sector 104;TESS Sector 27,
1111.01,412014494,available,1,TESS Sector 27,
1112.01,369864738,available,3,TESS Sector 27;TESS Sector 38;TESS Sector 39,
1113.01,290348382,not_found,0,,
1118.01,90919952,not_found,0,,
1120.01,143257766,available,1,TESS Sector 27,
1121.01,24094603,not_found,0,,
1122.01,304774444,not_found,0,,
1126.01,405862830,not_found,0,,
1127.01,269450900,available,2,TESS Sector 13;TESS Sector 67,
1128.01,425721385,available,1,TESS Sector 27,
1129.01,91576611,not_found,0,,
1130.01,254113311,available,4,TESS Sector 104;TESS Sector 27;TESS Sector 67;TESS Sector 94,
1130.02,254113311,available,4,TESS Sector 104;TESS Sector 27;TESS Sector 67;TESS Sector 94,
1132.01,267489265,available,3,TESS Sector 15;TESS Sector 54;TESS Sector 55,
1133.01,69997672,available,3,TESS Sector 40;TESS Sector 41;TESS Sector 54,
1134.01,122220263,available,4,TESS Sector 14;TESS Sector 40;TESS Sector 41;TESS Sector 54,
1135.01,154872375,available,11,TESS Sector 14;TESS Sector 19;TESS Sector 20;TESS Sector 26;TESS Sector 40;TESS Sector 47;TESS Sector 53;TESS Sector 59;TESS Sector 74;TESS Sector 79;TESS Sector 86,
1136.01,142276270,available,7,TESS Sector 14;TESS Sector 15;TESS Sector 21;TESS Sector 22;TESS Sector 41;TESS Sector 48;TESS Sector 75,
1136.02,142276270,available,7,TESS Sector 14;TESS Sector 15;TESS Sector 21;TESS Sector 22;TESS Sector 41;TESS Sector 48;TESS Sector 75,
1136.03,142276270,available,7,TESS Sector 14;TESS Sector 15;TESS Sector 21;TESS Sector 22;TESS Sector 41;TESS Sector 48;TESS Sector 75,
1136.04,142276270,available,7,TESS Sector 14;TESS Sector 15;TESS Sector 21;TESS Sector 22;TESS Sector 41;TESS Sector 48;TESS Sector 75,
1138.01,110428269,available,5,TESS Sector 14;TESS Sector 40;TESS Sector 41;TESS Sector 54;TESS Sector 81,
1140.01,320525204,available,28,TESS Sector 40;TESS Sector 41;TESS Sector 47;TESS Sector 48;TESS Sector 49;TESS Sector 50;TESS Sector 51;TESS Sector 52;TESS Sector 53;TESS Sector 54;TESS Sector 55;TESS Sector 57;TESS Sector 58;TESS Sector 59;TESS Sector 60;TESS Sector 73;TESS Sector 74;TESS Sector 75;TESS Sector 76;TESS Sector 77;TESS Sector 78;TESS Sector 80;TESS Sector 81;TESS Sector 82;TESS Sector 83;TESS Sector 84;TESS Sector 85;TESS Sector 86,
1141.01,159510109,available,22,TESS Sector 14;TESS Sector 15;TESS Sector 18;TESS Sector 19;TESS Sector 21;TESS Sector 25;TESS Sector 26;TESS Sector 40;TESS Sector 41;TESS Sector 47;TESS Sector 48;TESS Sector 52;TESS Sector 53;TESS Sector 55;TESS Sector 59;TESS Sector 60;TESS Sector 73;TESS Sector 74;TESS Sector 75;TESS Sector 79;TESS Sector 82;TESS Sector 86,
1142.01,284450803,available,14,TESS Sector 40;TESS Sector 41;TESS Sector 47;TESS Sector 50;TESS Sector 53;TESS Sector 54;TESS Sector 73;TESS Sector 74;TESS Sector 76;TESS Sector 77;TESS Sector 80;TESS Sector 81;TESS Sector 82;TESS Sector 83,
1143.01,160268701,available,4,TESS Sector 40;TESS Sector 41;TESS Sector 47;TESS Sector 53,
1145.01,350995812,available,6,TESS Sector 40;TESS Sector 41;TESS Sector 54;TESS Sector 55;TESS Sector 74;TESS Sector 75,
1146.01,21755546,available,5,TESS Sector 40;TESS Sector 41;TESS Sector 54;TESS Sector 74;TESS Sector 81,
1147.01,288391628,available,5,TESS Sector 40;TESS Sector 41;TESS Sector 47;TESS Sector 52;TESS Sector 53,
1152.01,237184773,available,7,TESS Sector 40;TESS Sector 41;TESS Sector 53;TESS Sector 54;TESS Sector 74;TESS Sector 80;TESS Sector 81,
1155.01,161450762,available,1,TESS Sector 55,
1156.01,117256577,available,4,TESS Sector 41;TESS Sector 54;TESS Sector 55;TESS Sector 81,
1157.01,147576037,available,5,TESS Sector 40;TESS Sector 41;TESS Sector 47;TESS Sector 60;TESS Sector 74,
1158.01,379931600,available,4,TESS Sector 40;TESS Sector 54;TESS Sector 74;TESS Sector 81,
1159.01,48188920,available,1,TESS Sector 54,
1160.01,89510024,available,7,TESS Sector 41;TESS Sector 54;TESS Sector 55;TESS Sector 74;TESS Sector 75;TESS Sector 81;TESS Sector 82,
1164.01,16102323,not_found,0,,
1166.01,138361973,available,3,TESS Sector 40;TESS Sector 74;TESS Sector 75,
1167.01,232967666,available,5,TESS Sector 21;TESS Sector 40;TESS Sector 41;TESS Sector 47;TESS Sector 48,
1168.01,41330864,available,1,TESS Sector 75,
1170.01,294176967,available,6,TESS Sector 55;TESS Sector 75;TESS Sector 76;TESS Sector 81;TESS Sector 82;TESS Sector 83,
1171.01,101929303,available,3,TESS Sector 74;TESS Sector 75;TESS Sector 81,
1172.01,1717732429,available,12,TESS Sector 40;TESS Sector 41;TESS Sector 49;TESS Sector 52;TESS Sector 53;TESS Sector 55,
1173.01,232967440,available,9,TESS Sector 14;TESS Sector 15;TESS Sector 21;TESS Sector 22;TESS Sector 41;TESS Sector 47;TESS Sector 48;TESS Sector 74;TESS Sector 75,
1174.01,154089169,available,10,TESS Sector 14;TESS Sector 15;TESS Sector 21;TESS Sector 22;TESS Sector 41;TESS Sector 48;TESS Sector 49;TESS Sector 74;TESS Sector 75;TESS Sector 76,
1175.01,30329585,available,6,TESS Sector 40;TESS Sector 41;TESS Sector 54;TESS Sector 74;TESS Sector 80;TESS Sector 81,
1177.01,169177766,not_found,0,,
1178.01,359496368,available,25,TESS Sector 14;TESS Sector 15;TESS Sector 18;TESS Sector 19;TESS Sector 20;TESS Sector 21;TESS Sector 22;TESS Sector 23;TESS Sector 24;TESS Sector 25;TESS Sector 26;TESS Sector 40;TESS Sector 41;TESS Sector 47;TESS Sector 48;TESS Sector 49;TESS Sector 50;TESS Sector 51;TESS Sector 52;TESS Sector 53;TESS Sector 54;TESS Sector 55;TESS Sector 84;TESS Sector 85;TESS Sector 86,
118.01,266980320,available,7,TESS Sector 01;TESS Sector 102;TESS Sector 103;TESS Sector 104;TESS Sector 28;TESS Sector 68;TESS Sector 95,
1180.01,158002130,available,15,TESS Sector 14;TESS Sector 19;TESS Sector 20;TESS Sector 21;TESS Sector 40;TESS Sector 41;TESS Sector 47;TESS Sector 48;TESS Sector 53;TESS Sector 59;TESS Sector 60;TESS Sector 73;TESS Sector 74;TESS Sector 75;TESS Sector 79,
1181.01,229510866,available,32,TESS Sector 24;TESS Sector 25;TESS Sector 26;TESS Sector 40;TESS Sector 41;TESS Sector 47;TESS Sector 48;TESS Sector 49;TESS Sector 50;TESS Sector 51;TESS Sector 52;TESS Sector 53;TESS Sector 54;TESS Sector 55;TESS Sector 56;TESS Sector 57;TESS Sector 58;TESS Sector 59;TESS Sector 60;TESS Sector 73;TESS Sector 74;TESS Sector 75;TESS Sector 76;TESS Sector 77;TESS Sector 78;TESS Sector 79;TESS Sector 81;TESS Sector 82;TESS Sector 83;TESS Sector 84;TESS Sector 85;TESS Sector 86,
1182.01,341544930,available,5,TESS Sector 41;TESS Sector 48;TESS Sector 49;TESS Sector 75;TESS Sector 76,
1183.01,258777137,available,40,TESS Sector 14;TESS Sector 15;TESS Sector 16;TESS Sector 17;TESS Sector 18;TESS Sector 19;TESS Sector 20;TESS Sector 21;TESS Sector 22;TESS Sector 23;TESS Sector 24;TESS Sector 25;TESS Sector 26;TESS Sector 40;TESS Sector 41;TESS Sector 47;TESS Sector 48;TESS Sector 49;TESS Sector 50;TESS Sector 51;TESS Sector 53;TESS Sector 54;TESS Sector 55;TESS Sector 56;TESS Sector 57;TESS Sector 58;TESS Sector 59;TESS Sector 60;TESS Sector 73;TESS Sector 74;TESS Sector 75;TESS Sector 76;TESS Sector 77;TESS Sector 79;TESS Sector 80;TESS Sector 82;TESS Sector 83;TESS Sector 84;TESS Sector 85;TESS Sector 86,
1184.01,233087860,available,41,TESS Sector 14;TESS Sector 15;TESS Sector 16;TESS Sector 17;TESS Sector 18;TESS Sector 19;TESS Sector 20;TESS Sector 21;TESS Sector 22;TESS Sector 24;TESS Sector 25;TESS Sector 26;TESS Sector 40;TESS Sector 41;TESS Sector 47;TESS Sector 48;TESS Sector 49;TESS Sector 50;TESS Sector 51;TESS Sector 52;TESS Sector 53;TESS Sector 54;TESS Sector 55;TESS Sector 56;TESS Sector 57;TESS Sector 58;TESS Sector 59;TESS Sector 60;TESS Sector 73;TESS Sector 75;TESS Sector 76;TESS Sector 77;TESS Sector 78;TESS Sector 79;TESS Sector 80;TESS Sector 81;TESS Sector 82;TESS Sector 83;TESS Sector 84;TESS Sector 85;TESS Sector 86,
1185.01,83210867,not_found,0,,
1186.01,289539327,available,28,TESS Sector 24;TESS Sector 40;TESS Sector 41;TESS Sector 47;TESS Sector 48;TESS Sector 49;TESS Sector 50;TESS Sector 51;TESS Sector 52;TESS Sector 53;TESS Sector 54;TESS Sector 55;TESS Sector 57;TESS Sector 58;TESS Sector 60;TESS Sector 73;TESS Sector 74;TESS Sector 75;TESS Sector 76;TESS Sector 77;TESS Sector 78;TESS Sector 79;TESS Sector 81;TESS Sector 82;TESS Sector 83;TESS Sector 84;TESS Sector 85;TESS Sector 86,
1188.01,15247229,available,1,TESS Sector 41,
1191.01,237185205,available,6,TESS Sector 40;TESS Sector 41;TESS Sector 53;TESS Sector 54;TESS Sector 80;TESS Sector 81,
1193.01,89643259,available,6,TESS Sector 54;TESS Sector 55;TESS Sector 74;TESS Sector 75;TESS Sector 81;TESS Sector 82,
1194.01,147950620,available,9,TESS Sector 14;TESS Sector 20;TESS Sector 21;TESS Sector 40;TESS Sector 41;TESS Sector 47;TESS Sector 48;TESS Sector 74;TESS Sector 75,
1195.01,24364065,available,3,TESS Sector 40;TESS Sector 74;TESS Sector 81,
1199.01,99869022,available,3,TESS Sector 41;TESS Sector 48;TESS Sector 75,
120.01,394137592,available,5,TESS Sector 01;TESS Sector 103;TESS Sector 104;TESS Sector 95;TESS Sector 96,
1200.01,288185138,available,6,TESS Sector 40;TESS Sector 41;TESS Sector 47;TESS Sector 48;TESS Sector 52;TESS Sector 53,
1201.01,29960110,available,2,TESS Sector 04;TESS Sector 31,
1202.01,327017634,available,8,TESS Sector 100;TESS Sector 101;TESS Sector 102;TESS Sector 11;TESS Sector 12;TESS Sector 38;TESS Sector 65;TESS Sector 99,
1203.01,23434737,available,7,TESS Sector 09;TESS Sector 10;TESS Sector 100;TESS Sector 36;TESS Sector 63;TESS Sector 90;TESS Sector 99,
1206.01,308034948,available,7,TESS Sector 10;TESS Sector 100;TESS Sector 101;TESS Sector 11;TESS Sector 37;TESS Sector 64;TESS Sector 99,
1210.01,33878688,available,33,TESS Sector 01;TESS Sector 02;TESS Sector 03;TESS Sector 05;TESS Sector 06;TESS Sector 07;TESS Sector 08;TESS Sector 09;TESS Sector 10;TESS Sector 11;TESS Sector 12;TESS Sector 13;TESS Sector 27;TESS Sector 28;TESS Sector 29;TESS Sector 30;TESS Sector 31;TESS Sector 32;TESS Sector 33;TESS Sector 34;TESS Sector 35;TESS Sector 36;TESS Sector 37;TESS Sector 38;TESS Sector 39;TESS Sector 87;TESS Sector 88;TESS Sector 89;TESS Sector 90;TESS Sector 93;TESS Sector 94;TESS Sector 95;TESS Sector 96,
1213.01,399144800,available,6,TESS Sector 10;TESS Sector 11;TESS Sector 37;TESS Sector 38;TESS Sector 64;TESS Sector 65,
122.01,231702397,available,9,TESS Sector 01;TESS Sector 102;TESS Sector 103;TESS Sector 104;TESS Sector 27;TESS Sector 28;TESS Sector 67;TESS Sector 68;TESS Sector 95,
1221.01,349095149,available,44,TESS Sector 01;TESS Sector 02;TESS Sector 03;TESS Sector 04;TESS Sector 05;TESS Sector 06;TESS Sector 07;TESS Sector 08;TESS Sector 09;TESS Sector 10;TESS Sector 11;TESS Sector 12;TESS Sector 13;TESS Sector 27;TESS Sector 28;TESS Sector 29;TESS Sector 30;TESS Sector 31;TESS Sector 32;TESS Sector 33;TESS Sector 34;TESS Sector 35;TESS Sector 37;TESS Sector 38;TESS Sector 39;TESS Sector 61;TESS Sector 62;TESS Sector 63;TESS Sector 64;TESS Sector 65;TESS Sector 66;TESS Sector 67;TESS Sector 68;TESS Sector 69;TESS Sector 87;TESS Sector 88;TESS Sector 89;TESS Sector 90;TESS Sector 93;TESS Sector 94;TESS Sector 95;TESS Sector 96;TESS Sector 97;TESS Sector 98,
1223.01,382437043,available,40,TESS Sector 01;TESS Sector 02;TESS Sector 03;TESS Sector 04;TESS Sector 05;TESS Sector 06;TESS Sector 07;TESS Sector 08;TESS Sector 09;TESS Sector 10;TESS Sector 11;TESS Sector 12;TESS Sector 13;TESS Sector 27;TESS Sector 28;TESS Sector 29;TESS Sector 30;TESS Sector 31;TESS Sector 32;TESS Sector 33;TESS Sector 34;TESS Sector 35;TESS Sector 37;TESS Sector 38;TESS Sector 39;TESS Sector 61;TESS Sector 62;TESS Sector 63;TESS Sector 64;TESS Sector 65;TESS Sector 67;TESS Sector 68;TESS Sector 69;TESS Sector 87;TESS Sector 88;TESS Sector 89;TESS Sector 90;TESS Sector 94;TESS Sector 95;TESS Sector 96,
1224.01,299798795,available,10,TESS Sector 01;TESS Sector 13;TESS Sector 27;TESS Sector 28;TESS Sector 39;TESS Sector 66;TESS Sector 67;TESS Sector 68;TESS Sector 93;TESS Sector 95,
1224.02,299798795,available,10,TESS Sector 01;TESS Sector 13;TESS Sector 27;TESS Sector 28;TESS Sector 39;TESS Sector 66;TESS Sector 67;TESS Sector 68;TESS Sector 93;TESS Sector 95,
1227.01,360156606,available,7,TESS Sector 100;TESS Sector 11;TESS Sector 12;TESS Sector 38;TESS Sector 64;TESS Sector 65;TESS Sector 99,
1228.01,300038935,available,43,TESS Sector 01;TESS Sector 02;TESS Sector 03;TESS Sector 04;TESS Sector 05;TESS Sector 06;TESS Sector 07;TESS Sector 08;TESS Sector 09;TESS Sector 10;TESS Sector 11;TESS Sector 12;TESS Sector 13;TESS Sector 28;TESS Sector 29;TESS Sector 30;TESS Sector 31;TESS Sector 32;TESS Sector 33;TESS Sector 34;TESS Sector 35;TESS Sector 36;TESS Sector 38;TESS Sector 39;TESS Sector 61;TESS Sector 62;TESS Sector 63;TESS Sector 64;TESS Sector 65;TESS Sector 66;TESS Sector 67;TESS Sector 68;TESS Sector 69;TESS Sector 87;TESS Sector 88;TESS Sector 89;TESS Sector 90;TESS Sector 93;TESS Sector 94;TESS Sector 95;TESS Sector 96;TESS Sector 97;TESS Sector 98,
123.01,290131778,available,5,TESS Sector 01;TESS Sector 28;TESS Sector 68;TESS Sector 92;TESS Sector 95,
1230.01,287156968,available,11,TESS Sector 11;TESS Sector 12;TESS Sector 13;TESS Sector 27;TESS Sector 38;TESS Sector 39;TESS Sector 65;TESS Sector 66;TESS Sector 67;TESS Sector 93;TESS Sector 94,
1231.01,447061717,available,7,TESS Sector 09;TESS Sector 10;TESS Sector 36;TESS Sector 37;TESS Sector 63;TESS Sector 90;TESS Sector 99,
1232.01,364395234,available,29,TESS Sector 09;TESS Sector 10;TESS Sector 11;TESS Sector 13;TESS Sector 27;TESS Sector 28;TESS Sector 30;TESS Sector 31;TESS Sector 33;TESS Sector 34;TESS Sector 35;TESS Sector 36;TESS Sector 37;TESS Sector 38;TESS Sector 61;TESS Sector 62;TESS Sector 63;TESS Sector 64;TESS Sector 67;TESS Sector 68;TESS Sector 69;TESS Sector 87;TESS Sector 88;TESS Sector 89;TESS Sector 90;TESS Sector 94;TESS Sector 95;TESS Sector 96;TESS Sector 97,
1233.01,260647166,available,6,TESS Sector 10;TESS Sector 100;TESS Sector 101;TESS Sector 11;TESS Sector 37;TESS Sector 99,
1233.02,260647166,available,6,TESS Sector 10;TESS Sector 100;TESS Sector 101;TESS Sector 11;TESS Sector 37;TESS Sector 99,
1233.03,260647166,available,6,TESS Sector 10;TESS Sector 100;TESS Sector 101;TESS Sector 11;TESS Sector 37;TESS Sector 99,
1233.04,260647166,available,6,TESS Sector 10;TESS Sector 100;TESS Sector 101;TESS Sector 11;TESS Sector 37;TESS Sector 99,
1234.01,90504905,available,4,TESS Sector 14;TESS Sector 40;TESS Sector 54;TESS Sector 81,
1235.01,103633434,available,8,TESS Sector 14;TESS Sector 20;TESS Sector 21;TESS Sector 40;TESS Sector 41;TESS Sector 47;TESS Sector 60;TESS Sector 74,
1238.01,153951307,available,8,TESS Sector 14;TESS Sector 15;TESS Sector 21;TESS Sector 22;TESS Sector 41;TESS Sector 49;TESS Sector 74;TESS Sector 76,
1238.02,153951307,available,8,TESS Sector 14;TESS Sector 15;TESS Sector 21;TESS Sector 22;TESS Sector 41;TESS Sector 49;TESS Sector 74;TESS Sector 76,
1243.01,219698776,available,7,TESS Sector 14;TESS Sector 20;TESS Sector 40;TESS Sector 47;TESS Sector 53;TESS Sector 60;TESS Sector 74,
1244.01,219850915,available,39,TESS Sector 14;TESS Sector 15;TESS Sector 16;TESS Sector 17;TESS Sector 19;TESS Sector 20;TESS Sector 21;TESS Sector 22;TESS Sector 23;TESS Sector 24;TESS Sector 25;TESS Sector 26;TESS Sector 40;TESS Sector 41;TESS Sector 47;TESS Sector 49;TESS Sector 50;TESS Sector 51;TESS Sector 52;TESS Sector 53;TESS Sector 54;TESS Sector 56;TESS Sector 57;TESS Sector 58;TESS Sector 59;TESS Sector 60;TESS Sector 73;TESS Sector 74;TESS Sector 76;TESS Sector 77;TESS Sector 78;TESS Sector 79;TESS Sector 80;TESS Sector 81;TESS Sector 82;TESS Sector 83;TESS Sector 84;TESS Sector 85;TESS Sector 86,
1246.01,230127302,available,40,TESS Sector 14;TESS Sector 15;TESS Sector 16;TESS Sector 17;TESS Sector 19;TESS Sector 20;TESS Sector 21;TESS Sector 22;TESS Sector 23;TESS Sector 24;TESS Sector 25;TESS Sector 26;TESS Sector 40;TESS Sector 41;TESS Sector 47;TESS Sector 49;TESS Sector 50;TESS Sector 51;TESS Sector 52;TESS Sector 53;TESS Sector 54;TESS Sector 55;TESS Sector 56;TESS Sector 57;TESS Sector 58;TESS Sector 59;TESS Sector 60;TESS Sector 73;TESS Sector 74;TESS Sector 76;TESS Sector 77;TESS Sector 78;TESS Sector 79;TESS Sector 80;TESS Sector 81;TESS Sector 82;TESS Sector 83;TESS Sector 84;TESS Sector 85;TESS Sector 86,
1246.02,230127302,available,40,TESS Sector 14;TESS Sector 15;TESS Sector 16;TESS Sector 17;TESS Sector 19;TESS Sector 20;TESS Sector 21;TESS Sector 22;TESS Sector 23;TESS Sector 24;TESS Sector 25;TESS Sector 26;TESS Sector 40;TESS Sector 41;TESS Sector 47;TESS Sector 49;TESS Sector 50;TESS Sector 51;TESS Sector 52;TESS Sector 53;TESS Sector 54;TESS Sector 55;TESS Sector 56;TESS Sector 57;TESS Sector 58;TESS Sector 59;TESS Sector 60;TESS Sector 73;TESS Sector 74;TESS Sector 76;TESS Sector 77;TESS Sector 78;TESS Sector 79;TESS Sector 80;TESS Sector 81;TESS Sector 82;TESS Sector 83;TESS Sector 84;TESS Sector 85;TESS Sector 86,
1246.03,230127302,available,40,TESS Sector 14;TESS Sector 15;TESS Sector 16;TESS Sector 17;TESS Sector 19;TESS Sector 20;TESS Sector 21;TESS Sector 22;TESS Sector 23;TESS Sector 24;TESS Sector 25;TESS Sector 26;TESS Sector 40;TESS Sector 41;TESS Sector 47;TESS Sector 49;TESS Sector 50;TESS Sector 51;TESS Sector 52;TESS Sector 53;TESS Sector 54;TESS Sector 55;TESS Sector 56;TESS Sector 57;TESS Sector 58;TESS Sector 59;TESS Sector 60;TESS Sector 73;TESS Sector 74;TESS Sector 76;TESS Sector 77;TESS Sector 78;TESS Sector 79;TESS Sector 80;TESS Sector 81;TESS Sector 82;TESS Sector 83;TESS Sector 84;TESS Sector 85;TESS Sector 86,
1246.04,230127302,available,40,TESS Sector 14;TESS Sector 15;TESS Sector 16;TESS Sector 17;TESS Sector 19;TESS Sector 20;TESS Sector 21;TESS Sector 22;TESS Sector 23;TESS Sector 24;TESS Sector 25;TESS Sector 26;TESS Sector 40;TESS Sector 41;TESS Sector 47;TESS Sector 49;TESS Sector 50;TESS Sector 51;TESS Sector 52;TESS Sector 53;TESS Sector 54;TESS Sector 55;TESS Sector 56;TESS Sector 57;TESS Sector 58;TESS Sector 59;TESS Sector 60;TESS Sector 73;TESS Sector 74;TESS Sector 76;TESS Sector 77;TESS Sector 78;TESS Sector 79;TESS Sector 80;TESS Sector 81;TESS Sector 82;TESS Sector 83;TESS Sector 84;TESS Sector 85;TESS Sector 86,
1247.01,232540264,available,18,TESS Sector 14;TESS Sector 15;TESS Sector 16;TESS Sector 20;TESS Sector 21;TESS Sector 22;TESS Sector 26;TESS Sector 40;TESS Sector 41;TESS Sector 47;TESS Sector 49;TESS Sector 53;TESS Sector 56;TESS Sector 60;TESS Sector 74;TESS Sector 76;TESS Sector 80;TESS Sector 83,
1248.01,232612416,available,39,TESS Sector 14;TESS Sector 15;TESS Sector 16;TESS Sector 17;TESS Sector 18;TESS Sector 19;TESS Sector 20;TESS Sector 21;TESS Sector 22;TESS Sector 23;TESS Sector 24;TESS Sector 25;TESS Sector 26;TESS Sector 40;TESS Sector 41;TESS Sector 47;TESS Sector 48;TESS Sector 49;TESS Sector 50;TESS Sector 51;TESS Sector 52;TESS Sector 53;TESS Sector 55;TESS Sector 56;TESS Sector 58;TESS Sector 59;TESS Sector 73;TESS Sector 74;TESS Sector 75;TESS Sector 76;TESS Sector 77;TESS Sector 78;TESS Sector 79;TESS Sector 80;TESS Sector 81;TESS Sector 82;TESS Sector 83;TESS Sector 85;TESS Sector 86,
1249.01,232976128,available,9,TESS Sector 14;TESS Sector 15;TESS Sector 21;TESS Sector 22;TESS Sector 41;TESS Sector 48;TESS Sector 49;TESS Sector 75;TESS Sector 76,
125.01,52368076,available,7,TESS Sector 01;TESS Sector 02;TESS Sector 28;TESS Sector 68;TESS Sector 69;TESS Sector 95;TESS Sector 96,
125.02,52368076,available,7,TESS Sector 01;TESS Sector 02;TESS Sector 28;TESS Sector 68;TESS Sector 69;TESS Sector 95;TESS Sector 96,
125.03,52368076,available,7,TESS Sector 01;TESS Sector 02;TESS Sector 28;TESS Sector 68;TESS Sector 69;TESS Sector 95;TESS Sector 96,
1250.01,233059608,available,36,TESS Sector 14;TESS Sector 15;TESS Sector 16;TESS Sector 17;TESS Sector 18;TESS Sector 19;TESS Sector 20;TESS Sector 21;TESS Sector 22;TESS Sector 23;TESS Sector 24;TESS Sector 25;TESS Sector 40;TESS Sector 41;TESS Sector 47;TESS Sector 48;TESS Sector 50;TESS Sector 51;TESS Sector 52;TESS Sector 54;TESS Sector 55;TESS Sector 56;TESS Sector 57;TESS Sector 59;TESS Sector 60;TESS Sector 73;TESS Sector 74;TESS Sector 75;TESS Sector 76;TESS Sector 77;TESS Sector 78;TESS Sector 79;TESS Sector 81;TESS Sector 82;TESS Sector 83;TESS Sector 84,
1253.01,233684822,available,33,TESS Sector 14;TESS Sector 15;TESS Sector 16;TESS Sector 17;TESS Sector 18;TESS Sector 19;TESS Sector 21;TESS Sector 22;TESS Sector 23;TESS Sector 24;TESS Sector 25;TESS Sector 26;TESS Sector 40;TESS Sector 41;TESS Sector 48;TESS Sector 49;TESS Sector 51;TESS Sector 52;TESS Sector 53;TESS Sector 54;TESS Sector 55;TESS Sector 74;TESS Sector 75;TESS Sector 76;TESS Sector 78;TESS Sector 79;TESS Sector 80;TESS Sector 81;TESS Sector 82;TESS Sector 83;TESS Sector 84;TESS Sector 85;TESS Sector 86,
1255.01,237222864,available,39,TESS Sector 14;TESS Sector 15;TESS Sector 16;TESS Sector 17;TESS Sector 19;TESS Sector 20;TESS Sector 21;TESS Sector 22;TESS Sector 23;TESS Sector 24;TESS Sector 25;TESS Sector 26;TESS Sector 40;TESS Sector 41;TESS Sector 47;TESS Sector 49;TESS Sector 50;TESS Sector 51;TESS Sector 52;TESS Sector 53;TESS Sector 54;TESS Sector 55;TESS Sector 56;TESS Sector 57;TESS Sector 58;TESS Sector 59;TESS Sector 60;TESS Sector 73;TESS Sector 74;TESS Sector 75;TESS Sector 77;TESS Sector 78;TESS Sector 79;TESS Sector 80;TESS Sector 81;TESS Sector 83;TESS Sector 84;TESS Sector 85;TESS Sector 86,
1256.01,274762761,available,7,TESS Sector 14;TESS Sector 15;TESS Sector 41;TESS Sector 54;TESS Sector 55;TESS Sector 74;TESS Sector 75,
1259.01,288735205,available,32,TESS Sector 14;TESS Sector 17;TESS Sector 18;TESS Sector 19;TESS Sector 20;TESS Sector 21;TESS Sector 24;TESS Sector 25;TESS Sector 26;TESS Sector 40;TESS Sector 41;TESS Sector 47;TESS Sector 48;TESS Sector 50;TESS Sector 51;TESS Sector 52;TESS Sector 53;TESS Sector 54;TESS Sector 55;TESS Sector 58;TESS Sector 59;TESS Sector 60;TESS Sector 73;TESS Sector 74;TESS Sector 75;TESS Sector 77;TESS Sector 78;TESS Sector 79;TESS Sector 80;TESS Sector 81;TESS Sector 85;TESS Sector 86,
1260.01,355867695,available,7,TESS Sector 14;TESS Sector 21;TESS Sector 41;TESS Sector 47;TESS Sector 48;TESS Sector 74;TESS Sector 75,
1260.02,355867695,available,7,TESS Sector 14;TESS Sector 21;TESS Sector 41;TESS Sector 47;TESS Sector 48;TESS Sector 74;TESS Sector 75,
1260.03,355867695,available,7,TESS Sector 14;TESS Sector 21;TESS Sector 41;TESS Sector 47;TESS Sector 48;TESS Sector 74;TESS Sector 75,
1266.01,467179528,available,9,TESS Sector 14;TESS Sector 15;TESS Sector 21;TESS Sector 22;TESS Sector 41;TESS Sector 48;TESS Sector 49;TESS Sector 75;TESS Sector 76,
1266.02,467179528,available,9,TESS Sector 14;TESS Sector 15;TESS Sector 21;TESS Sector 22;TESS Sector 41;TESS Sector 48;TESS Sector 49;TESS Sector 75;TESS Sector 76,
1268.01,142394656,available,8,TESS Sector 15;TESS Sector 21;TESS Sector 22;TESS Sector 41;TESS Sector 48;TESS Sector 49;TESS Sector 75;TESS Sector 76,
1269.01,198241702,available,42,TESS Sector 14;TESS Sector 15;TESS Sector 16;TESS Sector 17;TESS Sector 18;TESS Sector 19;TESS Sector 20;TESS Sector 21;TESS Sector 22;TESS Sector 23;TESS Sector 24;TESS Sector 25;TESS Sector 26;TESS Sector 40;TESS Sector 41;TESS Sector 47;TESS Sector 48;TESS Sector 49;TESS Sector 50;TESS Sector 51;TESS Sector 52;TESS Sector 53;TESS Sector 54;TESS Sector 55;TESS Sector 56;TESS Sector 57;TESS Sector 58;TESS Sector 59;TESS Sector 60;TESS Sector 73;TESS Sector 74;TESS Sector 76;TESS Sector 77;TESS Sector 78;TESS Sector 79;TESS Sector 80;TESS Sector 81;TESS Sector 82;TESS Sector 83;TESS Sector 84;TESS Sector 85;TESS Sector 86,
127.01,234523599,available,10,TESS Sector 01;TESS Sector 02;TESS Sector 103;TESS Sector 104;TESS Sector 28;TESS Sector 29;TESS Sector 68;TESS Sector 69;TESS Sector 95;TESS Sector 96,
1270.01,237200747,available,42,TESS Sector 14;TESS Sector 15;TESS Sector 16;TESS Sector 17;TESS Sector 18;TESS Sector 19;TESS Sector 20;TESS Sector 21;TESS Sector 22;TESS Sector 23;TESS Sector 24;TESS Sector 25;TESS Sector 26;TESS Sector 41;TESS Sector 47;TESS Sector 48;TESS Sector 49;TESS Sector 50;TESS Sector 51;TESS Sector 52;TESS Sector 53;TESS Sector 54;TESS Sector 55;TESS Sector 56;TESS Sector 57;TESS Sector 58;TESS Sector 59;TESS Sector 60;TESS Sector 73;TESS Sector 74;TESS Sector 75;TESS Sector 76;TESS Sector 77;TESS Sector 78;TESS Sector 79;TESS Sector 80;TESS Sector 81;TESS Sector 82;TESS Sector 83;TESS Sector 84;TESS Sector 85;TESS Sector 86,
1272.01,417948359,available,5,TESS Sector 15;TESS Sector 16;TESS Sector 22;TESS Sector 49;TESS Sector 76,
1273.01,445859771,available,7,TESS Sector 15;TESS Sector 22;TESS Sector 23;TESS Sector 48;TESS Sector 50;TESS Sector 75;TESS Sector 77,
1275.01,13499636,available,3,TESS Sector 15;TESS Sector 55;TESS Sector 82,
1276.01,43064903,available,7,TESS Sector 15;TESS Sector 41;TESS Sector 54;TESS Sector 55;TESS Sector 75;TESS Sector 81;TESS Sector 82,
1277.01,153949511,available,7,TESS Sector 14;TESS Sector 15;TESS Sector 21;TESS Sector 47;TESS Sector 48;TESS Sector 74;TESS Sector 75,
1278.01,163539739,available,6,TESS Sector 15;TESS Sector 55;TESS Sector 56;TESS Sector 75;TESS Sector 82;TESS Sector 83,
1279.01,224297258,available,8,TESS Sector 15;TESS Sector 21;TESS Sector 22;TESS Sector 41;TESS Sector 48;TESS Sector 49;TESS Sector 75;TESS Sector 76,
128.01,391949880,available,20,TESS Sector 01;TESS Sector 08;TESS Sector 11;TESS Sector 12;TESS Sector 13;TESS Sector 27;TESS Sector 28;TESS Sector 31;TESS Sector 38;TESS Sector 39;TESS Sector 61;TESS Sector 62;TESS Sector 65;TESS Sector 66;TESS Sector 67;TESS Sector 68;TESS Sector 88;TESS Sector 93;TESS Sector 94;TESS Sector 95,
1284.01,267561446,available,3,TESS Sector 15;TESS Sector 16;TESS Sector 55,
1285.01,274662200,available,6,TESS Sector 15;TESS Sector 16;TESS Sector 55;TESS Sector 76;TESS Sector 82;TESS Sector 83,
1288.01,365733349,available,13,TESS Sector 15;TESS Sector 16;TESS Sector 17;TESS Sector 18;TESS Sector 24;TESS Sector 56;TESS Sector 57;TESS Sector 58;TESS Sector 76;TESS Sector 77;TESS Sector 78;TESS Sector 83;TESS Sector 85,
1289.01,408203470,available,4,TESS Sector 14;TESS Sector 15;TESS Sector 41;TESS Sector 55,
129.01,201248411,available,10,TESS Sector 01;TESS Sector 02;TESS Sector 102;TESS Sector 104;TESS Sector 28;TESS Sector 29;TESS Sector 68;TESS Sector 69;TESS Sector 95;TESS Sector 96,
1292.01,199688472,available,42,TESS Sector 14;TESS Sector 15;TESS Sector 16;TESS Sector 17;TESS Sector 18;TESS Sector 19;TESS Sector 20;TESS Sector 21;TESS Sector 22;TESS Sector 23;TESS Sector 25;TESS Sector 26;TESS Sector 40;TESS Sector 41;TESS Sector 47;TESS Sector 48;TESS Sector 49;TESS Sector 50;TESS Sector 51;TESS Sector 52;TESS Sector 53;TESS Sector 54;TESS Sector 55;TESS Sector 56;TESS Sector 57;TESS Sector 58;TESS Sector 59;TESS Sector 60;TESS Sector 73;TESS Sector 74;TESS Sector 75;TESS Sector 76;TESS Sector 77;TESS Sector 78;TESS Sector 79;TESS Sector 80;TESS Sector 81;TESS Sector 82;TESS Sector 83;TESS Sector 84;TESS Sector 85;TESS Sector 86,
1294.01,219015370,available,9,TESS Sector 40;TESS Sector 41;TESS Sector 47;TESS Sector 48;TESS Sector 49;TESS Sector 74;TESS Sector 75;TESS Sector 76;TESS Sector 80,
1295.01,219852584,available,32,TESS Sector 23;TESS Sector 24;TESS Sector 25;TESS Sector 26;TESS Sector 40;TESS Sector 41;TESS Sector 47;TESS Sector 48;TESS Sector 49;TESS Sector 50;TESS Sector 51;TESS Sector 52;TESS Sector 53;TESS Sector 54;TESS Sector 55;TESS Sector 56;TESS Sector 57;TESS Sector 59;TESS Sector 60;TESS Sector 73;TESS Sector 74;TESS Sector 75;TESS Sector 76;TESS Sector 77;TESS Sector 78;TESS Sector 79;TESS Sector 80;TESS Sector 81;TESS Sector 83;TESS Sector 84;TESS Sector 85;TESS Sector 86,
1296.01,219854185,available,32,TESS Sector 23;TESS Sector 24;TESS Sector 25;TESS Sector 26;TESS Sector 40;TESS Sector 47;TESS Sector 48;TESS Sector 49;TESS Sector 50;TESS Sector 52;TESS Sector 53;TESS Sector 54;TESS Sector 55;TESS Sector 56;TESS Sector 57;TESS Sector 58;TESS Sector 59;TESS Sector 60;TESS Sector 73;TESS Sector 74;TESS Sector 75;TESS Sector 76;TESS Sector 77;TESS Sector 78;TESS Sector 79;TESS Sector 80;TESS Sector 81;TESS Sector 82;TESS Sector 83;TESS Sector 84;TESS Sector 85;TESS Sector 86,
1297.01,229536616,available,1,TESS Sector 41,
1298.01,237104103,available,33,TESS Sector 23;TESS Sector 24;TESS Sector 25;TESS Sector 26;TESS Sector 40;TESS Sector 41;TESS Sector 47;TESS Sector 48;TESS Sector 49;TESS Sector 50;TESS Sector 51;TESS Sector 52;TESS Sector 53;TESS Sector 54;TESS Sector 55;TESS Sector 56;TESS Sector 57;TESS Sector 59;TESS Sector 60;TESS Sector 73;TESS Sector 74;TESS Sector 75;TESS Sector 76;TESS Sector 77;TESS Sector 78;TESS Sector 79;TESS Sector 80;TESS Sector 81;TESS Sector 82;TESS Sector 83;TESS Sector 84;TESS Sector 85;TESS Sector 86,
1299.01,258777134,available,40,TESS Sector 14;TESS Sector 15;TESS Sector 16;TESS Sector 17;TESS Sector 18;TESS Sector 19;TESS Sector 20;TESS Sector 21;TESS Sector 22;TESS Sector 23;TESS Sector 24;TESS Sector 25;TESS Sector 26;TESS Sector 40;TESS Sector 41;TESS Sector 47;TESS Sector 48;TESS Sector 49;TESS Sector 50;TESS Sector 51;TESS Sector 53;TESS Sector 54;TESS Sector 55;TESS Sector 56;TESS Sector 57;TESS Sector 58;TESS Sector 59;TESS Sector 60;TESS Sector 73;TESS Sector 74;TESS Sector 75;TESS Sector 76;TESS Sector 77;TESS Sector 79;TESS Sector 80;TESS Sector 82;TESS Sector 83;TESS Sector 84;TESS Sector 85;TESS Sector 86,
130.01,263003176,available,9,TESS Sector 01;TESS Sector 12;TESS Sector 13;TESS Sector 27;TESS Sector 39;TESS Sector 66;TESS Sector 93;TESS Sector 94;TESS Sector 95,
1301.01,356867115,available,39,TESS Sector 14;TESS Sector 15;TESS Sector 16;TESS Sector 17;TESS Sector 18;TESS Sector 19;TESS Sector 20;TESS Sector 21;TESS Sector 23;TESS Sector 24;TESS Sector 25;TESS Sector 26;TESS Sector 40;TESS Sector 41;TESS Sector 47;TESS Sector 48;TESS Sector 49;TESS Sector 50;TESS Sector 51;TESS Sector 53;TESS Sector 54;TESS Sector 55;TESS Sector 56;TESS Sector 57;TESS Sector 58;TESS Sector 60;TESS Sector 73;TESS Sector 74;TESS Sector 75;TESS Sector 76;TESS Sector 77;TESS Sector 78;TESS Sector 80;TESS Sector 81;TESS Sector 82;TESS Sector 83;TESS Sector 84;TESS Sector 85;TESS Sector 86,
1303.01,185405474,not_found,0,,
1304.01,186000935,available,2,TESS Sector 41;TESS Sector 54,
1305.01,232679662,available,6,TESS Sector 40;TESS Sector 41;TESS Sector 49;TESS Sector 52;TESS Sector 53;TESS Sector 55,
1306.01,233735068,available,41,TESS Sector 14;TESS Sector 15;TESS Sector 16;TESS Sector 17;TESS Sector 18;TESS Sector 19;TESS Sector 20;TESS Sector 21;TESS Sector 22;TESS Sector 23;TESS Sector 24;TESS Sector 25;TESS Sector 26;TESS Sector 40;TESS Sector 41;TESS Sector 47;TESS Sector 48;TESS Sector 49;TESS Sector 50;TESS Sector 51;TESS Sector 52;TESS Sector 53;TESS Sector 54;TESS Sector 55;TESS Sector 56;TESS Sector 57;TESS Sector 59;TESS Sector 60;TESS Sector 73;TESS Sector 74;TESS Sector 75;TESS Sector 76;TESS Sector 77;TESS Sector 78;TESS Sector 79;TESS Sector 80;TESS Sector 81;TESS Sector 82;TESS Sector 83;TESS Sector 84;TESS Sector 86,
1308.01,277014266,available,6,TESS Sector 41;TESS Sector 55;TESS Sector 75;TESS Sector 76;TESS Sector 82;TESS Sector 83,
1309.01,287190564,available,2,TESS Sector 40;TESS Sector 41,
1310.01,294179389,available,6,TESS Sector 55;TESS Sector 75;TESS Sector 76;TESS Sector 81;TESS Sector 82;TESS Sector 83,
1312.01,405904232,available,9,TESS Sector 41;TESS Sector 54;TESS Sector 55;TESS Sector 56;TESS Sector 75;TESS Sector 76;TESS Sector 81;TESS Sector 82;TESS Sector 83,
1313.01,11111899,available,5,TESS Sector 41;TESS Sector 55;TESS Sector 75;TESS Sector 81;TESS Sector 82,
1314.01,136848581,available,6,TESS Sector 55;TESS Sector 56;TESS Sector 75;TESS Sector 76;TESS Sector 82;TESS Sector 83,
1315.01,137284119,available,1,TESS Sector 55,
1316.01,15565627,not_found,0,,
1317.01,165523947,available,1,TESS Sector 55,
1319.01,167098530,available,1,TESS Sector 55,
132.01,89020549,available,4,TESS Sector 01;TESS Sector 28;TESS Sector 68;TESS Sector 95,
1321.01,195199644,available,4,TESS Sector 55;TESS Sector 75;TESS Sector 76;TESS Sector 82,
1323.01,256886630,available,2,TESS Sector 15;TESS Sector 16,
1324.01,266688542,available,4,TESS Sector 56;TESS Sector 76;TESS Sector 82;TESS Sector 83,
1325.01,274942910,available,3,TESS Sector 76;TESS Sector 82;TESS Sector 83,
1326.01,275111900,available,5,TESS Sector 55;TESS Sector 56;TESS Sector 76;TESS Sector 82;TESS Sector 83,
1328.01,330332501,available,2,TESS Sector 55;TESS Sector 56,
1329.01,345996087,available,2,TESS Sector 76;TESS Sector 83,
1330.01,357457104,available,8,TESS Sector 15;TESS Sector 16;TESS Sector 55;TESS Sector 56;TESS Sector 75;TESS Sector 76;TESS Sector 82;TESS Sector 83,
1331.01,387664866,available,2,TESS Sector 76;TESS Sector 83,
1332.01,387664868,available,2,TESS Sector 76;TESS Sector 83,
1333.01,395171208,available,2,TESS Sector 56;TESS Sector 76,
1334.01,42123111,available,3,TESS Sector 41;TESS Sector 54;TESS Sector 55,
1335.01,89759617,available,3,TESS Sector 41;TESS Sector 54;TESS Sector 55,
1336.01,92783821,available,6,TESS Sector 41;TESS Sector 54;TESS Sector 55;TESS Sector 75;TESS Sector 81;TESS Sector 82,
1338.01,260128333,available,40,TESS Sector 04;TESS Sector 05;TESS Sector 06;TESS Sector 07;TESS Sector 08;TESS Sector 09;TESS Sector 10;TESS Sector 11;TESS Sector 12;TESS Sector 27;TESS Sector 28;TESS Sector 29;TESS Sector 30;TESS Sector 31;TESS Sector 32;TESS Sector 34;TESS Sector 35;TESS Sector 36;TESS Sector 37;TESS Sector 38;TESS Sector 39;TESS Sector 61;TESS Sector 62;TESS Sector 63;TESS Sector 64;TESS Sector 65;TESS Sector 66;TESS Sector 67;TESS Sector 68;TESS Sector 69;TESS Sector 87;TESS Sector 88;TESS Sector 89;TESS Sector 90;TESS Sector 93;TESS Sector 94;TESS Sector 95;TESS Sector 96;TESS Sector 97;TESS Sector 98,
1339.01,269701147,available,28,TESS Sector 15;TESS Sector 16;TESS Sector 17;TESS Sector 18;TESS Sector 19;TESS Sector 21;TESS Sector 22;TESS Sector 24;TESS Sector 25;TESS Sector 41;TESS Sector 48;TESS Sector 49;TESS Sector 51;TESS Sector 52;TESS Sector 55;TESS Sector 56;TESS Sector 59;TESS Sector 60;TESS Sector 73;TESS Sector 75;TESS Sector 76;TESS Sector 77;TESS Sector 78;TESS Sector 79;TESS Sector 82;TESS Sector 83;TESS Sector 85;TESS Sector 86,
1339.02,269701147,available,28,TESS Sector 15;TESS Sector 16;TESS Sector 17;TESS Sector 18;TESS Sector 19;TESS Sector 21;TESS Sector 22;TESS Sector 24;TESS Sector 25;TESS Sector 41;TESS Sector 48;TESS Sector 49;TESS Sector 51;TESS Sector 52;TESS Sector 55;TESS Sector 56;TESS Sector 59;TESS Sector 60;TESS Sector 73;TESS Sector 75;TESS Sector 76;TESS Sector 77;TESS Sector 78;TESS Sector 79;TESS Sector 82;TESS Sector 83;TESS Sector 85;TESS Sector 86,
1339.03,269701147,available,28,TESS Sector 15;TESS Sector 16;TESS Sector 17;TESS Sector 18;TESS Sector 19;TESS Sector 21;TESS Sector 22;TESS Sector 24;TESS Sector 25;TESS Sector 41;TESS Sector 48;TESS Sector 49;TESS Sector 51;TESS Sector 52;TESS Sector 55;TESS Sector 56;TESS Sector 59;TESS Sector 60;TESS Sector 73;TESS Sector 75;TESS Sector 76;TESS Sector 77;TESS Sector 78;TESS Sector 79;TESS Sector 82;TESS Sector 83;TESS Sector 85;TESS Sector 86,
134.01,234994474,available,6,TESS Sector 01;TESS Sector 102;TESS Sector 104;TESS Sector 28;TESS Sector 68;TESS Sector 95,
1340.01,233681149,available,37,TESS Sector 14;TESS Sector 15;TESS Sector 16;TESS Sector 17;TESS Sector 18;TESS Sector 19;TESS Sector 21;TESS Sector 22;TESS Sector 24;TESS Sector 25;TESS Sector 26;TESS Sector 40;TESS Sector 41;TESS Sector 47;TESS Sector 48;TESS Sector 49;TESS Sector 51;TESS Sector 52;TESS Sector 53;TESS Sector 54;TESS Sector 55;TESS Sector 56;TESS Sector 57;TESS Sector 58;TESS Sector 59;TESS Sector 60;TESS Sector 74;TESS Sector 75;TESS Sector 76;TESS Sector 78;TESS Sector 79;TESS Sector 80;TESS Sector 82;TESS Sector 83;TESS Sector 84;TESS Sector 85;TESS Sector 86,
1341.01,233390838,available,13,TESS Sector 15;TESS Sector 16;TESS Sector 17;TESS Sector 41;TESS Sector 55;TESS Sector 57;TESS Sector 75;TESS Sector 76;TESS Sector 77;TESS Sector 81;TESS Sector 82;TESS Sector 83;TESS Sector 84,
1342.01,256621916,available,3,TESS Sector 41;TESS Sector 54;TESS Sector 55,
1343.01,358631536,available,5,TESS Sector 55;TESS Sector 75;TESS Sector 76;TESS Sector 82;TESS Sector 83,
1344.01,1400770435,available,12,TESS Sector 14;TESS Sector 15;TESS Sector 16;TESS Sector 17;TESS Sector 18;TESS Sector 19;TESS Sector 20;TESS Sector 21;TESS Sector 23;TESS Sector 24;TESS Sector 25;TESS Sector 26,
1346.01,219852882,available,41,TESS Sector 14;TESS Sector 15;TESS Sector 16;TESS Sector 17;TESS Sector 18;TESS Sector 19;TESS Sector 20;TESS Sector 21;TESS Sector 22;TESS Sector 23;TESS Sector 24;TESS Sector 25;TESS Sector 26;TESS Sector 40;TESS Sector 41;TESS Sector 47;TESS Sector 48;TESS Sector 49;TESS Sector 50;TESS Sector 51;TESS Sector 52;TESS Sector 53;TESS Sector 54;TESS Sector 56;TESS Sector 57;TESS Sector 58;TESS Sector 59;TESS Sector 60;TESS Sector 73;TESS Sector 74;TESS Sector 75;TESS Sector 76;TESS Sector 77;TESS Sector 78;TESS Sector 79;TESS Sector 80;TESS Sector 81;TESS Sector 82;TESS Sector 83;TESS Sector 84;TESS Sector 86,
1346.02,219852882,available,41,TESS Sector 14;TESS Sector 15;TESS Sector 16;TESS Sector 17;TESS Sector 18;TESS Sector 19;TESS Sector 20;TESS Sector 21;TESS Sector 22;TESS Sector 23;TESS Sector 24;TESS Sector 25;TESS Sector 26;TESS Sector 40;TESS Sector 41;TESS Sector 47;TESS Sector 48;TESS Sector 49;TESS Sector 50;TESS Sector 51;TESS Sector 52;TESS Sector 53;TESS Sector 54;TESS Sector 56;TESS Sector 57;TESS Sector 58;TESS Sector 59;TESS Sector 60;TESS Sector 73;TESS Sector 74;TESS Sector 75;TESS Sector 76;TESS Sector 77;TESS Sector 78;TESS Sector 79;TESS Sector 80;TESS Sector 81;TESS Sector 82;TESS Sector 83;TESS Sector 84;TESS Sector 86,
1347.01,229747848,available,39,TESS Sector 14;TESS Sector 15;TESS Sector 16;TESS Sector 17;TESS Sector 19;TESS Sector 20;TESS Sector 21;TESS Sector 22;TESS Sector 23;TESS Sector 24;TESS Sector 25;TESS Sector 26;TESS Sector 40;TESS Sector 41;TESS Sector 47;TESS Sector 49;TESS Sector 50;TESS Sector 51;TESS Sector 52;TESS Sector 53;TESS Sector 54;TESS Sector 55;TESS Sector 56;TESS Sector 57;TESS Sector 58;TESS Sector 59;TESS Sector 60;TESS Sector 73;TESS Sector 74;TESS Sector 75;TESS Sector 76;TESS Sector 77;TESS Sector 79;TESS Sector 80;TESS Sector 82;TESS Sector 83;TESS Sector 84;TESS Sector 85;TESS Sector 86,
1347.02,229747848,available,39,TESS Sector 14;TESS Sector 15;TESS Sector 16;TESS Sector 17;TESS Sector 19;TESS Sector 20;TESS Sector 21;TESS Sector 22;TESS Sector 23;TESS Sector 24;TESS Sector 25;TESS Sector 26;TESS Sector 40;TESS Sector 41;TESS Sector 47;TESS Sector 49;TESS Sector 50;TESS Sector 51;TESS Sector 52;TESS Sector 53;TESS Sector 54;TESS Sector 55;TESS Sector 56;TESS Sector 57;TESS Sector 58;TESS Sector 59;TESS Sector 60;TESS Sector 73;TESS Sector 74;TESS Sector 75;TESS Sector 76;TESS Sector 77;TESS Sector 79;TESS Sector 80;TESS Sector 82;TESS Sector 83;TESS Sector 84;TESS Sector 85;TESS Sector 86,
1348.01,229770036,available,30,TESS Sector 14;TESS Sector 15;TESS Sector 16;TESS Sector 17;TESS Sector 19;TESS Sector 20;TESS Sector 21;TESS Sector 22;TESS Sector 23;TESS Sector 24;TESS Sector 25;TESS Sector 26;TESS Sector 40;TESS Sector 41;TESS Sector 47;TESS Sector 49;TESS Sector 50;TESS Sector 51;TESS Sector 52;TESS Sector 53;TESS Sector 54;TESS Sector 55;TESS Sector 56;TESS Sector 57;TESS Sector 58;TESS Sector 59;TESS Sector 60;TESS Sector 84;TESS Sector 85;TESS Sector 86,
135.01,267263253,available,7,TESS Sector 01;TESS Sector 27;TESS Sector 28;TESS Sector 67;TESS Sector 68;TESS Sector 94;TESS Sector 95,
1353.01,279177746,available,6,TESS Sector 55;TESS Sector 56;TESS Sector 75;TESS Sector 76;TESS Sector 82;TESS Sector 83,
1354.01,365683032,available,5,TESS Sector 56;TESS Sector 75;TESS Sector 76;TESS Sector 82;TESS Sector 83,
1357.01,357972447,available,1,TESS Sector 55,
1358.01,275501623,available,2,TESS Sector 56;TESS Sector 57,
1359.01,416624606,available,1,TESS Sector 55,
136.01,410153553,available,11,TESS Sector 01;TESS Sector 101;TESS Sector 102;TESS Sector 103;TESS Sector 104;TESS Sector 27;TESS Sector 28;TESS Sector 67;TESS Sector 68;TESS Sector 94;TESS Sector 95,
1360.01,330468175,available,1,TESS Sector 55,
1363.01,230017325,available,30,TESS Sector 40;TESS Sector 41;TESS Sector 47;TESS Sector 48;TESS Sector 49;TESS Sector 50;TESS Sector 51;TESS Sector 52;TESS Sector 53;TESS Sector 54;TESS Sector 55;TESS Sector 56;TESS Sector 57;TESS Sector 58;TESS Sector 59;TESS Sector 60;TESS Sector 73;TESS Sector 74;TESS Sector 75;TESS Sector 76;TESS Sector 77;TESS Sector 78;TESS Sector 79;TESS Sector 80;TESS Sector 81;TESS Sector 82;TESS Sector 83;TESS Sector 84;TESS Sector 85;TESS Sector 86,
1365.01,367099243,available,1,TESS Sector 52,
1366.01,120602501,available,3,TESS Sector 16;TESS Sector 56;TESS Sector 83,
1367.01,129539786,not_found,0,,
1368.01,136971594,available,1,TESS Sector 55,
1369.01,155005217,available,3,TESS Sector 56;TESS Sector 57;TESS Sector 83,
137.01,176957796,available,13,TESS Sector 01;TESS Sector 02;TESS Sector 03;TESS Sector 04;TESS Sector 05;TESS Sector 07;TESS Sector 08;TESS Sector 09;TESS Sector 10;TESS Sector 11;TESS Sector 12;TESS Sector 13;TESS Sector 97,
1370.01,155114483,available,3,TESS Sector 17;TESS Sector 57;TESS Sector 83,
1372.01,164150539,available,1,TESS Sector 56,
1374.01,190430205,not_found,0,,
1375.01,190442486,not_found,0,,
1376.01,190743990,available,3,TESS Sector 56;TESS Sector 76;TESS Sector 83,
1377.01,240613164,not_found,0,,
1378.01,249812036,available,6,TESS Sector 56;TESS Sector 57;TESS Sector 76;TESS Sector 77;TESS Sector 83;TESS Sector 84,
1380.01,274170255,available,1,TESS Sector 55,
1382.01,276360911,available,3,TESS Sector 76;TESS Sector 77;TESS Sector 83,
1383.01,313506357,available,2,TESS Sector 17;TESS Sector 57,
1384.01,328167090,not_found,0,,
1385.01,329864959,available,8,TESS Sector 16;TESS Sector 17;TESS Sector 56;TESS Sector 57;TESS Sector 76;TESS Sector 77;TESS Sector 83;TESS Sector 84,
1386.01,343019899,available,6,TESS Sector 56;TESS Sector 57;TESS Sector 76;TESS Sector 77;TESS Sector 83;TESS Sector 84,
1387.01,343442463,available,1,TESS Sector 77,
139.01,62483237,available,4,TESS Sector 01;TESS Sector 28;TESS Sector 68;TESS Sector 95,
1390.01,365389353,not_found,0,,
1391.01,389182138,available,1,TESS Sector 77,
1392.01,416987878,not_found,0,,
1393.01,430528566,available,5,TESS Sector 56;TESS Sector 57;TESS Sector 76;TESS Sector 77;TESS Sector 83,
1394.01,431156009,available,4,TESS Sector 57;TESS Sector 76;TESS Sector 77;TESS Sector 83,
1395.01,468472950,available,5,TESS Sector 55;TESS Sector 56;TESS Sector 76;TESS Sector 82;TESS Sector 83,
1396.01,468845640,available,3,TESS Sector 76;TESS Sector 77;TESS Sector 83,
1397.01,64553698,not_found,0,,
1399.01,66783360,available,3,TESS Sector 57;TESS Sector 77;TESS Sector 83,
1400.01,258801269,available,21,TESS Sector 40;TESS Sector 47;TESS Sector 48;TESS Sector 49;TESS Sector 50;TESS Sector 51;TESS Sector 52;TESS Sector 53;TESS Sector 54;TESS Sector 55;TESS Sector 73;TESS Sector 74;TESS Sector 75;TESS Sector 76;TESS Sector 77;TESS Sector 78;TESS Sector 79;TESS Sector 80;TESS Sector 81;TESS Sector 82;TESS Sector 83,
1401.01,259126549,available,33,TESS Sector 23;TESS Sector 24;TESS Sector 25;TESS Sector 26;TESS Sector 40;TESS Sector 41;TESS Sector 47;TESS Sector 48;TESS Sector 49;TESS Sector 50;TESS Sector 51;TESS Sector 52;TESS Sector 53;TESS Sector 54;TESS Sector 55;TESS Sector 56;TESS Sector 57;TESS Sector 58;TESS Sector 59;TESS Sector 60;TESS Sector 73;TESS Sector 74;TESS Sector 75;TESS Sector 76;TESS Sector 77;TESS Sector 78;TESS Sector 80;TESS Sector 81;TESS Sector 82;TESS Sector 83;TESS Sector 84;TESS Sector 85;TESS Sector 86,
1402.01,259129875,available,9,TESS Sector 40;TESS Sector 47;TESS Sector 48;TESS Sector 49;TESS Sector 51;TESS Sector 52;TESS Sector 53;TESS Sector 54;TESS Sector 55,
1403.01,328750515,available,5,TESS Sector 56;TESS Sector 57;TESS Sector 76;TESS Sector 77;TESS Sector 83,
1405.01,387834907,available,16,TESS Sector 16;TESS Sector 17;TESS Sector 18;TESS Sector 52;TESS Sector 56;TESS Sector 57;TESS Sector 58;TESS Sector 59;TESS Sector 76;TESS Sector 77;TESS Sector 78;TESS Sector 79;TESS Sector 83;TESS Sector 84;TESS Sector 85;TESS Sector 86,
1406.01,231736113,available,5,TESS Sector 31;TESS Sector 32;TESS Sector 33;TESS Sector 87;TESS Sector 98,
1408.01,364186197,available,18,TESS Sector 16;TESS Sector 17;TESS Sector 18;TESS Sector 19;TESS Sector 24;TESS Sector 25;TESS Sector 52;TESS Sector 57;TESS Sector 58;TESS Sector 59;TESS Sector 73;TESS Sector 76;TESS Sector 77;TESS Sector 78;TESS Sector 79;TESS Sector 84;TESS Sector 85;TESS Sector 86,
141.01,403224672,available,7,TESS Sector 01;TESS Sector 103;TESS Sector 104;TESS Sector 27;TESS Sector 28;TESS Sector 68;TESS Sector 95,
1410.01,199444169,available,3,TESS Sector 16;TESS Sector 56;TESS Sector 83,
1411.01,116483514,available,7,TESS Sector 16;TESS Sector 23;TESS Sector 24;TESS Sector 50;TESS Sector 51;TESS Sector 77;TESS Sector 78,
1416.01,158025009,available,4,TESS Sector 16;TESS Sector 23;TESS Sector 50;TESS Sector 77,
1417.01,164173105,available,3,TESS Sector 16;TESS Sector 56;TESS Sector 83,
1418.01,224600500,available,27,TESS Sector 14;TESS Sector 15;TESS Sector 16;TESS Sector 17;TESS Sector 18;TESS Sector 19;TESS Sector 20;TESS Sector 21;TESS Sector 22;TESS Sector 23;TESS Sector 24;TESS Sector 25;TESS Sector 26;TESS Sector 40;TESS Sector 41;TESS Sector 47;TESS Sector 48;TESS Sector 49;TESS Sector 50;TESS Sector 51;TESS Sector 52;TESS Sector 53;TESS Sector 54;TESS Sector 55;TESS Sector 84;TESS Sector 85;TESS Sector 86,
1420.01,321857016,available,10,TESS Sector 16;TESS Sector 24;TESS Sector 56;TESS Sector 57;TESS Sector 58;TESS Sector 77;TESS Sector 78;TESS Sector 83;TESS Sector 84;TESS Sector 85,
1421.01,329277372,available,7,TESS Sector 16;TESS Sector 17;TESS Sector 56;TESS Sector 57;TESS Sector 76;TESS Sector 83;TESS Sector 84,
1422.01,333473672,available,4,TESS Sector 16;TESS Sector 17;TESS Sector 57;TESS Sector 84,
1423.01,346418409,available,4,TESS Sector 16;TESS Sector 56;TESS Sector 57;TESS Sector 83,
1424.01,418959198,available,3,TESS Sector 16;TESS Sector 56;TESS Sector 83,
1426.01,128501004,available,1,TESS Sector 56,
1427.01,2041563029,available,1,TESS Sector 57,
1428.01,377304435,available,3,TESS Sector 40;TESS Sector 49;TESS Sector 53,
1429.01,138968089,available,6,TESS Sector 14;TESS Sector 15;TESS Sector 74;TESS Sector 75;TESS Sector 81;TESS Sector 82,
1430.01,293954617,available,12,TESS Sector 14;TESS Sector 15;TESS Sector 16;TESS Sector 41;TESS Sector 54;TESS Sector 55;TESS Sector 56;TESS Sector 75;TESS Sector 76;TESS Sector 81;TESS Sector 82;TESS Sector 83,
1431.01,375506058,available,9,TESS Sector 15;TESS Sector 16;TESS Sector 55;TESS Sector 56;TESS Sector 57;TESS Sector 76;TESS Sector 77;TESS Sector 83;TESS Sector 84,
1437.01,198356533,available,42,TESS Sector 14;TESS Sector 15;TESS Sector 16;TESS Sector 17;TESS Sector 18;TESS Sector 19;TESS Sector 20;TESS Sector 21;TESS Sector 22;TESS Sector 23;TESS Sector 24;TESS Sector 25;TESS Sector 26;TESS Sector 40;TESS Sector 41;TESS Sector 47;TESS Sector 48;TESS Sector 49;TESS Sector 50;TESS Sector 51;TESS Sector 52;TESS Sector 53;TESS Sector 54;TESS Sector 55;TESS Sector 56;TESS Sector 57;TESS Sector 58;TESS Sector 59;TESS Sector 60;TESS Sector 73;TESS Sector 74;TESS Sector 75;TESS Sector 76;TESS Sector 77;TESS Sector 78;TESS Sector 79;TESS Sector 80;TESS Sector 81;TESS Sector 82;TESS Sector 83;TESS Sector 84;TESS Sector 86,
1438.01,229650439,available,38,TESS Sector 14;TESS Sector 15;TESS Sector 16;TESS Sector 17;TESS Sector 18;TESS Sector 19;TESS Sector 20;TESS Sector 21;TESS Sector 23;TESS Sector 24;TESS Sector 25;TESS Sector 26;TESS Sector 40;TESS Sector 41;TESS Sector 47;TESS Sector 48;TESS Sector 49;TESS Sector 50;TESS Sector 51;TESS Sector 53;TESS Sector 54;TESS Sector 55;TESS Sector 56;TESS Sector 57;TESS Sector 58;TESS Sector 60;TESS Sector 73;TESS Sector 74;TESS Sector 75;TESS Sector 76;TESS Sector 78;TESS Sector 79;TESS Sector 80;TESS Sector 81;TESS Sector 83;TESS Sector 84;TESS Sector 85;TESS Sector 86,
1438.02,229650439,available,38,TESS Sector 14;TESS Sector 15;TESS Sector 16;TESS Sector 17;TESS Sector 18;TESS Sector 19;TESS Sector 20;TESS Sector 21;TESS Sector 23;TESS Sector 24;TESS Sector 25;TESS Sector 26;TESS Sector 40;TESS Sector 41;TESS Sector 47;TESS Sector 48;TESS Sector 49;TESS Sector 50;TESS Sector 51;TESS Sector 53;TESS Sector 54;TESS Sector 55;TESS Sector 56;TESS Sector 57;TESS Sector 58;TESS Sector 60;TESS Sector 73;TESS Sector 74;TESS Sector 75;TESS Sector 76;TESS Sector 78;TESS Sector 79;TESS Sector 80;TESS Sector 81;TESS Sector 83;TESS Sector 84;TESS Sector 85;TESS Sector 86,
1439.01,232982558,available,43,TESS Sector 14;TESS Sector 15;TESS Sector 16;TESS Sector 17;TESS Sector 18;TESS Sector 19;TESS Sector 20;TESS Sector 21;TESS Sector 22;TESS Sector 23;TESS Sector 24;TESS Sector 25;TESS Sector 26;TESS Sector 40;TESS Sector 41;TESS Sector 47;TESS Sector 48;TESS Sector 49;TESS Sector 50;TESS Sector 51;TESS Sector 52;TESS Sector 53;TESS Sector 54;TESS Sector 55;TESS Sector 56;TESS Sector 57;TESS Sector 58;TESS Sector 59;TESS Sector 60;TESS Sector 73;TESS Sector 74;TESS Sector 75;TESS Sector 76;TESS Sector 77;TESS Sector 78;TESS Sector 79;TESS Sector 80;TESS Sector 81;TESS Sector 82;TESS Sector 83;TESS Sector 84;TESS Sector 85;TESS Sector 86,
144.01,261136679,available,24,TESS Sector 01;TESS Sector 04;TESS Sector 08;TESS Sector 11;TESS Sector 12;TESS Sector 13;TESS Sector 27;TESS Sector 28;TESS Sector 31;TESS Sector 34;TESS Sector 38;TESS Sector 39;TESS Sector 61;TESS Sector 62;TESS Sector 64;TESS Sector 65;TESS Sector 66;TESS Sector 67;TESS Sector 68;TESS Sector 88;TESS Sector 89;TESS Sector 93;TESS Sector 94;TESS Sector 95,
1442.01,235683377,available,43,TESS Sector 14;TESS Sector 15;TESS Sector 16;TESS Sector 17;TESS Sector 18;TESS Sector 19;TESS Sector 20;TESS Sector 21;TESS Sector 22;TESS Sector 23;TESS Sector 24;TESS Sector 25;TESS Sector 26;TESS Sector 40;TESS Sector 41;TESS Sector 47;TESS Sector 48;TESS Sector 49;TESS Sector 50;TESS Sector 51;TESS Sector 52;TESS Sector 53;TESS Sector 54;TESS Sector 55;TESS Sector 56;TESS Sector 57;TESS Sector 58;TESS Sector 59;TESS Sector 60;TESS Sector 73;TESS Sector 74;TESS Sector 75;TESS Sector 76;TESS Sector 77;TESS Sector 78;TESS Sector 79;TESS Sector 80;TESS Sector 81;TESS Sector 82;TESS Sector 83;TESS Sector 84;TESS Sector 85;TESS Sector 86,
1443.01,237232044,available,31,TESS Sector 14;TESS Sector 16;TESS Sector 17;TESS Sector 18;TESS Sector 19;TESS Sector 20;TESS Sector 23;TESS Sector 24;TESS Sector 25;TESS Sector 26;TESS Sector 40;TESS Sector 47;TESS Sector 49;TESS Sector 50;TESS Sector 52;TESS Sector 53;TESS Sector 54;TESS Sector 57;TESS Sector 58;TESS Sector 59;TESS Sector 60;TESS Sector 73;TESS Sector 74;TESS Sector 76;TESS Sector 77;TESS Sector 78;TESS Sector 79;TESS Sector 80;TESS Sector 84;TESS Sector 85;TESS Sector 86,
1444.01,258514800,available,24,TESS Sector 15;TESS Sector 16;TESS Sector 17;TESS Sector 18;TESS Sector 19;TESS Sector 22;TESS Sector 24;TESS Sector 25;TESS Sector 26;TESS Sector 49;TESS Sector 52;TESS Sector 56;TESS Sector 57;TESS Sector 58;TESS Sector 59;TESS Sector 60;TESS Sector 73;TESS Sector 76;TESS Sector 77;TESS Sector 78;TESS Sector 79;TESS Sector 84;TESS Sector 85;TESS Sector 86,
1447.01,298073824,available,11,TESS Sector 14;TESS Sector 15;TESS Sector 20;TESS Sector 21;TESS Sector 40;TESS Sector 41;TESS Sector 47;TESS Sector 48;TESS Sector 60;TESS Sector 74;TESS Sector 75,
1448.01,343628284,available,7,TESS Sector 15;TESS Sector 16;TESS Sector 57;TESS Sector 76;TESS Sector 77;TESS Sector 82;TESS Sector 84,
1449.01,356158613,available,9,TESS Sector 14;TESS Sector 15;TESS Sector 41;TESS Sector 54;TESS Sector 55;TESS Sector 74;TESS Sector 75;TESS Sector 81;TESS Sector 82,
1450.01,377293776,available,39,TESS Sector 14;TESS Sector 15;TESS Sector 16;TESS Sector 17;TESS Sector 19;TESS Sector 20;TESS Sector 21;TESS Sector 22;TESS Sector 23;TESS Sector 24;TESS Sector 25;TESS Sector 26;TESS Sector 40;TESS Sector 41;TESS Sector 47;TESS Sector 49;TESS Sector 50;TESS Sector 51;TESS Sector 52;TESS Sector 53;TESS Sector 54;TESS Sector 55;TESS Sector 56;TESS Sector 57;TESS Sector 58;TESS Sector 59;TESS Sector 60;TESS Sector 73;TESS Sector 74;TESS Sector 76;TESS Sector 77;TESS Sector 78;TESS Sector 79;TESS Sector 80;TESS Sector 81;TESS Sector 83;TESS Sector 84;TESS Sector 85;TESS Sector 86,
1451.01,417931607,available,7,TESS Sector 14;TESS Sector 15;TESS Sector 21;TESS Sector 22;TESS Sector 41;TESS Sector 48;TESS Sector 75,
1452.01,420112589,available,40,TESS Sector 14;TESS Sector 15;TESS Sector 16;TESS Sector 17;TESS Sector 19;TESS Sector 20;TESS Sector 21;TESS Sector 22;TESS Sector 23;TESS Sector 24;TESS Sector 25;TESS Sector 26;TESS Sector 40;TESS Sector 41;TESS Sector 47;TESS Sector 49;TESS Sector 50;TESS Sector 51;TESS Sector 52;TESS Sector 54;TESS Sector 55;TESS Sector 56;TESS Sector 57;TESS Sector 58;TESS Sector 59;TESS Sector 60;TESS Sector 73;TESS Sector 74;TESS Sector 75;TESS Sector 76;TESS Sector 77;TESS Sector 78;TESS Sector 79;TESS Sector 80;TESS Sector 81;TESS Sector 82;TESS Sector 83;TESS Sector 84;TESS Sector 85;TESS Sector 86,
1453.01,198390247,available,39,TESS Sector 14;TESS Sector 15;TESS Sector 16;TESS Sector 17;TESS Sector 19;TESS Sector 20;TESS Sector 21;TESS Sector 22;TESS Sector 23;TESS Sector 24;TESS Sector 25;TESS Sector 26;TESS Sector 40;TESS Sector 41;TESS Sector 47;TESS Sector 49;TESS Sector 50;TESS Sector 51;TESS Sector 52;TESS Sector 53;TESS Sector 54;TESS Sector 56;TESS Sector 57;TESS Sector 59;TESS Sector 60;TESS Sector 73;TESS Sector 74;TESS Sector 75;TESS Sector 76;TESS Sector 77;TESS Sector 78;TESS Sector 79;TESS Sector 80;TESS Sector 81;TESS Sector 82;TESS Sector 83;TESS Sector 84;TESS Sector 85;TESS Sector 86,
1453.02,198390247,available,39,TESS Sector 14;TESS Sector 15;TESS Sector 16;TESS Sector 17;TESS Sector 19;TESS Sector 20;TESS Sector 21;TESS Sector 22;TESS Sector 23;TESS Sector 24;TESS Sector 25;TESS Sector 26;TESS Sector 40;TESS Sector 41;TESS Sector 47;TESS Sector 49;TESS Sector 50;TESS Sector 51;TESS Sector 52;TESS Sector 53;TESS Sector 54;TESS Sector 56;TESS Sector 57;TESS Sector 59;TESS Sector 60;TESS Sector 73;TESS Sector 74;TESS Sector 75;TESS Sector 76;TESS Sector 77;TESS Sector 78;TESS Sector 79;TESS Sector 80;TESS Sector 81;TESS Sector 82;TESS Sector 83;TESS Sector 84;TESS Sector 85;TESS Sector 86,
1456.01,199376584,available,7,TESS Sector 14;TESS Sector 15;TESS Sector 41;TESS Sector 55;TESS Sector 75;TESS Sector 81;TESS Sector 82,
1459.01,16920150,available,2,TESS Sector 17;TESS Sector 57,
146.01,355636844,available,2,TESS Sector 28;TESS Sector 29,
1460.01,17005768,available,3,TESS Sector 17;TESS Sector 57;TESS Sector 84,
1462.01,188768068,available,21,TESS Sector 17;TESS Sector 20;TESS Sector 24;TESS Sector 25;TESS Sector 26;TESS Sector 40;TESS Sector 47;TESS Sector 50;TESS Sector 51;TESS Sector 53;TESS Sector 54;TESS Sector 57;TESS Sector 60;TESS Sector 74;TESS Sector 77;TESS Sector 78;TESS Sector 79;TESS Sector 80;TESS Sector 81;TESS Sector 84;TESS Sector 85,
1467.01,240968774,available,4,TESS Sector 17;TESS Sector 18;TESS Sector 58;TESS Sector 85,
1468.01,243185500,available,5,TESS Sector 17;TESS Sector 42;TESS Sector 43;TESS Sector 57;TESS Sector 84,
1468.02,243185500,available,5,TESS Sector 17;TESS Sector 42;TESS Sector 43;TESS Sector 57;TESS Sector 84,
147.01,220435095,available,28,TESS Sector 13;TESS Sector 27;TESS Sector 28;TESS Sector 29;TESS Sector 30;TESS Sector 32;TESS Sector 33;TESS Sector 34;TESS Sector 35;TESS Sector 36;TESS Sector 37;TESS Sector 38;TESS Sector 39;TESS Sector 62;TESS Sector 63;TESS Sector 64;TESS Sector 65;TESS Sector 66;TESS Sector 67;TESS Sector 68;TESS Sector 69;TESS Sector 87;TESS Sector 89;TESS Sector 90;TESS Sector 93;TESS Sector 94;TESS Sector 95;TESS Sector 96,
1470.01,284441182,available,6,TESS Sector 17;TESS Sector 18;TESS Sector 24;TESS Sector 58;TESS Sector 78;TESS Sector 85,
1471.01,306263608,available,6,TESS Sector 17;TESS Sector 42;TESS Sector 43;TESS Sector 70;TESS Sector 71;TESS Sector 85,
1471.02,306263608,available,6,TESS Sector 17;TESS Sector 42;TESS Sector 43;TESS Sector 70;TESS Sector 71;TESS Sector 85,
1472.01,306955329,available,5,TESS Sector 17;TESS Sector 57;TESS Sector 58;TESS Sector 84;TESS Sector 85,
1473.01,352413427,available,3,TESS Sector 17;TESS Sector 57;TESS Sector 84,
1474.01,427654774,available,7,TESS Sector 17;TESS Sector 18;TESS Sector 52;TESS Sector 57;TESS Sector 58;TESS Sector 77;TESS Sector 78,
1478.01,409794137,available,4,TESS Sector 34;TESS Sector 61;TESS Sector 88;TESS Sector 99,
1479.01,421308357,available,8,TESS Sector 40;TESS Sector 41;TESS Sector 47;TESS Sector 49;TESS Sector 50;TESS Sector 53;TESS Sector 54;TESS Sector 55,
148.01,393940766,available,3,TESS Sector 28;TESS Sector 68;TESS Sector 95,
1480.01,335483600,available,4,TESS Sector 57;TESS Sector 58;TESS Sector 77;TESS Sector 78,
1481.01,197650870,available,5,TESS Sector 56;TESS Sector 57;TESS Sector 76;TESS Sector 77;TESS Sector 83,
1483.01,452803785,not_found,0,,
1484.01,67309890,available,2,TESS Sector 77;TESS Sector 83,
1485.01,377191482,available,29,TESS Sector 16;TESS Sector 40;TESS Sector 41;TESS Sector 47;TESS Sector 49;TESS Sector 50;TESS Sector 51;TESS Sector 52;TESS Sector 53;TESS Sector 54;TESS Sector 55;TESS Sector 56;TESS Sector 57;TESS Sector 58;TESS Sector 59;TESS Sector 60;TESS Sector 73;TESS Sector 74;TESS Sector 75;TESS Sector 76;TESS Sector 78;TESS Sector 79;TESS Sector 80;TESS Sector 81;TESS Sector 82;TESS Sector 83;TESS Sector 84;TESS Sector 85;TESS Sector 86,
1486.01,233541860,available,29,TESS Sector 14;TESS Sector 15;TESS Sector 16;TESS Sector 17;TESS Sector 18;TESS Sector 19;TESS Sector 20;TESS Sector 21;TESS Sector 22;TESS Sector 23;TESS Sector 24;TESS Sector 25;TESS Sector 26;TESS Sector 40;TESS Sector 41;TESS Sector 47;TESS Sector 49;TESS Sector 50;TESS Sector 51;TESS Sector 52;TESS Sector 53;TESS Sector 54;TESS Sector 56;TESS Sector 57;TESS Sector 58;TESS Sector 59;TESS Sector 60;TESS Sector 84;TESS Sector 85,
1487.01,459978312,available,41,TESS Sector 14;TESS Sector 15;TESS Sector 16;TESS Sector 17;TESS Sector 18;TESS Sector 19;TESS Sector 20;TESS Sector 21;TESS Sector 22;TESS Sector 24;TESS Sector 25;TESS Sector 26;TESS Sector 40;TESS Sector 41;TESS Sector 47;TESS Sector 48;TESS Sector 49;TESS Sector 50;TESS Sector 51;TESS Sector 52;TESS Sector 53;TESS Sector 54;TESS Sector 55;TESS Sector 56;TESS Sector 57;TESS Sector 58;TESS Sector 59;TESS Sector 60;TESS Sector 74;TESS Sector 75;TESS Sector 76;TESS Sector 77;TESS Sector 78;TESS Sector 79;TESS Sector 80;TESS Sector 81;TESS Sector 82;TESS Sector 83;TESS Sector 84;TESS Sector 85;TESS Sector 86,
1488.01,198457103,available,42,TESS Sector 14;TESS Sector 15;TESS Sector 16;TESS Sector 17;TESS Sector 18;TESS Sector 19;TESS Sector 20;TESS Sector 21;TESS Sector 22;TESS Sector 23;TESS Sector 24;TESS Sector 26;TESS Sector 40;TESS Sector 41;TESS Sector 47;TESS Sector 48;TESS Sector 49;TESS Sector 50;TESS Sector 51;TESS Sector 52;TESS Sector 53;TESS Sector 54;TESS Sector 55;TESS Sector 56;TESS Sector 57;TESS Sector 58;TESS Sector 59;TESS Sector 60;TESS Sector 73;TESS Sector 74;TESS Sector 75;TESS Sector 76;TESS Sector 77;TESS Sector 78;TESS Sector 79;TESS Sector 80;TESS Sector 81;TESS Sector 82;TESS Sector 83;TESS Sector 84;TESS Sector 85;TESS Sector 86,
1489.01,219751469,available,21,TESS Sector 21;TESS Sector 40;TESS Sector 41;TESS Sector 47;TESS Sector 48;TESS Sector 49;TESS Sector 50;TESS Sector 51;TESS Sector 52;TESS Sector 53;TESS Sector 54;TESS Sector 55;TESS Sector 56;TESS Sector 57;TESS Sector 58;TESS Sector 59;TESS Sector 60;TESS Sector 78;TESS Sector 84;TESS Sector 85;TESS Sector 86,
1492.01,354594208,available,2,TESS Sector 17;TESS Sector 57,
1493.01,15692883,available,2,TESS Sector 57;TESS Sector 84,
1494.01,411608801,available,3,TESS Sector 42;TESS Sector 57;TESS Sector 84,
1495.01,431148743,not_found,0,,
1496.01,384045439,available,2,TESS Sector 77;TESS Sector 83,
1497.01,371673488,not_found,0,,
1498.01,316402246,not_found,0,,
1499.01,414870287,not_found,0,,
150.01,271893367,available,36,TESS Sector 09;TESS Sector 10;TESS Sector 11;TESS Sector 12;TESS Sector 13;TESS Sector 27;TESS Sector 28;TESS Sector 29;TESS Sector 30;TESS Sector 31;TESS Sector 32;TESS Sector 33;TESS Sector 34;TESS Sector 35;TESS Sector 36;TESS Sector 37;TESS Sector 39;TESS Sector 61;TESS Sector 62;TESS Sector 63;TESS Sector 64;TESS Sector 65;TESS Sector 66;TESS Sector 67;TESS Sector 68;TESS Sector 69;TESS Sector 87;TESS Sector 88;TESS Sector 89;TESS Sector 90;TESS Sector 93;TESS Sector 94;TESS Sector 95;TESS Sector 96;TESS Sector 97;TESS Sector 98,
1500.01,377420580,not_found,0,,
1501.01,329145325,not_found,0,,
1502.01,410528770,not_found,0,,
1503.01,428065977,not_found,0,,
1504.01,326114850,not_found,0,,
1505.01,331034236,available,5,TESS Sector 56;TESS Sector 57;TESS Sector 76;TESS Sector 77;TESS Sector 83,
1506.01,64836837,available,3,TESS Sector 57;TESS Sector 77;TESS Sector 83,
1507.01,430677414,available,7,TESS Sector 16;TESS Sector 17;TESS Sector 56;TESS Sector 57;TESS Sector 76;TESS Sector 77;TESS Sector 83,
1508.01,415741431,available,2,TESS Sector 57;TESS Sector 77,
1509.01,272828463,not_found,0,,
151.01,382302241,available,12,TESS Sector 27;TESS Sector 28;TESS Sector 29;TESS Sector 30;TESS Sector 31;TESS Sector 32;TESS Sector 33;TESS Sector 34;TESS Sector 36;TESS Sector 37;TESS Sector 38;TESS Sector 39,
1510.01,377739433,not_found,0,,
1511.01,376682699,available,2,TESS Sector 77;TESS Sector 78,
1512.01,434718964,available,4,TESS Sector 57;TESS Sector 58;TESS Sector 77;TESS Sector 78,
1513.01,269509393,not_found,0,,
1514.01,270238522,not_found,0,,
1515.01,470709084,available,1,TESS Sector 58,
1516.01,376637093,available,6,TESS Sector 57;TESS Sector 58;TESS Sector 77;TESS Sector 78;TESS Sector 84;TESS Sector 85,
1517.01,455962313,not_found,0,,
1518.01,427761355,available,5,TESS Sector 57;TESS Sector 58;TESS Sector 77;TESS Sector 84;TESS Sector 85,
1519.01,272049972,not_found,0,,
152.01,403287048,not_found,0,,
1520.01,269238073,available,6,TESS Sector 57;TESS Sector 58;TESS Sector 77;TESS Sector 78;TESS Sector 84;TESS Sector 85,
1521.01,366074069,available,2,TESS Sector 58;TESS Sector 78,
1522.01,367102581,available,5,TESS Sector 52;TESS Sector 53;TESS Sector 58;TESS Sector 59;TESS Sector 60,
1523.01,387413037,available,1,TESS Sector 52,
1524.01,314338017,not_found,0,,
1525.01,276380902,available,2,TESS Sector 41;TESS Sector 55,
1526.01,313761775,not_found,0,,
1529.01,312259170,not_found,0,,
1530.01,312469860,not_found,0,,
1533.01,345143460,available,5,TESS Sector 57;TESS Sector 77;TESS Sector 78;TESS Sector 84;TESS Sector 85,
1534.01,354600221,not_found,0,,
1535.01,420288086,not_found,0,,
1536.01,445137888,available,1,TESS Sector 58,
1539.01,252636888,available,1,TESS Sector 57,
154.01,389525208,available,2,TESS Sector 27;TESS Sector 67,
1540.01,318746829,not_found,0,,
1541.01,319068154,available,1,TESS Sector 77,
1542.01,367607434,available,3,TESS Sector 16;TESS Sector 17;TESS Sector 84,
1543.01,431585347,not_found,0,,
1545.01,127425841,not_found,0,,
1547.01,409520860,not_found,0,,
1548.01,440100539,available,2,TESS Sector 17;TESS Sector 57,
1549.01,191146556,not_found,0,,
1550.01,241065596,not_found,0,,
1552.01,326919774,available,4,TESS Sector 17;TESS Sector 18;TESS Sector 58;TESS Sector 85,
1555.01,441732151,available,37,TESS Sector 15;TESS Sector 16;TESS Sector 17;TESS Sector 18;TESS Sector 19;TESS Sector 20;TESS Sector 21;TESS Sector 22;TESS Sector 23;TESS Sector 24;TESS Sector 25;TESS Sector 26;TESS Sector 47;TESS Sector 48;TESS Sector 49;TESS Sector 50;TESS Sector 51;TESS Sector 52;TESS Sector 53;TESS Sector 55;TESS Sector 56;TESS Sector 58;TESS Sector 59;TESS Sector 60;TESS Sector 73;TESS Sector 74;TESS Sector 75;TESS Sector 76;TESS Sector 77;TESS Sector 78;TESS Sector 79;TESS Sector 80;TESS Sector 81;TESS Sector 82;TESS Sector 83;TESS Sector 85;TESS Sector 86,
1556.01,405794804,not_found,0,,
1557.01,320506985,not_found,0,,
1558.01,117322779,not_found,0,,
156.01,220518305,available,3,TESS Sector 28;TESS Sector 29;TESS Sector 30,
1561.01,245462406,not_found,0,,
1562.01,249862365,not_found,0,,
1566.01,256414077,not_found,0,,
1567.01,259151170,available,1,TESS Sector 58,
1568.01,284050395,available,1,TESS Sector 78,
1569.01,285666479,available,2,TESS Sector 58;TESS Sector 85,
157.01,140691463,available,35,TESS Sector 09;TESS Sector 11;TESS Sector 12;TESS Sector 13;TESS Sector 27;TESS Sector 28;TESS Sector 29;TESS Sector 30;TESS Sector 31;TESS Sector 32;TESS Sector 33;TESS Sector 34;TESS Sector 35;TESS Sector 36;TESS Sector 37;TESS Sector 38;TESS Sector 39;TESS Sector 61;TESS Sector 62;TESS Sector 63;TESS Sector 64;TESS Sector 65;TESS Sector 66;TESS Sector 67;TESS Sector 68;TESS Sector 69;TESS Sector 87;TESS Sector 88;TESS Sector 89;TESS Sector 90;TESS Sector 93;TESS Sector 94;TESS Sector 95;TESS Sector 96;TESS Sector 98,
1570.01,285674856,not_found,0,,
1571.01,285677945,available,2,TESS Sector 59;TESS Sector 86,
1572.01,292321872,available,2,TESS Sector 18;TESS Sector 58,
1574.01,307111282,available,1,TESS Sector 18,
1575.01,316254876,not_found,0,,
1576.01,327011842,available,2,TESS Sector 58;TESS Sector 85,
1577.01,332154944,not_found,0,,
1578.01,348135793,not_found,0,,
1579.01,354400186,not_found,0,,
158.01,403136413,available,1,TESS Sector 28,
1581.01,370759867,available,1,TESS Sector 85,
1582.01,374400599,available,1,TESS Sector 52,
1583.01,403256331,not_found,0,,
1584.01,418987806,not_found,0,,
1585.01,444415148,available,1,TESS Sector 78,
1587.01,458914949,not_found,0,,
1589.01,52041724,available,2,TESS Sector 24;TESS Sector 25,
159.01,394657039,available,11,TESS Sector 13;TESS Sector 28;TESS Sector 32;TESS Sector 39;TESS Sector 62;TESS Sector 66;TESS Sector 68;TESS Sector 89;TESS Sector 93;TESS Sector 94;TESS Sector 95,
1590.01,71854745,not_found,0,,
1591.01,82010657,not_found,0,,
1592.01,186599508,available,1,TESS Sector 18,
1593.01,192372961,available,1,TESS Sector 58,
1594.01,201154493,not_found,0,,
1595.01,385105624,not_found,0,,
1596.01,431899140,available,1,TESS Sector 59,
1597.01,68152139,not_found,0,,
160.01,253917293,not_found,0,,
1600.01,187029841,not_found,0,,
1601.01,139375960,available,1,TESS Sector 85,
1602.01,129991079,available,1,TESS Sector 58,
1604.01,118301361,not_found,0,,
1605.01,101037590,available,1,TESS Sector 58,
1607.01,26433869,not_found,0,,
1608.01,138017750,available,3,TESS Sector 18;TESS Sector 58;TESS Sector 85,
1609.01,229951289,available,25,TESS Sector 14;TESS Sector 16;TESS Sector 17;TESS Sector 18;TESS Sector 19;TESS Sector 20;TESS Sector 21;TESS Sector 22;TESS Sector 23;TESS Sector 24;TESS Sector 25;TESS Sector 26;TESS Sector 40;TESS Sector 41;TESS Sector 47;TESS Sector 48;TESS Sector 49;TESS Sector 50;TESS Sector 51;TESS Sector 52;TESS Sector 53;TESS Sector 54;TESS Sector 55;TESS Sector 84;TESS Sector 85,
1611.01,264678534,available,16,TESS Sector 18;TESS Sector 19;TESS Sector 20;TESS Sector 25;TESS Sector 26;TESS Sector 40;TESS Sector 52;TESS Sector 53;TESS Sector 58;TESS Sector 59;TESS Sector 60;TESS Sector 73;TESS Sector 78;TESS Sector 79;TESS Sector 85;TESS Sector 86,
1613.01,272625214,available,2,TESS Sector 57;TESS Sector 58,
1614.01,317397615,available,1,TESS Sector 52,
1615.01,317507345,available,7,TESS Sector 18;TESS Sector 52;TESS Sector 58;TESS Sector 59;TESS Sector 73;TESS Sector 78;TESS Sector 79,
1617.01,322202434,available,5,TESS Sector 16;TESS Sector 17;TESS Sector 18;TESS Sector 24;TESS Sector 25,
1618.01,376838000,not_found,0,,
1619.01,377144784,available,4,TESS Sector 57;TESS Sector 58;TESS Sector 77;TESS Sector 78,
1622.01,388076005,available,2,TESS Sector 18;TESS Sector 24,
1623.01,407394748,available,6,TESS Sector 52;TESS Sector 58;TESS Sector 59;TESS Sector 73;TESS Sector 78;TESS Sector 79,
1624.01,461387302,not_found,0,,
1625.01,470852531,not_found,0,,
163.01,179317684,available,34,TESS Sector 09;TESS Sector 10;TESS Sector 11;TESS Sector 12;TESS Sector 13;TESS Sector 27;TESS Sector 28;TESS Sector 29;TESS Sector 30;TESS Sector 31;TESS Sector 32;TESS Sector 33;TESS Sector 34;TESS Sector 35;TESS Sector 36;TESS Sector 37;TESS Sector 38;TESS Sector 39;TESS Sector 61;TESS Sector 62;TESS Sector 63;TESS Sector 64;TESS Sector 65;TESS Sector 66;TESS Sector 68;TESS Sector 69;TESS Sector 87;TESS Sector 89;TESS Sector 90;TESS Sector 93;TESS Sector 95;TESS Sector 96;TESS Sector 97;TESS Sector 98,
1630.01,317597583,available,11,TESS Sector 17;TESS Sector 18;TESS Sector 24;TESS Sector 25;TESS Sector 52;TESS Sector 58;TESS Sector 59;TESS Sector 78;TESS Sector 79;TESS Sector 85;TESS Sector 86,
1632.01,51024887,available,3,TESS Sector 18;TESS Sector 58;TESS Sector 59,
1633.01,165551882,available,30,TESS Sector 14;TESS Sector 15;TESS Sector 16;TESS Sector 17;TESS Sector 18;TESS Sector 20;TESS Sector 21;TESS Sector 22;TESS Sector 23;TESS Sector 24;TESS Sector 25;TESS Sector 26;TESS Sector 40;TESS Sector 41;TESS Sector 47;TESS Sector 48;TESS Sector 49;TESS Sector 50;TESS Sector 51;TESS Sector 52;TESS Sector 53;TESS Sector 54;TESS Sector 55;TESS Sector 56;TESS Sector 57;TESS Sector 58;TESS Sector 59;TESS Sector 60;TESS Sector 84;TESS Sector 85,
1634.01,201186294,available,2,TESS Sector 18;TESS Sector 86,
1635.01,230086768,available,37,TESS Sector 15;TESS Sector 16;TESS Sector 17;TESS Sector 18;TESS Sector 19;TESS Sector 20;TESS Sector 21;TESS Sector 22;TESS Sector 23;TESS Sector 24;TESS Sector 40;TESS Sector 41;TESS Sector 47;TESS Sector 48;TESS Sector 50;TESS Sector 51;TESS Sector 52;TESS Sector 53;TESS Sector 54;TESS Sector 55;TESS Sector 56;TESS Sector 57;TESS Sector 58;TESS Sector 59;TESS Sector 60;TESS Sector 73;TESS Sector 74;TESS Sector 75;TESS Sector 77;TESS Sector 78;TESS Sector 79;TESS Sector 80;TESS Sector 81;TESS Sector 82;TESS Sector 83;TESS Sector 84;TESS Sector 85,
1636.01,269892793,available,2,TESS Sector 18;TESS Sector 58,
1637.01,286355915,available,3,TESS Sector 18;TESS Sector 58;TESS Sector 85,
1639.01,348673213,available,1,TESS Sector 18,
164.01,79395355,not_found,0,,
1640.01,396562848,available,10,TESS Sector 18;TESS Sector 19;TESS Sector 25;TESS Sector 26;TESS Sector 52;TESS Sector 53;TESS Sector 59;TESS Sector 73;TESS Sector 79;TESS Sector 86,
1644.01,22843856,available,7,TESS Sector 18;TESS Sector 42;TESS Sector 43;TESS Sector 44;TESS Sector 58;TESS Sector 70;TESS Sector 71,
1645.01,184679932,available,3,TESS Sector 18;TESS Sector 58;TESS Sector 85,
1646.01,387527558,available,4,TESS Sector 17;TESS Sector 18;TESS Sector 49;TESS Sector 52,
1647.01,154927364,available,4,TESS Sector 40;TESS Sector 41;TESS Sector 47;TESS Sector 53,
1648.01,376353509,available,4,TESS Sector 52;TESS Sector 59;TESS Sector 79;TESS Sector 86,
1649.01,116608612,available,5,TESS Sector 43;TESS Sector 44;TESS Sector 45;TESS Sector 59;TESS Sector 73,
165.01,350743714,available,28,TESS Sector 03;TESS Sector 04;TESS Sector 05;TESS Sector 06;TESS Sector 07;TESS Sector 08;TESS Sector 09;TESS Sector 10;TESS Sector 11;TESS Sector 12;TESS Sector 13;TESS Sector 61;TESS Sector 62;TESS Sector 63;TESS Sector 64;TESS Sector 65;TESS Sector 66;TESS Sector 67;TESS Sector 68;TESS Sector 87;TESS Sector 88;TESS Sector 89;TESS Sector 93;TESS Sector 94;TESS Sector 95;TESS Sector 96;TESS Sector 97;TESS Sector 98,
1650.01,122485078,available,1,TESS Sector 73,
1652.01,154867950,available,9,TESS Sector 21;TESS Sector 40;TESS Sector 41;TESS Sector 47;TESS Sector 53;TESS Sector 59;TESS Sector 60;TESS Sector 74;TESS Sector 79,
1657.01,27677846,not_found,0,,
1658.01,286561122,available,1,TESS Sector 59,
1659.01,288631580,available,21,TESS Sector 14;TESS Sector 18;TESS Sector 19;TESS Sector 20;TESS Sector 24;TESS Sector 25;TESS Sector 26;TESS Sector 40;TESS Sector 41;TESS Sector 47;TESS Sector 52;TESS Sector 53;TESS Sector 58;TESS Sector 59;TESS Sector 60;TESS Sector 74;TESS Sector 78;TESS Sector 79;TESS Sector 81;TESS Sector 85;TESS Sector 86,
1660.01,311121985,available,3,TESS Sector 19;TESS Sector 59;TESS Sector 73,
1661.01,312122956,available,5,TESS Sector 43;TESS Sector 44;TESS Sector 45;TESS Sector 71;TESS Sector 72,
1662.01,339538183,not_found,0,,
1663.01,353367071,available,5,TESS Sector 43;TESS Sector 44;TESS Sector 45;TESS Sector 72;TESS Sector 73,
1665.01,354006740,not_found,0,,
1666.01,368536386,not_found,0,,
1667.01,409183335,not_found,0,,
1668.01,417705690,available,9,TESS Sector 19;TESS Sector 24;TESS Sector 25;TESS Sector 52;TESS Sector 58;TESS Sector 59;TESS Sector 73;TESS Sector 78;TESS Sector 79,
1669.01,428679607,available,11,TESS Sector 19;TESS Sector 20;TESS Sector 25;TESS Sector 26;TESS Sector 52;TESS Sector 53;TESS Sector 59;TESS Sector 60;TESS Sector 73;TESS Sector 79;TESS Sector 86,
1670.01,441739020,available,40,TESS Sector 15;TESS Sector 16;TESS Sector 18;TESS Sector 19;TESS Sector 20;TESS Sector 21;TESS Sector 22;TESS Sector 23;TESS Sector 24;TESS Sector 25;TESS Sector 26;TESS Sector 40;TESS Sector 41;TESS Sector 47;TESS Sector 48;TESS Sector 49;TESS Sector 50;TESS Sector 51;TESS Sector 52;TESS Sector 53;TESS Sector 55;TESS Sector 56;TESS Sector 57;TESS Sector 58;TESS Sector 59;TESS Sector 60;TESS Sector 73;TESS Sector 74;TESS Sector 75;TESS Sector 76;TESS Sector 77;TESS Sector 78;TESS Sector 79;TESS Sector 80;TESS Sector 81;TESS Sector 82;TESS Sector 83;TESS Sector 84;TESS Sector 85;TESS Sector 86,
1670.02,441739020,available,40,TESS Sector 15;TESS Sector 16;TESS Sector 18;TESS Sector 19;TESS Sector 20;TESS Sector 21;TESS Sector 22;TESS Sector 23;TESS Sector 24;TESS Sector 25;TESS Sector 26;TESS Sector 40;TESS Sector 41;TESS Sector 47;TESS Sector 48;TESS Sector 49;TESS Sector 50;TESS Sector 51;TESS Sector 52;TESS Sector 53;TESS Sector 55;TESS Sector 56;TESS Sector 57;TESS Sector 58;TESS Sector 59;TESS Sector 60;TESS Sector 73;TESS Sector 74;TESS Sector 75;TESS Sector 76;TESS Sector 77;TESS Sector 78;TESS Sector 79;TESS Sector 80;TESS Sector 81;TESS Sector 82;TESS Sector 83;TESS Sector 84;TESS Sector 85;TESS Sector 86,
1671.01,459903429,available,7,TESS Sector 40;TESS Sector 47;TESS Sector 52;TESS Sector 53;TESS Sector 73;TESS Sector 74;TESS Sector 79,
1672.01,468828873,not_found,0,,
1673.01,470315428,available,1,TESS Sector 59,
1674.01,73104318,not_found,0,,
1678.01,96291218,available,3,TESS Sector 43;TESS Sector 44;TESS Sector 71,
1679.01,9837861,not_found,0,,
1680.01,259168516,available,42,TESS Sector 14;TESS Sector 15;TESS Sector 16;TESS Sector 17;TESS Sector 18;TESS Sector 19;TESS Sector 20;TESS Sector 21;TESS Sector 22;TESS Sector 23;TESS Sector 24;TESS Sector 25;TESS Sector 26;TESS Sector 40;TESS Sector 41;TESS Sector 47;TESS Sector 48;TESS Sector 49;TESS Sector 50;TESS Sector 51;TESS Sector 52;TESS Sector 53;TESS Sector 54;TESS Sector 55;TESS Sector 56;TESS Sector 57;TESS Sector 58;TESS Sector 59;TESS Sector 73;TESS Sector 74;TESS Sector 75;TESS Sector 76;TESS Sector 77;TESS Sector 78;TESS Sector 79;TESS Sector 80;TESS Sector 81;TESS Sector 82;TESS Sector 83;TESS Sector 84;TESS Sector 85;TESS Sector 86,
1683.01,58542531,available,5,TESS Sector 19;TESS Sector 43;TESS Sector 44;TESS Sector 70;TESS Sector 71,
1685.01,28900646,available,3,TESS Sector 19;TESS Sector 59;TESS Sector 86,
1688.01,121966220,available,3,TESS Sector 19;TESS Sector 59;TESS Sector 86,
1689.01,198384408,available,37,TESS Sector 14;TESS Sector 15;TESS Sector 17;TESS Sector 18;TESS Sector 19;TESS Sector 20;TESS Sector 21;TESS Sector 22;TESS Sector 23;TESS Sector 24;TESS Sector 25;TESS Sector 26;TESS Sector 40;TESS Sector 41;TESS Sector 47;TESS Sector 49;TESS Sector 50;TESS Sector 51;TESS Sector 52;TESS Sector 53;TESS Sector 54;TESS Sector 56;TESS Sector 57;TESS Sector 59;TESS Sector 60;TESS Sector 73;TESS Sector 75;TESS Sector 76;TESS Sector 77;TESS Sector 78;TESS Sector 79;TESS Sector 80;TESS Sector 81;TESS Sector 83;TESS Sector 84;TESS Sector 85;TESS Sector 86,
169.01,183120439,available,6,TESS Sector 13;TESS Sector 27;TESS Sector 28;TESS Sector 67;TESS Sector 68;TESS Sector 95,
1690.01,267574918,available,23,TESS Sector 14;TESS Sector 15;TESS Sector 19;TESS Sector 22;TESS Sector 26;TESS Sector 40;TESS Sector 41;TESS Sector 49;TESS Sector 53;TESS Sector 54;TESS Sector 55;TESS Sector 56;TESS Sector 59;TESS Sector 73;TESS Sector 74;TESS Sector 75;TESS Sector 76;TESS Sector 79;TESS Sector 80;TESS Sector 81;TESS Sector 82;TESS Sector 83;TESS Sector 86,
1691.01,268334473,available,13,TESS Sector 19;TESS Sector 20;TESS Sector 25;TESS Sector 26;TESS Sector 40;TESS Sector 47;TESS Sector 52;TESS Sector 53;TESS Sector 59;TESS Sector 60;TESS Sector 73;TESS Sector 79;TESS Sector 86,
1693.01,353475866,available,6,TESS Sector 19;TESS Sector 43;TESS Sector 44;TESS Sector 45;TESS Sector 72;TESS Sector 73,
1694.01,396740648,available,2,TESS Sector 19;TESS Sector 20,
1695.01,422756130,available,11,TESS Sector 18;TESS Sector 19;TESS Sector 24;TESS Sector 25;TESS Sector 52;TESS Sector 58;TESS Sector 59;TESS Sector 78;TESS Sector 79;TESS Sector 85;TESS Sector 86,
1696.01,470381900,available,2,TESS Sector 19;TESS Sector 59,
1700.01,23650642,available,1,TESS Sector 47,
1702.01,371210825,available,6,TESS Sector 44;TESS Sector 45;TESS Sector 46;TESS Sector 47;TESS Sector 71;TESS Sector 72,
1704.01,95129101,available,6,TESS Sector 44;TESS Sector 45;TESS Sector 46;TESS Sector 47;TESS Sector 71;TESS Sector 72,
1705.01,137500798,available,7,TESS Sector 40;TESS Sector 47;TESS Sector 53;TESS Sector 59;TESS Sector 60;TESS Sector 73;TESS Sector 74,
1707.01,240148934,available,3,TESS Sector 43;TESS Sector 44;TESS Sector 45,
171.02,309257814,available,16,TESS Sector 10;TESS Sector 28;TESS Sector 31;TESS Sector 35;TESS Sector 36;TESS Sector 37;TESS Sector 38;TESS Sector 61;TESS Sector 62;TESS Sector 63;TESS Sector 64;TESS Sector 68;TESS Sector 88;TESS Sector 89;TESS Sector 90;TESS Sector 95,
1710.01,445805961,available,9,TESS Sector 19;TESS Sector 20;TESS Sector 26;TESS Sector 40;TESS Sector 53;TESS Sector 59;TESS Sector 60;TESS Sector 73;TESS Sector 79,
1711.01,461662295,available,3,TESS Sector 20;TESS Sector 47;TESS Sector 60,
1712.01,67926921,available,1,TESS Sector 47,
1715.01,142090065,available,11,TESS Sector 19;TESS Sector 20;TESS Sector 25;TESS Sector 26;TESS Sector 40;TESS Sector 52;TESS Sector 53;TESS Sector 59;TESS Sector 60;TESS Sector 79;TESS Sector 86,
1716.01,14336130,available,4,TESS Sector 20;TESS Sector 47;TESS Sector 60;TESS Sector 73,
172.01,29857954,available,4,TESS Sector 28;TESS Sector 68;TESS Sector 92;TESS Sector 95,
1723.01,71431780,available,5,TESS Sector 20;TESS Sector 26;TESS Sector 47;TESS Sector 73;TESS Sector 74,
1724.01,81212286,available,3,TESS Sector 20;TESS Sector 47;TESS Sector 74,
1726.01,130181866,available,6,TESS Sector 20;TESS Sector 44;TESS Sector 45;TESS Sector 46;TESS Sector 47;TESS Sector 72,
1726.02,130181866,available,6,TESS Sector 20;TESS Sector 44;TESS Sector 45;TESS Sector 46;TESS Sector 47;TESS Sector 72,
1728.01,285048486,available,3,TESS Sector 20;TESS Sector 47;TESS Sector 74,
1729.01,298666530,available,36,TESS Sector 16;TESS Sector 17;TESS Sector 18;TESS Sector 19;TESS Sector 20;TESS Sector 21;TESS Sector 22;TESS Sector 23;TESS Sector 24;TESS Sector 25;TESS Sector 26;TESS Sector 40;TESS Sector 41;TESS Sector 47;TESS Sector 48;TESS Sector 49;TESS Sector 50;TESS Sector 51;TESS Sector 52;TESS Sector 53;TESS Sector 55;TESS Sector 56;TESS Sector 57;TESS Sector 58;TESS Sector 59;TESS Sector 60;TESS Sector 73;TESS Sector 75;TESS Sector 77;TESS Sector 78;TESS Sector 80;TESS Sector 82;TESS Sector 83;TESS Sector 84;TESS Sector 85;TESS Sector 86,
1730.01,318022259,available,3,TESS Sector 20;TESS Sector 47;TESS Sector 60,
1730.02,318022259,available,3,TESS Sector 20;TESS Sector 47;TESS Sector 60,
1730.03,318022259,available,3,TESS Sector 20;TESS Sector 47;TESS Sector 60,
1733.01,53427308,available,1,TESS Sector 47,
1736.01,408618999,available,8,TESS Sector 18;TESS Sector 19;TESS Sector 25;TESS Sector 52;TESS Sector 58;TESS Sector 59;TESS Sector 79;TESS Sector 86,
1739.01,159418353,available,17,TESS Sector 14;TESS Sector 19;TESS Sector 20;TESS Sector 21;TESS Sector 25;TESS Sector 26;TESS Sector 40;TESS Sector 41;TESS Sector 47;TESS Sector 52;TESS Sector 53;TESS Sector 59;TESS Sector 73;TESS Sector 74;TESS Sector 75;TESS Sector 79;TESS Sector 86,
174.01,425997655,available,15,TESS Sector 01;TESS Sector 02;TESS Sector 03;TESS Sector 04;TESS Sector 11;TESS Sector 29;TESS Sector 30;TESS Sector 31;TESS Sector 34;TESS Sector 64;TESS Sector 68;TESS Sector 69;TESS Sector 95;TESS Sector 96;TESS Sector 97,
174.02,425997655,available,15,TESS Sector 01;TESS Sector 02;TESS Sector 03;TESS Sector 04;TESS Sector 11;TESS Sector 29;TESS Sector 30;TESS Sector 31;TESS Sector 34;TESS Sector 64;TESS Sector 68;TESS Sector 69;TESS Sector 95;TESS Sector 96;TESS Sector 97,
174.03,425997655,available,15,TESS Sector 01;TESS Sector 02;TESS Sector 03;TESS Sector 04;TESS Sector 11;TESS Sector 29;TESS Sector 30;TESS Sector 31;TESS Sector 34;TESS Sector 64;TESS Sector 68;TESS Sector 69;TESS Sector 95;TESS Sector 96;TESS Sector 97,
174.04,425997655,available,15,TESS Sector 01;TESS Sector 02;TESS Sector 03;TESS Sector 04;TESS Sector 11;TESS Sector 29;TESS Sector 30;TESS Sector 31;TESS Sector 34;TESS Sector 64;TESS Sector 68;TESS Sector 69;TESS Sector 95;TESS Sector 96;TESS Sector 97,
174.05,425997655,available,15,TESS Sector 01;TESS Sector 02;TESS Sector 03;TESS Sector 04;TESS Sector 11;TESS Sector 29;TESS Sector 30;TESS Sector 31;TESS Sector 34;TESS Sector 64;TESS Sector 68;TESS Sector 69;TESS Sector 95;TESS Sector 96;TESS Sector 97,
1742.01,219857012,available,39,TESS Sector 15;TESS Sector 16;TESS Sector 17;TESS Sector 18;TESS Sector 19;TESS Sector 20;TESS Sector 21;TESS Sector 22;TESS Sector 23;TESS Sector 24;TESS Sector 25;TESS Sector 26;TESS Sector 40;TESS Sector 47;TESS Sector 48;TESS Sector 49;TESS Sector 50;TESS Sector 51;TESS Sector 52;TESS Sector 53;TESS Sector 54;TESS Sector 55;TESS Sector 56;TESS Sector 58;TESS Sector 59;TESS Sector 60;TESS Sector 73;TESS Sector 74;TESS Sector 75;TESS Sector 76;TESS Sector 77;TESS Sector 78;TESS Sector 79;TESS Sector 80;TESS Sector 81;TESS Sector 82;TESS Sector 83;TESS Sector 85;TESS Sector 86,
1743.01,219860288,available,39,TESS Sector 15;TESS Sector 16;TESS Sector 17;TESS Sector 18;TESS Sector 19;TESS Sector 20;TESS Sector 21;TESS Sector 22;TESS Sector 23;TESS Sector 24;TESS Sector 25;TESS Sector 26;TESS Sector 40;TESS Sector 47;TESS Sector 48;TESS Sector 49;TESS Sector 50;TESS Sector 51;TESS Sector 52;TESS Sector 53;TESS Sector 54;TESS Sector 55;TESS Sector 56;TESS Sector 58;TESS Sector 59;TESS Sector 60;TESS Sector 73;TESS Sector 74;TESS Sector 75;TESS Sector 76;TESS Sector 77;TESS Sector 78;TESS Sector 79;TESS Sector 80;TESS Sector 81;TESS Sector 82;TESS Sector 83;TESS Sector 85;TESS Sector 86,
1744.01,229455001,available,38,TESS Sector 14;TESS Sector 15;TESS Sector 16;TESS Sector 17;TESS Sector 18;TESS Sector 19;TESS Sector 20;TESS Sector 21;TESS Sector 23;TESS Sector 25;TESS Sector 26;TESS Sector 40;TESS Sector 41;TESS Sector 47;TESS Sector 48;TESS Sector 49;TESS Sector 50;TESS Sector 51;TESS Sector 53;TESS Sector 54;TESS Sector 55;TESS Sector 56;TESS Sector 57;TESS Sector 58;TESS Sector 59;TESS Sector 60;TESS Sector 73;TESS Sector 74;TESS Sector 75;TESS Sector 76;TESS Sector 77;TESS Sector 80;TESS Sector 81;TESS Sector 82;TESS Sector 83;TESS Sector 84;TESS Sector 85;TESS Sector 86,
1749.01,233602827,available,37,TESS Sector 14;TESS Sector 15;TESS Sector 16;TESS Sector 17;TESS Sector 18;TESS Sector 19;TESS Sector 20;TESS Sector 21;TESS Sector 23;TESS Sector 24;TESS Sector 25;TESS Sector 26;TESS Sector 40;TESS Sector 41;TESS Sector 47;TESS Sector 48;TESS Sector 49;TESS Sector 50;TESS Sector 51;TESS Sector 52;TESS Sector 53;TESS Sector 54;TESS Sector 55;TESS Sector 57;TESS Sector 58;TESS Sector 59;TESS Sector 60;TESS Sector 74;TESS Sector 77;TESS Sector 78;TESS Sector 79;TESS Sector 80;TESS Sector 81;TESS Sector 82;TESS Sector 84;TESS Sector 85;TESS Sector 86,
1749.02,233602827,available,37,TESS Sector 14;TESS Sector 15;TESS Sector 16;TESS Sector 17;TESS Sector 18;TESS Sector 19;TESS Sector 20;TESS Sector 21;TESS Sector 23;TESS Sector 24;TESS Sector 25;TESS Sector 26;TESS Sector 40;TESS Sector 41;TESS Sector 47;TESS Sector 48;TESS Sector 49;TESS Sector 50;TESS Sector 51;TESS Sector 52;TESS Sector 53;TESS Sector 54;TESS Sector 55;TESS Sector 57;TESS Sector 58;TESS Sector 59;TESS Sector 60;TESS Sector 74;TESS Sector 77;TESS Sector 78;TESS Sector 79;TESS Sector 80;TESS Sector 81;TESS Sector 82;TESS Sector 84;TESS Sector 85;TESS Sector 86,
175.01,307210830,available,27,TESS Sector 02;TESS Sector 05;TESS Sector 08;TESS Sector 09;TESS Sector 10;TESS Sector 11;TESS Sector 12;TESS Sector 28;TESS Sector 29;TESS Sector 32;TESS Sector 35;TESS Sector 36;TESS Sector 37;TESS Sector 38;TESS Sector 39;TESS Sector 61;TESS Sector 62;TESS Sector 63;TESS Sector 64;TESS Sector 65;TESS Sector 69;TESS Sector 87;TESS Sector 88;TESS Sector 89;TESS Sector 90;TESS Sector 96;TESS Sector 98,
175.02,307210830,available,27,TESS Sector 02;TESS Sector 05;TESS Sector 08;TESS Sector 09;TESS Sector 10;TESS Sector 11;TESS Sector 12;TESS Sector 28;TESS Sector 29;TESS Sector 32;TESS Sector 35;TESS Sector 36;TESS Sector 37;TESS Sector 38;TESS Sector 39;TESS Sector 61;TESS Sector 62;TESS Sector 63;TESS Sector 64;TESS Sector 65;TESS Sector 69;TESS Sector 87;TESS Sector 88;TESS Sector 89;TESS Sector 90;TESS Sector 96;TESS Sector 98,
175.03,307210830,available,27,TESS Sector 02;TESS Sector 05;TESS Sector 08;TESS Sector 09;TESS Sector 10;TESS Sector 11;TESS Sector 12;TESS Sector 28;TESS Sector 29;TESS Sector 32;TESS Sector 35;TESS Sector 36;TESS Sector 37;TESS Sector 38;TESS Sector 39;TESS Sector 61;TESS Sector 62;TESS Sector 63;TESS Sector 64;TESS Sector 65;TESS Sector 69;TESS Sector 87;TESS Sector 88;TESS Sector 89;TESS Sector 90;TESS Sector 96;TESS Sector 98,
1751.01,287080092,available,38,TESS Sector 15;TESS Sector 17;TESS Sector 18;TESS Sector 19;TESS Sector 20;TESS Sector 21;TESS Sector 22;TESS Sector 23;TESS Sector 24;TESS Sector 25;TESS Sector 26;TESS Sector 40;TESS Sector 41;TESS Sector 47;TESS Sector 48;TESS Sector 49;TESS Sector 50;TESS Sector 51;TESS Sector 52;TESS Sector 53;TESS Sector 54;TESS Sector 55;TESS Sector 56;TESS Sector 57;TESS Sector 58;TESS Sector 59;TESS Sector 74;TESS Sector 75;TESS Sector 76;TESS Sector 77;TESS Sector 78;TESS Sector 79;TESS Sector 81;TESS Sector 82;TESS Sector 83;TESS Sector 84;TESS Sector 85;TESS Sector 86,
1752.01,287139872,available,42,TESS Sector 14;TESS Sector 15;TESS Sector 16;TESS Sector 17;TESS Sector 18;TESS Sector 19;TESS Sector 20;TESS Sector 21;TESS Sector 22;TESS Sector 23;TESS Sector 24;TESS Sector 25;TESS Sector 26;TESS Sector 40;TESS Sector 41;TESS Sector 47;TESS Sector 48;TESS Sector 49;TESS Sector 50;TESS Sector 51;TESS Sector 52;TESS Sector 53;TESS Sector 55;TESS Sector 56;TESS Sector 57;TESS Sector 58;TESS Sector 59;TESS Sector 60;TESS Sector 73;TESS Sector 74;TESS Sector 75;TESS Sector 76;TESS Sector 77;TESS Sector 78;TESS Sector 79;TESS Sector 80;TESS Sector 81;TESS Sector 82;TESS Sector 83;TESS Sector 84;TESS Sector 85;TESS Sector 86,
1752.02,287139872,available,42,TESS Sector 14;TESS Sector 15;TESS Sector 16;TESS Sector 17;TESS Sector 18;TESS Sector 19;TESS Sector 20;TESS Sector 21;TESS Sector 22;TESS Sector 23;TESS Sector 24;TESS Sector 25;TESS Sector 26;TESS Sector 40;TESS Sector 41;TESS Sector 47;TESS Sector 48;TESS Sector 49;TESS Sector 50;TESS Sector 51;TESS Sector 52;TESS Sector 53;TESS Sector 55;TESS Sector 56;TESS Sector 57;TESS Sector 58;TESS Sector 59;TESS Sector 60;TESS Sector 73;TESS Sector 74;TESS Sector 75;TESS Sector 76;TESS Sector 77;TESS Sector 78;TESS Sector 79;TESS Sector 80;TESS Sector 81;TESS Sector 82;TESS Sector 83;TESS Sector 84;TESS Sector 85;TESS Sector 86,
1753.01,289580577,available,39,TESS Sector 14;TESS Sector 15;TESS Sector 16;TESS Sector 18;TESS Sector 19;TESS Sector 20;TESS Sector 21;TESS Sector 22;TESS Sector 23;TESS Sector 24;TESS Sector 25;TESS Sector 26;TESS Sector 40;TESS Sector 41;TESS Sector 47;TESS Sector 48;TESS Sector 49;TESS Sector 50;TESS Sector 51;TESS Sector 52;TESS Sector 53;TESS Sector 54;TESS Sector 55;TESS Sector 56;TESS Sector 58;TESS Sector 59;TESS Sector 60;TESS Sector 73;TESS Sector 74;TESS Sector 75;TESS Sector 76;TESS Sector 77;TESS Sector 78;TESS Sector 79;TESS Sector 80;TESS Sector 82;TESS Sector 83;TESS Sector 85;TESS Sector 86,
1758.01,367858035,available,11,TESS Sector 18;TESS Sector 19;TESS Sector 24;TESS Sector 25;TESS Sector 52;TESS Sector 58;TESS Sector 59;TESS Sector 78;TESS Sector 79;TESS Sector 85;TESS Sector 86,
1759.01,408636441,available,10,TESS Sector 16;TESS Sector 17;TESS Sector 24;TESS Sector 56;TESS Sector 57;TESS Sector 58;TESS Sector 76;TESS Sector 77;TESS Sector 78;TESS Sector 85,
176.01,272086159,available,32,TESS Sector 02;TESS Sector 03;TESS Sector 04;TESS Sector 05;TESS Sector 06;TESS Sector 07;TESS Sector 08;TESS Sector 09;TESS Sector 10;TESS Sector 12;TESS Sector 13;TESS Sector 27;TESS Sector 28;TESS Sector 29;TESS Sector 30;TESS Sector 32;TESS Sector 33;TESS Sector 34;TESS Sector 35;TESS Sector 36;TESS Sector 37;TESS Sector 38;TESS Sector 39;TESS Sector 87;TESS Sector 88;TESS Sector 89;TESS Sector 90;TESS Sector 93;TESS Sector 94;TESS Sector 95;TESS Sector 96;TESS Sector 97,
1760.01,420112587,available,40,TESS Sector 14;TESS Sector 15;TESS Sector 16;TESS Sector 17;TESS Sector 19;TESS Sector 20;TESS Sector 21;TESS Sector 22;TESS Sector 23;TESS Sector 24;TESS Sector 25;TESS Sector 26;TESS Sector 40;TESS Sector 41;TESS Sector 47;TESS Sector 49;TESS Sector 50;TESS Sector 51;TESS Sector 52;TESS Sector 54;TESS Sector 55;TESS Sector 56;TESS Sector 57;TESS Sector 58;TESS Sector 59;TESS Sector 60;TESS Sector 73;TESS Sector 74;TESS Sector 75;TESS Sector 76;TESS Sector 77;TESS Sector 78;TESS Sector 79;TESS Sector 80;TESS Sector 81;TESS Sector 82;TESS Sector 83;TESS Sector 84;TESS Sector 85;TESS Sector 86,
1768.01,137906197,available,4,TESS Sector 21;TESS Sector 48;TESS Sector 74;TESS Sector 75,
177.01,262530407,available,7,TESS Sector 02;TESS Sector 03;TESS Sector 103;TESS Sector 104;TESS Sector 29;TESS Sector 69;TESS Sector 96,
1770.01,457138169,available,2,TESS Sector 21;TESS Sector 47,
1772.01,85293053,available,2,TESS Sector 21;TESS Sector 48,
1774.01,4897275,available,2,TESS Sector 21;TESS Sector 48,
1775.01,9348006,available,2,TESS Sector 21;TESS Sector 48,
1776.01,21535395,available,2,TESS Sector 21;TESS Sector 48,
1777.01,29191624,available,2,TESS Sector 21;TESS Sector 48,
1778.01,39699648,available,2,TESS Sector 21;TESS Sector 47,
178.01,251848941,available,3,TESS Sector 02;TESS Sector 29;TESS Sector 69,
178.02,251848941,available,3,TESS Sector 02;TESS Sector 29;TESS Sector 69,
178.03,251848941,available,3,TESS Sector 02;TESS Sector 29;TESS Sector 69,
1782.01,160045097,available,11,TESS Sector 14;TESS Sector 20;TESS Sector 21;TESS Sector 22;TESS Sector 40;TESS Sector 41;TESS Sector 47;TESS Sector 48;TESS Sector 53;TESS Sector 60;TESS Sector 75,
1782.02,160045097,available,11,TESS Sector 14;TESS Sector 20;TESS Sector 21;TESS Sector 22;TESS Sector 40;TESS Sector 41;TESS Sector 47;TESS Sector 48;TESS Sector 53;TESS Sector 60;TESS Sector 75,
1786.01,86280613,available,2,TESS Sector 47;TESS Sector 74,
1788.01,450327768,available,1,TESS Sector 48,
1789.01,172518755,available,4,TESS Sector 44;TESS Sector 45;TESS Sector 46;TESS Sector 48,
179.01,207141131,available,6,TESS Sector 02;TESS Sector 03;TESS Sector 29;TESS Sector 30;TESS Sector 96;TESS Sector 97,
1790.01,310981412,available,7,TESS Sector 14;TESS Sector 20;TESS Sector 21;TESS Sector 40;TESS Sector 41;TESS Sector 47;TESS Sector 48,
1791.01,233684293,available,42,TESS Sector 14;TESS Sector 15;TESS Sector 16;TESS Sector 17;TESS Sector 18;TESS Sector 19;TESS Sector 20;TESS Sector 21;TESS Sector 22;TESS Sector 23;TESS Sector 25;TESS Sector 26;TESS Sector 40;TESS Sector 41;TESS Sector 47;TESS Sector 48;TESS Sector 49;TESS Sector 50;TESS Sector 51;TESS Sector 52;TESS Sector 53;TESS Sector 54;TESS Sector 55;TESS Sector 56;TESS Sector 57;TESS Sector 58;TESS Sector 59;TESS Sector 60;TESS Sector 73;TESS Sector 74;TESS Sector 75;TESS Sector 76;TESS Sector 77;TESS Sector 78;TESS Sector 79;TESS Sector 80;TESS Sector 81;TESS Sector 82;TESS Sector 83;TESS Sector 84;TESS Sector 85;TESS Sector 86,
1793.01,304142124,available,6,TESS Sector 10;TESS Sector 37;TESS Sector 63;TESS Sector 64;TESS Sector 90;TESS Sector 99,
1794.01,286916251,available,6,TESS Sector 15;TESS Sector 16;TESS Sector 22;TESS Sector 23;TESS Sector 49;TESS Sector 76,
1795.01,135083444,available,2,TESS Sector 22;TESS Sector 49,
1797.01,368435330,available,2,TESS Sector 22;TESS Sector 48,
1797.02,368435330,available,2,TESS Sector 22;TESS Sector 48,
1798.01,198153540,available,7,TESS Sector 16;TESS Sector 22;TESS Sector 23;TESS Sector 49;TESS Sector 50;TESS Sector 76;TESS Sector 77,
1798.02,198153540,available,7,TESS Sector 16;TESS Sector 22;TESS Sector 23;TESS Sector 49;TESS Sector 50;TESS Sector 76;TESS Sector 77,
1799.01,8967242,available,2,TESS Sector 22;TESS Sector 48,
1801.01,119584412,available,2,TESS Sector 22;TESS Sector 49,
1806.01,166648874,available,2,TESS Sector 22;TESS Sector 48,
1807.01,180695581,available,4,TESS Sector 22;TESS Sector 23;TESS Sector 49;TESS Sector 76,
1808.01,307734817,available,2,TESS Sector 22;TESS Sector 49,
181.01,76923707,available,4,TESS Sector 02;TESS Sector 29;TESS Sector 69;TESS Sector 96,
1811.01,376524552,available,2,TESS Sector 22;TESS Sector 49,
1813.01,377290815,available,6,TESS Sector 40;TESS Sector 41;TESS Sector 47;TESS Sector 49;TESS Sector 50;TESS Sector 53,
1815.01,233720539,available,27,TESS Sector 40;TESS Sector 47;TESS Sector 48;TESS Sector 49;TESS Sector 50;TESS Sector 52;TESS Sector 53;TESS Sector 54;TESS Sector 55;TESS Sector 56;TESS Sector 57;TESS Sector 58;TESS Sector 59;TESS Sector 60;TESS Sector 73;TESS Sector 74;TESS Sector 75;TESS Sector 76;TESS Sector 77;TESS Sector 78;TESS Sector 79;TESS Sector 80;TESS Sector 81;TESS Sector 83;TESS Sector 84;TESS Sector 85;TESS Sector 86,
1816.01,237108272,available,22,TESS Sector 14;TESS Sector 15;TESS Sector 18;TESS Sector 19;TESS Sector 20;TESS Sector 21;TESS Sector 22;TESS Sector 24;TESS Sector 25;TESS Sector 26;TESS Sector 40;TESS Sector 41;TESS Sector 47;TESS Sector 48;TESS Sector 49;TESS Sector 51;TESS Sector 52;TESS Sector 53;TESS Sector 54;TESS Sector 55;TESS Sector 85;TESS Sector 86,
1819.01,341815767,available,30,TESS Sector 14;TESS Sector 15;TESS Sector 16;TESS Sector 17;TESS Sector 18;TESS Sector 19;TESS Sector 20;TESS Sector 21;TESS Sector 22;TESS Sector 23;TESS Sector 24;TESS Sector 25;TESS Sector 26;TESS Sector 40;TESS Sector 41;TESS Sector 47;TESS Sector 48;TESS Sector 50;TESS Sector 51;TESS Sector 52;TESS Sector 53;TESS Sector 54;TESS Sector 55;TESS Sector 56;TESS Sector 57;TESS Sector 58;TESS Sector 60;TESS Sector 84;TESS Sector 85;TESS Sector 86,
1820.01,393831507,available,1,TESS Sector 49,
1823.01,142381532,available,9,TESS Sector 14;TESS Sector 15;TESS Sector 21;TESS Sector 22;TESS Sector 41;TESS Sector 48;TESS Sector 49;TESS Sector 75;TESS Sector 76,
1824.01,142387023,available,7,TESS Sector 21;TESS Sector 22;TESS Sector 41;TESS Sector 48;TESS Sector 49;TESS Sector 75;TESS Sector 76,
1826.01,229400092,available,30,TESS Sector 23;TESS Sector 24;TESS Sector 25;TESS Sector 26;TESS Sector 41;TESS Sector 47;TESS Sector 48;TESS Sector 49;TESS Sector 50;TESS Sector 51;TESS Sector 52;TESS Sector 53;TESS Sector 54;TESS Sector 55;TESS Sector 57;TESS Sector 58;TESS Sector 59;TESS Sector 60;TESS Sector 74;TESS Sector 75;TESS Sector 76;TESS Sector 77;TESS Sector 79;TESS Sector 80;TESS Sector 81;TESS Sector 82;TESS Sector 83;TESS Sector 84;TESS Sector 85;TESS Sector 86,
1827.01,390651552,available,2,TESS Sector 23;TESS Sector 50,
1828.01,232982938,available,34,TESS Sector 23;TESS Sector 24;TESS Sector 25;TESS Sector 26;TESS Sector 40;TESS Sector 41;TESS Sector 47;TESS Sector 48;TESS Sector 49;TESS Sector 50;TESS Sector 51;TESS Sector 52;TESS Sector 53;TESS Sector 54;TESS Sector 55;TESS Sector 56;TESS Sector 57;TESS Sector 58;TESS Sector 59;TESS Sector 60;TESS Sector 73;TESS Sector 74;TESS Sector 75;TESS Sector 76;TESS Sector 77;TESS Sector 78;TESS Sector 79;TESS Sector 80;TESS Sector 81;TESS Sector 82;TESS Sector 83;TESS Sector 84;TESS Sector 85;TESS Sector 86,
183.01,183979262,available,6,TESS Sector 01;TESS Sector 02;TESS Sector 27;TESS Sector 28;TESS Sector 67;TESS Sector 68,
1830.01,20182165,available,5,TESS Sector 23;TESS Sector 24;TESS Sector 50;TESS Sector 51;TESS Sector 77,
1836.01,207468071,available,13,TESS Sector 23;TESS Sector 24;TESS Sector 49;TESS Sector 50;TESS Sector 51;TESS Sector 52;TESS Sector 56;TESS Sector 76;TESS Sector 77;TESS Sector 78;TESS Sector 79;TESS Sector 83;TESS Sector 86,
1836.02,207468071,available,13,TESS Sector 23;TESS Sector 24;TESS Sector 49;TESS Sector 50;TESS Sector 51;TESS Sector 52;TESS Sector 56;TESS Sector 76;TESS Sector 77;TESS Sector 78;TESS Sector 79;TESS Sector 83;TESS Sector 86,
1837.01,144441148,available,2,TESS Sector 23;TESS Sector 77,
184.01,300871545,available,29,TESS Sector 01;TESS Sector 02;TESS Sector 03;TESS Sector 04;TESS Sector 05;TESS Sector 06;TESS Sector 07;TESS Sector 08;TESS Sector 09;TESS Sector 10;TESS Sector 11;TESS Sector 12;TESS Sector 13;TESS Sector 61;TESS Sector 62;TESS Sector 63;TESS Sector 65;TESS Sector 66;TESS Sector 67;TESS Sector 68;TESS Sector 69;TESS Sector 87;TESS Sector 88;TESS Sector 89;TESS Sector 90;TESS Sector 93;TESS Sector 94;TESS Sector 95;TESS Sector 96,
1842.01,404505029,available,2,TESS Sector 23;TESS Sector 50,
1843.01,258871793,available,27,TESS Sector 23;TESS Sector 24;TESS Sector 25;TESS Sector 26;TESS Sector 40;TESS Sector 41;TESS Sector 47;TESS Sector 48;TESS Sector 49;TESS Sector 50;TESS Sector 51;TESS Sector 52;TESS Sector 53;TESS Sector 54;TESS Sector 55;TESS Sector 73;TESS Sector 74;TESS Sector 76;TESS Sector 77;TESS Sector 79;TESS Sector 80;TESS Sector 81;TESS Sector 82;TESS Sector 83;TESS Sector 84;TESS Sector 85;TESS Sector 86,
1846.01,198385543,available,29,TESS Sector 17;TESS Sector 20;TESS Sector 23;TESS Sector 24;TESS Sector 25;TESS Sector 26;TESS Sector 40;TESS Sector 47;TESS Sector 50;TESS Sector 51;TESS Sector 52;TESS Sector 53;TESS Sector 54;TESS Sector 56;TESS Sector 57;TESS Sector 58;TESS Sector 59;TESS Sector 60;TESS Sector 73;TESS Sector 74;TESS Sector 77;TESS Sector 78;TESS Sector 79;TESS Sector 80;TESS Sector 81;TESS Sector 83;TESS Sector 84;TESS Sector 85;TESS Sector 86,
1848.01,219824469,available,2,TESS Sector 49;TESS Sector 76,
1853.01,73540072,available,1,TESS Sector 50,
1855.01,81247740,available,1,TESS Sector 50,
1856.01,224313733,available,5,TESS Sector 49;TESS Sector 50;TESS Sector 51;TESS Sector 76;TESS Sector 78,
1859.01,229742722,available,39,TESS Sector 14;TESS Sector 15;TESS Sector 16;TESS Sector 17;TESS Sector 18;TESS Sector 19;TESS Sector 20;TESS Sector 22;TESS Sector 23;TESS Sector 25;TESS Sector 26;TESS Sector 40;TESS Sector 41;TESS Sector 47;TESS Sector 48;TESS Sector 49;TESS Sector 50;TESS Sector 52;TESS Sector 53;TESS Sector 54;TESS Sector 55;TESS Sector 56;TESS Sector 57;TESS Sector 59;TESS Sector 60;TESS Sector 73;TESS Sector 74;TESS Sector 75;TESS Sector 76;TESS Sector 77;TESS Sector 78;TESS Sector 79;TESS Sector 80;TESS Sector 81;TESS Sector 82;TESS Sector 83;TESS Sector 84;TESS Sector 85;TESS Sector 86,
186.01,279741379,available,15,TESS Sector 01;TESS Sector 02;TESS Sector 03;TESS Sector 04;TESS Sector 28;TESS Sector 29;TESS Sector 30;TESS Sector 34;TESS Sector 61;TESS Sector 64;TESS Sector 68;TESS Sector 69;TESS Sector 95;TESS Sector 96;TESS Sector 97,
186.02,279741379,available,15,TESS Sector 01;TESS Sector 02;TESS Sector 03;TESS Sector 04;TESS Sector 28;TESS Sector 29;TESS Sector 30;TESS Sector 34;TESS Sector 61;TESS Sector 64;TESS Sector 68;TESS Sector 69;TESS Sector 95;TESS Sector 96;TESS Sector 97,
1860.01,202426247,available,13,TESS Sector 14;TESS Sector 15;TESS Sector 16;TESS Sector 21;TESS Sector 22;TESS Sector 23;TESS Sector 41;TESS Sector 48;TESS Sector 49;TESS Sector 50;TESS Sector 75;TESS Sector 76;TESS Sector 77,
1862.01,321668398,available,22,TESS Sector 24;TESS Sector 25;TESS Sector 26;TESS Sector 40;TESS Sector 47;TESS Sector 50;TESS Sector 51;TESS Sector 52;TESS Sector 53;TESS Sector 54;TESS Sector 57;TESS Sector 58;TESS Sector 60;TESS Sector 73;TESS Sector 74;TESS Sector 77;TESS Sector 78;TESS Sector 79;TESS Sector 80;TESS Sector 81;TESS Sector 84;TESS Sector 85,
1863.01,356919658,available,27,TESS Sector 24;TESS Sector 25;TESS Sector 26;TESS Sector 40;TESS Sector 41;TESS Sector 47;TESS Sector 48;TESS Sector 49;TESS Sector 50;TESS Sector 51;TESS Sector 52;TESS Sector 53;TESS Sector 54;TESS Sector 55;TESS Sector 73;TESS Sector 74;TESS Sector 75;TESS Sector 76;TESS Sector 77;TESS Sector 78;TESS Sector 79;TESS Sector 80;TESS Sector 81;TESS Sector 82;TESS Sector 83;TESS Sector 85;TESS Sector 86,
1867.01,400476523,available,16,TESS Sector 40;TESS Sector 41;TESS Sector 47;TESS Sector 50;TESS Sector 54;TESS Sector 55;TESS Sector 73;TESS Sector 74;TESS Sector 75;TESS Sector 76;TESS Sector 77;TESS Sector 81;TESS Sector 82;TESS Sector 83;TESS Sector 84;TESS Sector 85,
1871.01,233503636,available,25,TESS Sector 24;TESS Sector 25;TESS Sector 26;TESS Sector 40;TESS Sector 41;TESS Sector 47;TESS Sector 48;TESS Sector 49;TESS Sector 51;TESS Sector 52;TESS Sector 53;TESS Sector 54;TESS Sector 55;TESS Sector 73;TESS Sector 74;TESS Sector 75;TESS Sector 76;TESS Sector 77;TESS Sector 79;TESS Sector 80;TESS Sector 81;TESS Sector 82;TESS Sector 83;TESS Sector 85;TESS Sector 86,
1877.01,233497719,available,25,TESS Sector 24;TESS Sector 25;TESS Sector 26;TESS Sector 40;TESS Sector 41;TESS Sector 47;TESS Sector 48;TESS Sector 49;TESS Sector 51;TESS Sector 52;TESS Sector 53;TESS Sector 55;TESS Sector 58;TESS Sector 59;TESS Sector 60;TESS Sector 73;TESS Sector 74;TESS Sector 75;TESS Sector 76;TESS Sector 78;TESS Sector 79;TESS Sector 80;TESS Sector 81;TESS Sector 82;TESS Sector 86,
1881.01,59859387,available,5,TESS Sector 33;TESS Sector 35;TESS Sector 61;TESS Sector 87;TESS Sector 88,
1883.01,348755728,available,4,TESS Sector 35;TESS Sector 61;TESS Sector 88;TESS Sector 99,
1885.01,258510872,available,20,TESS Sector 24;TESS Sector 25;TESS Sector 48;TESS Sector 51;TESS Sector 52;TESS Sector 55;TESS Sector 56;TESS Sector 57;TESS Sector 58;TESS Sector 59;TESS Sector 75;TESS Sector 76;TESS Sector 77;TESS Sector 78;TESS Sector 79;TESS Sector 82;TESS Sector 83;TESS Sector 84;TESS Sector 85;TESS Sector 86,
1888.01,459997997,available,3,TESS Sector 36;TESS Sector 37;TESS Sector 90,
189.01,278866211,available,25,TESS Sector 01;TESS Sector 02;TESS Sector 03;TESS Sector 05;TESS Sector 06;TESS Sector 08;TESS Sector 09;TESS Sector 11;TESS Sector 12;TESS Sector 13;TESS Sector 61;TESS Sector 62;TESS Sector 65;TESS Sector 66;TESS Sector 67;TESS Sector 68;TESS Sector 69;TESS Sector 87;TESS Sector 88;TESS Sector 89;TESS Sector 93;TESS Sector 94;TESS Sector 95;TESS Sector 96;TESS Sector 98,
1897.01,420645189,available,8,TESS Sector 19;TESS Sector 25;TESS Sector 26;TESS Sector 52;TESS Sector 59;TESS Sector 73;TESS Sector 79;TESS Sector 86,
1897.02,420645189,available,8,TESS Sector 19;TESS Sector 25;TESS Sector 26;TESS Sector 52;TESS Sector 59;TESS Sector 73;TESS Sector 79;TESS Sector 86,
1898.01,91987762,available,5,TESS Sector 21;TESS Sector 45;TESS Sector 46;TESS Sector 48;TESS Sector 72,
1899.01,172370679,available,8,TESS Sector 14;TESS Sector 15;TESS Sector 41;TESS Sector 54;TESS Sector 55;TESS Sector 75;TESS Sector 81;TESS Sector 82,
1918.01,308425348,available,2,TESS Sector 63;TESS Sector 64,
193.01,183985250,available,4,TESS Sector 02;TESS Sector 29;TESS Sector 69;TESS Sector 96,
1937.01,268301217,available,7,TESS Sector 34;TESS Sector 35;TESS Sector 36;TESS Sector 61;TESS Sector 62;TESS Sector 88;TESS Sector 89,
1939.01,325172035,available,2,TESS Sector 37;TESS Sector 38,
1941.01,167009792,available,28,TESS Sector 01;TESS Sector 02;TESS Sector 03;TESS Sector 04;TESS Sector 05;TESS Sector 07;TESS Sector 08;TESS Sector 10;TESS Sector 11;TESS Sector 12;TESS Sector 13;TESS Sector 27;TESS Sector 28;TESS Sector 29;TESS Sector 30;TESS Sector 31;TESS Sector 32;TESS Sector 33;TESS Sector 34;TESS Sector 35;TESS Sector 37;TESS Sector 38;TESS Sector 87;TESS Sector 88;TESS Sector 90;TESS Sector 93;TESS Sector 94;TESS Sector 96,
1942.01,308919449,available,23,TESS Sector 01;TESS Sector 02;TESS Sector 04;TESS Sector 05;TESS Sector 08;TESS Sector 09;TESS Sector 10;TESS Sector 11;TESS Sector 12;TESS Sector 28;TESS Sector 29;TESS Sector 31;TESS Sector 32;TESS Sector 34;TESS Sector 35;TESS Sector 36;TESS Sector 37;TESS Sector 38;TESS Sector 88;TESS Sector 89;TESS Sector 90;TESS Sector 95;TESS Sector 96,
1944.01,461080504,available,2,TESS Sector 36;TESS Sector 37,
1945.01,357536526,available,3,TESS Sector 36;TESS Sector 37;TESS Sector 38,
1946.01,127315102,available,2,TESS Sector 11;TESS Sector 38,
1947.01,460140752,available,2,TESS Sector 36;TESS Sector 37,
1948.01,31268146,available,36,TESS Sector 04;TESS Sector 05;TESS Sector 06;TESS Sector 07;TESS Sector 08;TESS Sector 09;TESS Sector 10;TESS Sector 11;TESS Sector 12;TESS Sector 27;TESS Sector 28;TESS Sector 29;TESS Sector 30;TESS Sector 31;TESS Sector 32;TESS Sector 34;TESS Sector 35;TESS Sector 36;TESS Sector 37;TESS Sector 38;TESS Sector 39;TESS Sector 61;TESS Sector 62;TESS Sector 63;TESS Sector 64;TESS Sector 65;TESS Sector 67;TESS Sector 68;TESS Sector 69;TESS Sector 87;TESS Sector 88;TESS Sector 89;TESS Sector 90;TESS Sector 94;TESS Sector 95;TESS Sector 96,
1950.01,327663613,available,1,TESS Sector 38,
1952.01,394509844,available,2,TESS Sector 38;TESS Sector 39,
1953.01,242536549,available,1,TESS Sector 38,
1955.01,166184426,available,2,TESS Sector 11;TESS Sector 38,
1956.01,334911765,available,1,TESS Sector 38,
1957.01,302659412,available,5,TESS Sector 36;TESS Sector 38;TESS Sector 63;TESS Sector 64;TESS Sector 65,
1959.01,400323948,available,2,TESS Sector 37;TESS Sector 38,
1962.01,141663464,available,1,TESS Sector 38,
1963.01,190271688,available,4,TESS Sector 101;TESS Sector 38;TESS Sector 65;TESS Sector 99,
1964.01,242083025,available,4,TESS Sector 101;TESS Sector 102;TESS Sector 37;TESS Sector 64,
1965.01,295354126,available,1,TESS Sector 38,
1969.01,293708935,available,1,TESS Sector 11,
197.01,441462736,available,3,TESS Sector 02;TESS Sector 29;TESS Sector 96,
1971.01,253132689,available,2,TESS Sector 37;TESS Sector 38,
1975.01,467281353,available,2,TESS Sector 37;TESS Sector 64,
1977.01,383531859,available,5,TESS Sector 100;TESS Sector 101;TESS Sector 102;TESS Sector 38;TESS Sector 99,
1978.01,458856474,available,6,TESS Sector 36;TESS Sector 37;TESS Sector 63;TESS Sector 64;TESS Sector 90;TESS Sector 99,
1979.01,458857720,available,2,TESS Sector 36;TESS Sector 37,
198.01,12421862,available,4,TESS Sector 02;TESS Sector 29;TESS Sector 69;TESS Sector 96,
1980.01,127793615,available,1,TESS Sector 38,
1983.01,89535068,available,3,TESS Sector 35;TESS Sector 36;TESS Sector 37,
1984.01,162246865,available,2,TESS Sector 36;TESS Sector 37,
1988.01,161156159,available,1,TESS Sector 37,
1989.01,324395151,available,2,TESS Sector 37;TESS Sector 38,
199.01,309792357,available,42,TESS Sector 01;TESS Sector 02;TESS Sector 03;TESS Sector 04;TESS Sector 05;TESS Sector 06;TESS Sector 07;TESS Sector 08;TESS Sector 09;TESS Sector 10;TESS Sector 11;TESS Sector 12;TESS Sector 13;TESS Sector 27;TESS Sector 29;TESS Sector 30;TESS Sector 31;TESS Sector 32;TESS Sector 33;TESS Sector 34;TESS Sector 35;TESS Sector 36;TESS Sector 37;TESS Sector 39;TESS Sector 61;TESS Sector 62;TESS Sector 63;TESS Sector 64;TESS Sector 66;TESS Sector 67;TESS Sector 68;TESS Sector 69;TESS Sector 87;TESS Sector 88;TESS Sector 89;TESS Sector 90;TESS Sector 93;TESS Sector 94;TESS Sector 95;TESS Sector 96;TESS Sector 97;TESS Sector 98,
1990.01,457939414,available,3,TESS Sector 36;TESS Sector 37;TESS Sector 90,
1991.01,82707763,available,1,TESS Sector 37,
1992.01,147340931,available,1,TESS Sector 36,
1993.01,453464017,available,2,TESS Sector 37;TESS Sector 38,
1994.01,445903569,available,6,TESS Sector 36;TESS Sector 62;TESS Sector 63;TESS Sector 89;TESS Sector 90;TESS Sector 99,
1996.01,275384718,available,1,TESS Sector 37,
1998.01,429295277,available,1,TESS Sector 37,
200.01,410214986,available,10,TESS Sector 01;TESS Sector 102;TESS Sector 103;TESS Sector 104;TESS Sector 27;TESS Sector 28;TESS Sector 67;TESS Sector 68;TESS Sector 94;TESS Sector 95,
2000.01,371188886,available,7,TESS Sector 36;TESS Sector 37;TESS Sector 38;TESS Sector 63;TESS Sector 64;TESS Sector 65;TESS Sector 90,
2000.02,371188886,available,7,TESS Sector 36;TESS Sector 37;TESS Sector 38;TESS Sector 63;TESS Sector 64;TESS Sector 65;TESS Sector 90,
2002.01,356453768,available,3,TESS Sector 35;TESS Sector 36;TESS Sector 37,
2004.01,439610306,available,2,TESS Sector 36;TESS Sector 37,
2006.01,41173048,available,11,TESS Sector 27;TESS Sector 28;TESS Sector 30;TESS Sector 31;TESS Sector 32;TESS Sector 33;TESS Sector 34;TESS Sector 35;TESS Sector 36;TESS Sector 37;TESS Sector 38,
2008.01,70887357,available,2,TESS Sector 05;TESS Sector 32,
201.01,350618622,available,37,TESS Sector 01;TESS Sector 02;TESS Sector 03;TESS Sector 04;TESS Sector 05;TESS Sector 06;TESS Sector 07;TESS Sector 08;TESS Sector 10;TESS Sector 11;TESS Sector 12;TESS Sector 13;TESS Sector 27;TESS Sector 28;TESS Sector 29;TESS Sector 30;TESS Sector 31;TESS Sector 32;TESS Sector 33;TESS Sector 34;TESS Sector 35;TESS Sector 36;TESS Sector 37;TESS Sector 38;TESS Sector 39;TESS Sector 61;TESS Sector 64;TESS Sector 65;TESS Sector 67;TESS Sector 68;TESS Sector 87;TESS Sector 88;TESS Sector 94;TESS Sector 95;TESS Sector 96;TESS Sector 97;TESS Sector 98,
2010.01,26547036,available,13,TESS Sector 14;TESS Sector 15;TESS Sector 16;TESS Sector 40;TESS Sector 54;TESS Sector 55;TESS Sector 56;TESS Sector 74;TESS Sector 75;TESS Sector 76;TESS Sector 81;TESS Sector 82;TESS Sector 83,
2013.01,188589164,available,3,TESS Sector 24;TESS Sector 25;TESS Sector 78,
2015.01,368287008,available,3,TESS Sector 24;TESS Sector 51;TESS Sector 78,
2017.01,357416482,available,3,TESS Sector 24;TESS Sector 51;TESS Sector 78,
2018.01,357501308,available,4,TESS Sector 24;TESS Sector 51;TESS Sector 77;TESS Sector 78,
2019.01,159781361,available,5,TESS Sector 23;TESS Sector 24;TESS Sector 50;TESS Sector 77;TESS Sector 78,
2022.01,11996814,available,4,TESS Sector 18;TESS Sector 24;TESS Sector 25;TESS Sector 52,
2025.01,394050135,available,13,TESS Sector 40;TESS Sector 47;TESS Sector 52;TESS Sector 53;TESS Sector 58;TESS Sector 59;TESS Sector 60;TESS Sector 74;TESS Sector 78;TESS Sector 79;TESS Sector 81;TESS Sector 85;TESS Sector 86,
2027.01,335996558,not_found,0,,
2028.01,336456596,not_found,0,,
2029.01,445254275,not_found,0,,
203.01,259962054,available,13,TESS Sector 01;TESS Sector 02;TESS Sector 03;TESS Sector 27;TESS Sector 28;TESS Sector 29;TESS Sector 30;TESS Sector 67;TESS Sector 68;TESS Sector 69;TESS Sector 94;TESS Sector 95;TESS Sector 96,
2034.01,427279997,not_found,0,,
2041.01,54364414,not_found,0,,
2042.01,269424395,not_found,0,,
2044.01,270333769,not_found,0,,
2046.01,468574941,available,6,TESS Sector 58;TESS Sector 59;TESS Sector 78;TESS Sector 79;TESS Sector 85;TESS Sector 86,
2047.01,363761216,available,1,TESS Sector 52,
2048.01,159873822,available,7,TESS Sector 16;TESS Sector 23;TESS Sector 24;TESS Sector 50;TESS Sector 51;TESS Sector 77;TESS Sector 78,
2052.01,1100766816,available,1,TESS Sector 51,
2053.01,315755496,available,7,TESS Sector 40;TESS Sector 47;TESS Sector 52;TESS Sector 53;TESS Sector 73;TESS Sector 74;TESS Sector 78,
2054.01,378355116,available,6,TESS Sector 57;TESS Sector 58;TESS Sector 77;TESS Sector 78;TESS Sector 84;TESS Sector 85,
2058.01,326732851,available,2,TESS Sector 77;TESS Sector 78,
2059.01,403308915,not_found,0,,
206.01,55650590,available,44,TESS Sector 01;TESS Sector 02;TESS Sector 03;TESS Sector 04;TESS Sector 05;TESS Sector 06;TESS Sector 07;TESS Sector 08;TESS Sector 09;TESS Sector 10;TESS Sector 11;TESS Sector 12;TESS Sector 13;TESS Sector 27;TESS Sector 28;TESS Sector 29;TESS Sector 30;TESS Sector 31;TESS Sector 32;TESS Sector 33;TESS Sector 34;TESS Sector 35;TESS Sector 36;TESS Sector 37;TESS Sector 38;TESS Sector 39;TESS Sector 61;TESS Sector 62;TESS Sector 63;TESS Sector 65;TESS Sector 66;TESS Sector 67;TESS Sector 68;TESS Sector 69;TESS Sector 87;TESS Sector 88;TESS Sector 89;TESS Sector 90;TESS Sector 93;TESS Sector 94;TESS Sector 95;TESS Sector 96;TESS Sector 97;TESS Sector 98,
2060.01,285542903,available,2,TESS Sector 58;TESS Sector 78,
2061.01,327577308,not_found,0,,
2062.01,373785851,available,1,TESS Sector 52,
2066.01,141663460,not_found,0,,
2068.01,417931300,available,7,TESS Sector 14;TESS Sector 15;TESS Sector 21;TESS Sector 22;TESS Sector 41;TESS Sector 48;TESS Sector 75,
207.01,260271203,available,19,TESS Sector 01;TESS Sector 02;TESS Sector 03;TESS Sector 04;TESS Sector 05;TESS Sector 06;TESS Sector 07;TESS Sector 08;TESS Sector 09;TESS Sector 10;TESS Sector 11;TESS Sector 12;TESS Sector 13;TESS Sector 88;TESS Sector 89;TESS Sector 90;TESS Sector 93;TESS Sector 95;TESS Sector 96,
2076.01,27491137,available,4,TESS Sector 16;TESS Sector 23;TESS Sector 50;TESS Sector 77,
2076.02,27491137,available,4,TESS Sector 16;TESS Sector 23;TESS Sector 50;TESS Sector 77,
2076.03,27491137,available,4,TESS Sector 16;TESS Sector 23;TESS Sector 50;TESS Sector 77,
2078.01,159244568,available,7,TESS Sector 19;TESS Sector 21;TESS Sector 41;TESS Sector 47;TESS Sector 48;TESS Sector 52;TESS Sector 53,
2081.01,321669174,available,26,TESS Sector 14;TESS Sector 17;TESS Sector 20;TESS Sector 21;TESS Sector 24;TESS Sector 25;TESS Sector 26;TESS Sector 40;TESS Sector 41;TESS Sector 47;TESS Sector 50;TESS Sector 52;TESS Sector 53;TESS Sector 54;TESS Sector 57;TESS Sector 58;TESS Sector 60;TESS Sector 73;TESS Sector 74;TESS Sector 77;TESS Sector 78;TESS Sector 79;TESS Sector 80;TESS Sector 81;TESS Sector 84;TESS Sector 85,
2084.01,441738827,available,33,TESS Sector 16;TESS Sector 19;TESS Sector 20;TESS Sector 21;TESS Sector 22;TESS Sector 23;TESS Sector 25;TESS Sector 26;TESS Sector 48;TESS Sector 49;TESS Sector 50;TESS Sector 51;TESS Sector 52;TESS Sector 53;TESS Sector 54;TESS Sector 55;TESS Sector 56;TESS Sector 57;TESS Sector 58;TESS Sector 59;TESS Sector 60;TESS Sector 73;TESS Sector 75;TESS Sector 76;TESS Sector 77;TESS Sector 78;TESS Sector 80;TESS Sector 81;TESS Sector 82;TESS Sector 83;TESS Sector 84;TESS Sector 85;TESS Sector 86,
2084.02,441738827,available,33,TESS Sector 16;TESS Sector 19;TESS Sector 20;TESS Sector 21;TESS Sector 22;TESS Sector 23;TESS Sector 25;TESS Sector 26;TESS Sector 48;TESS Sector 49;TESS Sector 50;TESS Sector 51;TESS Sector 52;TESS Sector 53;TESS Sector 54;TESS Sector 55;TESS Sector 56;TESS Sector 57;TESS Sector 58;TESS Sector 59;TESS Sector 60;TESS Sector 73;TESS Sector 75;TESS Sector 76;TESS Sector 77;TESS Sector 78;TESS Sector 80;TESS Sector 81;TESS Sector 82;TESS Sector 83;TESS Sector 84;TESS Sector 85;TESS Sector 86,
2088.01,441765914,available,41,TESS Sector 14;TESS Sector 15;TESS Sector 16;TESS Sector 17;TESS Sector 18;TESS Sector 19;TESS Sector 20;TESS Sector 21;TESS Sector 22;TESS Sector 24;TESS Sector 25;TESS Sector 26;TESS Sector 40;TESS Sector 41;TESS Sector 47;TESS Sector 48;TESS Sector 49;TESS Sector 50;TESS Sector 51;TESS Sector 52;TESS Sector 53;TESS Sector 54;TESS Sector 55;TESS Sector 56;TESS Sector 57;TESS Sector 58;TESS Sector 59;TESS Sector 60;TESS Sector 73;TESS Sector 74;TESS Sector 75;TESS Sector 76;TESS Sector 77;TESS Sector 79;TESS Sector 80;TESS Sector 81;TESS Sector 82;TESS Sector 83;TESS Sector 84;TESS Sector 85;TESS Sector 86,
2093.01,402898317,available,32,TESS Sector 15;TESS Sector 16;TESS Sector 17;TESS Sector 18;TESS Sector 19;TESS Sector 20;TESS Sector 22;TESS Sector 23;TESS Sector 24;TESS Sector 25;TESS Sector 40;TESS Sector 48;TESS Sector 49;TESS Sector 50;TESS Sector 52;TESS Sector 53;TESS Sector 55;TESS Sector 56;TESS Sector 57;TESS Sector 58;TESS Sector 59;TESS Sector 60;TESS Sector 73;TESS Sector 75;TESS Sector 76;TESS Sector 77;TESS Sector 78;TESS Sector 79;TESS Sector 83;TESS Sector 84;TESS Sector 85;TESS Sector 86,
2095.01,235678745,available,40,TESS Sector 14;TESS Sector 15;TESS Sector 16;TESS Sector 17;TESS Sector 18;TESS Sector 19;TESS Sector 20;TESS Sector 21;TESS Sector 22;TESS Sector 23;TESS Sector 24;TESS Sector 26;TESS Sector 40;TESS Sector 41;TESS Sector 47;TESS Sector 48;TESS Sector 49;TESS Sector 50;TESS Sector 51;TESS Sector 52;TESS Sector 53;TESS Sector 54;TESS Sector 55;TESS Sector 56;TESS Sector 57;TESS Sector 58;TESS Sector 59;TESS Sector 60;TESS Sector 73;TESS Sector 74;TESS Sector 75;TESS Sector 76;TESS Sector 77;TESS Sector 78;TESS Sector 79;TESS Sector 80;TESS Sector 81;TESS Sector 83;TESS Sector 84;TESS Sector 85,
2095.02,235678745,available,40,TESS Sector 14;TESS Sector 15;TESS Sector 16;TESS Sector 17;TESS Sector 18;TESS Sector 19;TESS Sector 20;TESS Sector 21;TESS Sector 22;TESS Sector 23;TESS Sector 24;TESS Sector 26;TESS Sector 40;TESS Sector 41;TESS Sector 47;TESS Sector 48;TESS Sector 49;TESS Sector 50;TESS Sector 51;TESS Sector 52;TESS Sector 53;TESS Sector 54;TESS Sector 55;TESS Sector 56;TESS Sector 57;TESS Sector 58;TESS Sector 59;TESS Sector 60;TESS Sector 73;TESS Sector 74;TESS Sector 75;TESS Sector 76;TESS Sector 77;TESS Sector 78;TESS Sector 79;TESS Sector 80;TESS Sector 81;TESS Sector 83;TESS Sector 84;TESS Sector 85,
2096.01,142748283,available,8,TESS Sector 14;TESS Sector 20;TESS Sector 21;TESS Sector 40;TESS Sector 41;TESS Sector 47;TESS Sector 53;TESS Sector 60,
2096.02,142748283,available,8,TESS Sector 14;TESS Sector 20;TESS Sector 21;TESS Sector 40;TESS Sector 41;TESS Sector 47;TESS Sector 53;TESS Sector 60,
2097.01,279982557,available,23,TESS Sector 15;TESS Sector 16;TESS Sector 17;TESS Sector 18;TESS Sector 19;TESS Sector 20;TESS Sector 21;TESS Sector 22;TESS Sector 24;TESS Sector 40;TESS Sector 41;TESS Sector 47;TESS Sector 48;TESS Sector 49;TESS Sector 50;TESS Sector 51;TESS Sector 52;TESS Sector 53;TESS Sector 54;TESS Sector 55;TESS Sector 84;TESS Sector 85;TESS Sector 86,
2099.01,230386397,available,39,TESS Sector 14;TESS Sector 15;TESS Sector 16;TESS Sector 17;TESS Sector 18;TESS Sector 20;TESS Sector 21;TESS Sector 22;TESS Sector 23;TESS Sector 24;TESS Sector 25;TESS Sector 26;TESS Sector 40;TESS Sector 41;TESS Sector 47;TESS Sector 48;TESS Sector 49;TESS Sector 50;TESS Sector 51;TESS Sector 52;TESS Sector 53;TESS Sector 54;TESS Sector 55;TESS Sector 57;TESS Sector 58;TESS Sector 59;TESS Sector 60;TESS Sector 74;TESS Sector 75;TESS Sector 76;TESS Sector 77;TESS Sector 78;TESS Sector 79;TESS Sector 80;TESS Sector 81;TESS Sector 82;TESS Sector 84;TESS Sector 85;TESS Sector 86,
2106.01,393911494,available,6,TESS Sector 22;TESS Sector 23;TESS Sector 49;TESS Sector 50;TESS Sector 76;TESS Sector 77,
2107.01,446549906,available,5,TESS Sector 103;TESS Sector 104;TESS Sector 67;TESS Sector 93;TESS Sector 94,
2109.01,392476080,available,2,TESS Sector 52;TESS Sector 79,
2110.01,394029948,available,25,TESS Sector 14;TESS Sector 17;TESS Sector 18;TESS Sector 20;TESS Sector 21;TESS Sector 23;TESS Sector 24;TESS Sector 25;TESS Sector 26;TESS Sector 40;TESS Sector 47;TESS Sector 48;TESS Sector 50;TESS Sector 51;TESS Sector 52;TESS Sector 53;TESS Sector 54;TESS Sector 55;TESS Sector 57;TESS Sector 58;TESS Sector 59;TESS Sector 60;TESS Sector 84;TESS Sector 85;TESS Sector 86,
2111.01,356235833,available,3,TESS Sector 25;TESS Sector 26;TESS Sector 52,
2113.01,1400212743,available,5,TESS Sector 40;TESS Sector 52;TESS Sector 53;TESS Sector 79;TESS Sector 80,
2114.01,9828416,available,3,TESS Sector 52;TESS Sector 53;TESS Sector 79,
2115.01,54464870,not_found,0,,
2116.01,422838133,available,3,TESS Sector 24;TESS Sector 25;TESS Sector 52,
2117.01,279212407,available,1,TESS Sector 52,
2118.01,17416749,available,2,TESS Sector 51;TESS Sector 78,
2119.01,236387002,available,5,TESS Sector 24;TESS Sector 25;TESS Sector 51;TESS Sector 52;TESS Sector 78,
2120.01,389900760,available,8,TESS Sector 18;TESS Sector 24;TESS Sector 25;TESS Sector 52;TESS Sector 58;TESS Sector 78;TESS Sector 85;TESS Sector 86,
2128.01,21832928,available,4,TESS Sector 25;TESS Sector 26;TESS Sector 52;TESS Sector 79,
2134.01,75878355,available,8,TESS Sector 26;TESS Sector 40;TESS Sector 52;TESS Sector 53;TESS Sector 54;TESS Sector 74;TESS Sector 79;TESS Sector 80,
2134.02,75878355,available,8,TESS Sector 26;TESS Sector 40;TESS Sector 52;TESS Sector 53;TESS Sector 54;TESS Sector 74;TESS Sector 79;TESS Sector 80,
2136.01,336128819,available,7,TESS Sector 26;TESS Sector 40;TESS Sector 53;TESS Sector 54;TESS Sector 74;TESS Sector 80;TESS Sector 81,
2138.01,336267424,available,9,TESS Sector 14;TESS Sector 26;TESS Sector 40;TESS Sector 41;TESS Sector 53;TESS Sector 54;TESS Sector 74;TESS Sector 80;TESS Sector 81,
2141.01,287256467,available,4,TESS Sector 25;TESS Sector 26;TESS Sector 52;TESS Sector 79,
2145.01,88992642,available,6,TESS Sector 26;TESS Sector 40;TESS Sector 52;TESS Sector 53;TESS Sector 79;TESS Sector 80,
2146.01,158916431,available,3,TESS Sector 40;TESS Sector 52;TESS Sector 53,
2147.01,341630071,available,6,TESS Sector 40;TESS Sector 47;TESS Sector 53;TESS Sector 60;TESS Sector 73;TESS Sector 74,
2148.01,233569098,available,11,TESS Sector 40;TESS Sector 41;TESS Sector 47;TESS Sector 48;TESS Sector 49;TESS Sector 50;TESS Sector 51;TESS Sector 52;TESS Sector 53;TESS Sector 54;TESS Sector 55,
2150.01,230267547,available,2,TESS Sector 52;TESS Sector 53,
2151.01,23389848,available,2,TESS Sector 40;TESS Sector 53,
2152.01,395393265,available,7,TESS Sector 58;TESS Sector 59;TESS Sector 73;TESS Sector 78;TESS Sector 79;TESS Sector 85;TESS Sector 86,
2153.01,406855039,available,28,TESS Sector 40;TESS Sector 41;TESS Sector 47;TESS Sector 48;TESS Sector 49;TESS Sector 50;TESS Sector 51;TESS Sector 53;TESS Sector 54;TESS Sector 55;TESS Sector 56;TESS Sector 57;TESS Sector 58;TESS Sector 60;TESS Sector 73;TESS Sector 74;TESS Sector 75;TESS Sector 76;TESS Sector 77;TESS Sector 78;TESS Sector 79;TESS Sector 80;TESS Sector 81;TESS Sector 82;TESS Sector 83;TESS Sector 84;TESS Sector 85;TESS Sector 86,
2154.01,428787891,available,7,TESS Sector 40;TESS Sector 52;TESS Sector 53;TESS Sector 59;TESS Sector 60;TESS Sector 79;TESS Sector 86,
2155.01,461591646,available,8,TESS Sector 52;TESS Sector 53;TESS Sector 59;TESS Sector 60;TESS Sector 73;TESS Sector 78;TESS Sector 79;TESS Sector 86,
2156.01,258402425,available,3,TESS Sector 40;TESS Sector 53;TESS Sector 80,
2157.01,298495970,available,2,TESS Sector 53;TESS Sector 79,
2158.01,342642208,available,2,TESS Sector 40;TESS Sector 53,
216.01,55652896,available,43,TESS Sector 01;TESS Sector 02;TESS Sector 03;TESS Sector 04;TESS Sector 05;TESS Sector 06;TESS Sector 07;TESS Sector 08;TESS Sector 09;TESS Sector 11;TESS Sector 12;TESS Sector 13;TESS Sector 27;TESS Sector 28;TESS Sector 29;TESS Sector 30;TESS Sector 31;TESS Sector 32;TESS Sector 33;TESS Sector 34;TESS Sector 35;TESS Sector 36;TESS Sector 37;TESS Sector 38;TESS Sector 39;TESS Sector 61;TESS Sector 62;TESS Sector 63;TESS Sector 64;TESS Sector 65;TESS Sector 66;TESS Sector 67;TESS Sector 68;TESS Sector 69;TESS Sector 87;TESS Sector 88;TESS Sector 89;TESS Sector 90;TESS Sector 93;TESS Sector 94;TESS Sector 95;TESS Sector 96;TESS Sector 98,
216.02,55652896,available,43,TESS Sector 01;TESS Sector 02;TESS Sector 03;TESS Sector 04;TESS Sector 05;TESS Sector 06;TESS Sector 07;TESS Sector 08;TESS Sector 09;TESS Sector 11;TESS Sector 12;TESS Sector 13;TESS Sector 27;TESS Sector 28;TESS Sector 29;TESS Sector 30;TESS Sector 31;TESS Sector 32;TESS Sector 33;TESS Sector 34;TESS Sector 35;TESS Sector 36;TESS Sector 37;TESS Sector 38;TESS Sector 39;TESS Sector 61;TESS Sector 62;TESS Sector 63;TESS Sector 64;TESS Sector 65;TESS Sector 66;TESS Sector 67;TESS Sector 68;TESS Sector 69;TESS Sector 87;TESS Sector 88;TESS Sector 89;TESS Sector 90;TESS Sector 93;TESS Sector 94;TESS Sector 95;TESS Sector 96;TESS Sector 98,
2161.01,366563452,available,20,TESS Sector 17;TESS Sector 18;TESS Sector 19;TESS Sector 20;TESS Sector 23;TESS Sector 24;TESS Sector 25;TESS Sector 26;TESS Sector 40;TESS Sector 47;TESS Sector 50;TESS Sector 52;TESS Sector 53;TESS Sector 57;TESS Sector 58;TESS Sector 59;TESS Sector 60;TESS Sector 84;TESS Sector 85;TESS Sector 86,
2162.01,284564230,available,17,TESS Sector 40;TESS Sector 41;TESS Sector 47;TESS Sector 49;TESS Sector 50;TESS Sector 53;TESS Sector 54;TESS Sector 55;TESS Sector 73;TESS Sector 74;TESS Sector 75;TESS Sector 76;TESS Sector 77;TESS Sector 80;TESS Sector 81;TESS Sector 82;TESS Sector 83,
2164.01,49967354,available,2,TESS Sector 40;TESS Sector 53,
2167.01,160162987,available,8,TESS Sector 40;TESS Sector 41;TESS Sector 47;TESS Sector 52;TESS Sector 53;TESS Sector 73;TESS Sector 74;TESS Sector 79,
2168.01,364075352,available,3,TESS Sector 40;TESS Sector 52;TESS Sector 53,
217.01,260043723,available,34,TESS Sector 01;TESS Sector 02;TESS Sector 03;TESS Sector 04;TESS Sector 05;TESS Sector 06;TESS Sector 07;TESS Sector 08;TESS Sector 09;TESS Sector 10;TESS Sector 11;TESS Sector 12;TESS Sector 13;TESS Sector 27;TESS Sector 28;TESS Sector 29;TESS Sector 30;TESS Sector 31;TESS Sector 32;TESS Sector 33;TESS Sector 34;TESS Sector 35;TESS Sector 36;TESS Sector 37;TESS Sector 38;TESS Sector 39;TESS Sector 87;TESS Sector 88;TESS Sector 89;TESS Sector 90;TESS Sector 93;TESS Sector 94;TESS Sector 95;TESS Sector 96,
2171.01,75656058,available,6,TESS Sector 40;TESS Sector 52;TESS Sector 53;TESS Sector 74;TESS Sector 79;TESS Sector 80,
2172.01,76197937,available,6,TESS Sector 40;TESS Sector 53;TESS Sector 54;TESS Sector 74;TESS Sector 79;TESS Sector 80,
2173.01,293567206,available,3,TESS Sector 40;TESS Sector 47;TESS Sector 52,
2179.01,237913194,available,7,TESS Sector 104;TESS Sector 28;TESS Sector 29;TESS Sector 68;TESS Sector 69;TESS Sector 95;TESS Sector 96,
2180.01,298663873,available,40,TESS Sector 14;TESS Sector 15;TESS Sector 16;TESS Sector 18;TESS Sector 19;TESS Sector 20;TESS Sector 21;TESS Sector 22;TESS Sector 23;TESS Sector 24;TESS Sector 25;TESS Sector 26;TESS Sector 40;TESS Sector 41;TESS Sector 48;TESS Sector 49;TESS Sector 50;TESS Sector 51;TESS Sector 52;TESS Sector 53;TESS Sector 54;TESS Sector 55;TESS Sector 56;TESS Sector 57;TESS Sector 58;TESS Sector 59;TESS Sector 60;TESS Sector 73;TESS Sector 74;TESS Sector 75;TESS Sector 77;TESS Sector 78;TESS Sector 79;TESS Sector 80;TESS Sector 81;TESS Sector 82;TESS Sector 83;TESS Sector 84;TESS Sector 85;TESS Sector 86,
2184.01,176956893,available,29,TESS Sector 27;TESS Sector 28;TESS Sector 29;TESS Sector 31;TESS Sector 32;TESS Sector 34;TESS Sector 35;TESS Sector 36;TESS Sector 37;TESS Sector 38;TESS Sector 39;TESS Sector 61;TESS Sector 62;TESS Sector 64;TESS Sector 65;TESS Sector 66;TESS Sector 67;TESS Sector 68;TESS Sector 69;TESS Sector 87;TESS Sector 88;TESS Sector 89;TESS Sector 90;TESS Sector 93;TESS Sector 94;TESS Sector 95;TESS Sector 96;TESS Sector 97;TESS Sector 98,
219.01,260609205,available,30,TESS Sector 01;TESS Sector 02;TESS Sector 03;TESS Sector 04;TESS Sector 05;TESS Sector 06;TESS Sector 07;TESS Sector 08;TESS Sector 09;TESS Sector 10;TESS Sector 11;TESS Sector 12;TESS Sector 13;TESS Sector 61;TESS Sector 62;TESS Sector 63;TESS Sector 64;TESS Sector 65;TESS Sector 66;TESS Sector 67;TESS Sector 68;TESS Sector 69;TESS Sector 87;TESS Sector 88;TESS Sector 89;TESS Sector 90;TESS Sector 93;TESS Sector 94;TESS Sector 95;TESS Sector 96,
2193.01,401604346,available,6,TESS Sector 102;TESS Sector 103;TESS Sector 104;TESS Sector 27;TESS Sector 67;TESS Sector 94,
2194.01,271478281,available,4,TESS Sector 27;TESS Sector 67;TESS Sector 92;TESS Sector 94,
2196.01,372172128,available,6,TESS Sector 101;TESS Sector 103;TESS Sector 104;TESS Sector 27;TESS Sector 67;TESS Sector 94,
220.01,150098860,available,38,TESS Sector 01;TESS Sector 02;TESS Sector 04;TESS Sector 05;TESS Sector 06;TESS Sector 07;TESS Sector 08;TESS Sector 09;TESS Sector 10;TESS Sector 11;TESS Sector 12;TESS Sector 27;TESS Sector 28;TESS Sector 29;TESS Sector 31;TESS Sector 32;TESS Sector 34;TESS Sector 35;TESS Sector 36;TESS Sector 37;TESS Sector 38;TESS Sector 39;TESS Sector 61;TESS Sector 62;TESS Sector 63;TESS Sector 65;TESS Sector 66;TESS Sector 68;TESS Sector 69;TESS Sector 87;TESS Sector 88;TESS Sector 89;TESS Sector 90;TESS Sector 93;TESS Sector 95;TESS Sector 96;TESS Sector 97;TESS Sector 98,
2202.01,358107516,available,18,TESS Sector 27;TESS Sector 28;TESS Sector 29;TESS Sector 36;TESS Sector 39;TESS Sector 62;TESS Sector 63;TESS Sector 66;TESS Sector 67;TESS Sector 68;TESS Sector 69;TESS Sector 87;TESS Sector 89;TESS Sector 90;TESS Sector 93;TESS Sector 94;TESS Sector 95;TESS Sector 96,
2205.01,260298958,available,25,TESS Sector 27;TESS Sector 28;TESS Sector 29;TESS Sector 31;TESS Sector 35;TESS Sector 36;TESS Sector 37;TESS Sector 38;TESS Sector 39;TESS Sector 61;TESS Sector 62;TESS Sector 63;TESS Sector 64;TESS Sector 65;TESS Sector 66;TESS Sector 67;TESS Sector 68;TESS Sector 69;TESS Sector 88;TESS Sector 89;TESS Sector 90;TESS Sector 93;TESS Sector 94;TESS Sector 95;TESS Sector 96,
2207.01,90850770,available,3,TESS Sector 27;TESS Sector 67;TESS Sector 94,
221.01,316937670,available,3,TESS Sector 01;TESS Sector 02;TESS Sector 28,
2211.01,212253390,available,4,TESS Sector 27;TESS Sector 67;TESS Sector 92;TESS Sector 95,
2215.01,425561347,available,4,TESS Sector 27;TESS Sector 67;TESS Sector 92;TESS Sector 94,
222.01,144440290,available,6,TESS Sector 02;TESS Sector 103;TESS Sector 104;TESS Sector 29;TESS Sector 69;TESS Sector 96,
2221.01,441420236,available,3,TESS Sector 01;TESS Sector 27;TESS Sector 95,
2228.01,61733521,not_found,0,,
223.01,326453034,available,2,TESS Sector 02;TESS Sector 28,
2230.01,129432342,not_found,0,,
2231.01,100504381,available,3,TESS Sector 104;TESS Sector 67;TESS Sector 94,
2236.01,394722182,available,4,TESS Sector 66;TESS Sector 67;TESS Sector 93;TESS Sector 94,
2237.01,389238529,not_found,0,,
2239.01,388130235,not_found,0,,
2240.01,98494121,not_found,0,,
2246.01,349786918,available,10,TESS Sector 04;TESS Sector 05;TESS Sector 06;TESS Sector 07;TESS Sector 08;TESS Sector 09;TESS Sector 10;TESS Sector 11;TESS Sector 12;TESS Sector 13,
2247.01,376168473,available,1,TESS Sector 67,
2249.01,152714791,not_found,0,,
2250.01,264303333,available,24,TESS Sector 14;TESS Sector 15;TESS Sector 16;TESS Sector 17;TESS Sector 18;TESS Sector 19;TESS Sector 21;TESS Sector 22;TESS Sector 23;TESS Sector 24;TESS Sector 26;TESS Sector 40;TESS Sector 41;TESS Sector 47;TESS Sector 48;TESS Sector 49;TESS Sector 50;TESS Sector 51;TESS Sector 52;TESS Sector 53;TESS Sector 54;TESS Sector 55;TESS Sector 85;TESS Sector 86,
2253.01,367855829,available,37,TESS Sector 14;TESS Sector 15;TESS Sector 16;TESS Sector 17;TESS Sector 18;TESS Sector 19;TESS Sector 20;TESS Sector 21;TESS Sector 23;TESS Sector 24;TESS Sector 40;TESS Sector 41;TESS Sector 47;TESS Sector 48;TESS Sector 49;TESS Sector 50;TESS Sector 51;TESS Sector 53;TESS Sector 54;TESS Sector 55;TESS Sector 56;TESS Sector 57;TESS Sector 58;TESS Sector 59;TESS Sector 60;TESS Sector 73;TESS Sector 74;TESS Sector 75;TESS Sector 76;TESS Sector 77;TESS Sector 78;TESS Sector 80;TESS Sector 81;TESS Sector 83;TESS Sector 84;TESS Sector 85;TESS Sector 86,
2257.01,198485881,available,11,TESS Sector 14;TESS Sector 20;TESS Sector 21;TESS Sector 26;TESS Sector 40;TESS Sector 41;TESS Sector 47;TESS Sector 48;TESS Sector 53;TESS Sector 74;TESS Sector 75,
2258.01,219821826,available,27,TESS Sector 24;TESS Sector 25;TESS Sector 26;TESS Sector 40;TESS Sector 41;TESS Sector 47;TESS Sector 48;TESS Sector 49;TESS Sector 50;TESS Sector 51;TESS Sector 52;TESS Sector 53;TESS Sector 54;TESS Sector 55;TESS Sector 73;TESS Sector 74;TESS Sector 75;TESS Sector 76;TESS Sector 77;TESS Sector 78;TESS Sector 80;TESS Sector 81;TESS Sector 82;TESS Sector 83;TESS Sector 84;TESS Sector 85;TESS Sector 86,
226.01,47484268,available,2,TESS Sector 02;TESS Sector 29,
2260.01,232568235,available,6,TESS Sector 23;TESS Sector 24;TESS Sector 25;TESS Sector 50;TESS Sector 52;TESS Sector 77,
2266.01,8348911,available,6,TESS Sector 24;TESS Sector 25;TESS Sector 51;TESS Sector 52;TESS Sector 78;TESS Sector 79,
2267.01,459837008,available,12,TESS Sector 19;TESS Sector 20;TESS Sector 25;TESS Sector 26;TESS Sector 40;TESS Sector 52;TESS Sector 53;TESS Sector 59;TESS Sector 60;TESS Sector 73;TESS Sector 79;TESS Sector 86,
2267.03,459837008,available,12,TESS Sector 19;TESS Sector 20;TESS Sector 25;TESS Sector 26;TESS Sector 40;TESS Sector 52;TESS Sector 53;TESS Sector 59;TESS Sector 60;TESS Sector 73;TESS Sector 79;TESS Sector 86,
2269.01,441798995,available,43,TESS Sector 14;TESS Sector 15;TESS Sector 16;TESS Sector 17;TESS Sector 18;TESS Sector 19;TESS Sector 20;TESS Sector 21;TESS Sector 22;TESS Sector 23;TESS Sector 24;TESS Sector 25;TESS Sector 26;TESS Sector 40;TESS Sector 41;TESS Sector 47;TESS Sector 48;TESS Sector 49;TESS Sector 50;TESS Sector 51;TESS Sector 52;TESS Sector 53;TESS Sector 54;TESS Sector 55;TESS Sector 56;TESS Sector 57;TESS Sector 58;TESS Sector 59;TESS Sector 60;TESS Sector 73;TESS Sector 74;TESS Sector 75;TESS Sector 76;TESS Sector 77;TESS Sector 78;TESS Sector 79;TESS Sector 80;TESS Sector 81;TESS Sector 82;TESS Sector 83;TESS Sector 84;TESS Sector 85;TESS Sector 86,
227.01,2760710,available,4,TESS Sector 02;TESS Sector 29;TESS Sector 69;TESS Sector 96,
2274.01,289164482,available,8,TESS Sector 14;TESS Sector 26;TESS Sector 40;TESS Sector 53;TESS Sector 54;TESS Sector 74;TESS Sector 80;TESS Sector 81,
2283.01,198211976,available,42,TESS Sector 14;TESS Sector 15;TESS Sector 16;TESS Sector 17;TESS Sector 18;TESS Sector 19;TESS Sector 20;TESS Sector 21;TESS Sector 22;TESS Sector 23;TESS Sector 24;TESS Sector 25;TESS Sector 26;TESS Sector 40;TESS Sector 41;TESS Sector 47;TESS Sector 48;TESS Sector 49;TESS Sector 50;TESS Sector 51;TESS Sector 52;TESS Sector 53;TESS Sector 54;TESS Sector 55;TESS Sector 56;TESS Sector 57;TESS Sector 58;TESS Sector 59;TESS Sector 60;TESS Sector 74;TESS Sector 75;TESS Sector 76;TESS Sector 77;TESS Sector 78;TESS Sector 79;TESS Sector 80;TESS Sector 81;TESS Sector 82;TESS Sector 83;TESS Sector 84;TESS Sector 85;TESS Sector 86,
2284.01,115446313,available,5,TESS Sector 24;TESS Sector 25;TESS Sector 26;TESS Sector 51;TESS Sector 52,
2285.01,329148988,available,9,TESS Sector 16;TESS Sector 17;TESS Sector 24;TESS Sector 56;TESS Sector 57;TESS Sector 76;TESS Sector 77;TESS Sector 83;TESS Sector 84,
2299.01,362220495,available,28,TESS Sector 14;TESS Sector 17;TESS Sector 18;TESS Sector 20;TESS Sector 21;TESS Sector 24;TESS Sector 25;TESS Sector 26;TESS Sector 40;TESS Sector 41;TESS Sector 47;TESS Sector 50;TESS Sector 51;TESS Sector 52;TESS Sector 53;TESS Sector 54;TESS Sector 58;TESS Sector 59;TESS Sector 60;TESS Sector 73;TESS Sector 74;TESS Sector 77;TESS Sector 78;TESS Sector 79;TESS Sector 80;TESS Sector 81;TESS Sector 85;TESS Sector 86,
230.01,160074939,available,2,TESS Sector 02;TESS Sector 28,
2303.01,197959526,available,1,TESS Sector 28,
2316.01,61980227,available,1,TESS Sector 28,
2317.01,274599700,available,11,TESS Sector 24;TESS Sector 25;TESS Sector 26;TESS Sector 50;TESS Sector 51;TESS Sector 52;TESS Sector 53;TESS Sector 77;TESS Sector 78;TESS Sector 79;TESS Sector 80,
2319.01,349488688,available,3,TESS Sector 25;TESS Sector 52;TESS Sector 79,
2320.01,207501148,available,16,TESS Sector 16;TESS Sector 19;TESS Sector 22;TESS Sector 23;TESS Sector 24;TESS Sector 25;TESS Sector 49;TESS Sector 50;TESS Sector 51;TESS Sector 52;TESS Sector 76;TESS Sector 77;TESS Sector 78;TESS Sector 79;TESS Sector 83;TESS Sector 86,
2322.01,300812741,available,29,TESS Sector 27;TESS Sector 28;TESS Sector 29;TESS Sector 30;TESS Sector 31;TESS Sector 32;TESS Sector 33;TESS Sector 35;TESS Sector 36;TESS Sector 37;TESS Sector 38;TESS Sector 39;TESS Sector 61;TESS Sector 62;TESS Sector 63;TESS Sector 65;TESS Sector 66;TESS Sector 67;TESS Sector 68;TESS Sector 69;TESS Sector 87;TESS Sector 88;TESS Sector 89;TESS Sector 90;TESS Sector 93;TESS Sector 94;TESS Sector 96;TESS Sector 97;TESS Sector 98,
2322.02,300812741,available,29,TESS Sector 27;TESS Sector 28;TESS Sector 29;TESS Sector 30;TESS Sector 31;TESS Sector 32;TESS Sector 33;TESS Sector 35;TESS Sector 36;TESS Sector 37;TESS Sector 38;TESS Sector 39;TESS Sector 61;TESS Sector 62;TESS Sector 63;TESS Sector 65;TESS Sector 66;TESS Sector 67;TESS Sector 68;TESS Sector 69;TESS Sector 87;TESS Sector 88;TESS Sector 89;TESS Sector 90;TESS Sector 93;TESS Sector 94;TESS Sector 96;TESS Sector 97;TESS Sector 98,
2323.01,293527670,not_found,0,,
2328.01,394287035,available,8,TESS Sector 27;TESS Sector 28;TESS Sector 39;TESS Sector 66;TESS Sector 67;TESS Sector 68;TESS Sector 93;TESS Sector 95,
2336.01,88902249,available,1,TESS Sector 65,
2337.01,230001847,available,28,TESS Sector 40;TESS Sector 41;TESS Sector 47;TESS Sector 48;TESS Sector 49;TESS Sector 50;TESS Sector 51;TESS Sector 52;TESS Sector 54;TESS Sector 55;TESS Sector 56;TESS Sector 57;TESS Sector 58;TESS Sector 60;TESS Sector 73;TESS Sector 74;TESS Sector 75;TESS Sector 76;TESS Sector 77;TESS Sector 78;TESS Sector 79;TESS Sector 80;TESS Sector 81;TESS Sector 82;TESS Sector 83;TESS Sector 84;TESS Sector 85;TESS Sector 86,
2338.01,24358417,available,2,TESS Sector 32;TESS Sector 98,
2340.01,29959761,not_found,0,,
2341.01,100267480,available,2,TESS Sector 67;TESS Sector 94,
2342.01,100589632,available,1,TESS Sector 87,
2345.01,91555165,available,3,TESS Sector 30;TESS Sector 31;TESS Sector 97,
2345.02,91555165,available,3,TESS Sector 30;TESS Sector 31;TESS Sector 97,
2354.01,219766989,not_found,0,,
2358.01,124095888,available,1,TESS Sector 64,
236.01,9727392,available,5,TESS Sector 02;TESS Sector 29;TESS Sector 42;TESS Sector 69;TESS Sector 70,
2360.01,31656385,available,4,TESS Sector 28;TESS Sector 29;TESS Sector 30;TESS Sector 95,
2364.01,39414571,available,1,TESS Sector 87,
2365.01,344085117,available,5,TESS Sector 61;TESS Sector 62;TESS Sector 87;TESS Sector 88;TESS Sector 89,
2368.01,401125028,available,4,TESS Sector 62;TESS Sector 63;TESS Sector 89;TESS Sector 90,
237.01,305048087,available,4,TESS Sector 02;TESS Sector 29;TESS Sector 69;TESS Sector 96,
2372.01,189620016,available,2,TESS Sector 62;TESS Sector 89,
2373.01,332558858,available,1,TESS Sector 31,
2374.01,439366538,available,2,TESS Sector 28;TESS Sector 92,
2379.01,201177276,available,9,TESS Sector 102;TESS Sector 103;TESS Sector 104;TESS Sector 28;TESS Sector 29;TESS Sector 68;TESS Sector 69;TESS Sector 95;TESS Sector 96,
238.01,9006668,available,4,TESS Sector 02;TESS Sector 29;TESS Sector 69;TESS Sector 96,
2384.01,382602147,available,6,TESS Sector 28;TESS Sector 29;TESS Sector 68;TESS Sector 69;TESS Sector 95;TESS Sector 96,
2400.01,260849386,available,3,TESS Sector 88;TESS Sector 89;TESS Sector 90,
2404.02,142087638,available,30,TESS Sector 07;TESS Sector 28;TESS Sector 29;TESS Sector 30;TESS Sector 31;TESS Sector 33;TESS Sector 34;TESS Sector 35;TESS Sector 36;TESS Sector 37;TESS Sector 38;TESS Sector 39;TESS Sector 61;TESS Sector 62;TESS Sector 63;TESS Sector 64;TESS Sector 65;TESS Sector 66;TESS Sector 67;TESS Sector 68;TESS Sector 69;TESS Sector 87;TESS Sector 88;TESS Sector 89;TESS Sector 90;TESS Sector 93;TESS Sector 94;TESS Sector 95;TESS Sector 96;TESS Sector 97,
2404.03,142087638,available,30,TESS Sector 07;TESS Sector 28;TESS Sector 29;TESS Sector 30;TESS Sector 31;TESS Sector 33;TESS Sector 34;TESS Sector 35;TESS Sector 36;TESS Sector 37;TESS Sector 38;TESS Sector 39;TESS Sector 61;TESS Sector 62;TESS Sector 63;TESS Sector 64;TESS Sector 65;TESS Sector 66;TESS Sector 67;TESS Sector 68;TESS Sector 69;TESS Sector 87;TESS Sector 88;TESS Sector 89;TESS Sector 90;TESS Sector 93;TESS Sector 94;TESS Sector 95;TESS Sector 96;TESS Sector 97,
2406.01,212957629,available,4,TESS Sector 30;TESS Sector 42;TESS Sector 43;TESS Sector 70,
2407.01,153078576,available,3,TESS Sector 30;TESS Sector 31;TESS Sector 97,
2409.01,321068176,available,4,TESS Sector 104;TESS Sector 30;TESS Sector 31;TESS Sector 97,
2411.01,10837041,available,2,TESS Sector 30;TESS Sector 97,
2412.01,684936227,available,40,TESS Sector 01;TESS Sector 02;TESS Sector 03;TESS Sector 04;TESS Sector 05;TESS Sector 07;TESS Sector 08;TESS Sector 09;TESS Sector 10;TESS Sector 11;TESS Sector 12;TESS Sector 27;TESS Sector 28;TESS Sector 29;TESS Sector 30;TESS Sector 31;TESS Sector 32;TESS Sector 34;TESS Sector 35;TESS Sector 37;TESS Sector 38;TESS Sector 39;TESS Sector 61;TESS Sector 62;TESS Sector 63;TESS Sector 64;TESS Sector 65;TESS Sector 66;TESS Sector 67;TESS Sector 68;TESS Sector 69;TESS Sector 88;TESS Sector 89;TESS Sector 90;TESS Sector 93;TESS Sector 94;TESS Sector 95;TESS Sector 96;TESS Sector 97;TESS Sector 98,
2413.01,206498307,available,2,TESS Sector 28;TESS Sector 42,
2416.01,237922465,available,11,TESS Sector 28;TESS Sector 29;TESS Sector 30;TESS Sector 31;TESS Sector 38;TESS Sector 62;TESS Sector 65;TESS Sector 69;TESS Sector 95;TESS Sector 96;TESS Sector 97,
2417.01,49617263,not_found,0,,
2418.01,65347776,available,2,TESS Sector 03;TESS Sector 04,
242.01,120585579,available,3,TESS Sector 02;TESS Sector 103;TESS Sector 69,
2420.01,268532343,not_found,0,,
2421.01,70524163,available,2,TESS Sector 104;TESS Sector 97,
2424.01,313891529,available,2,TESS Sector 29;TESS Sector 96,
2427.01,142937186,available,1,TESS Sector 31,
2431.01,258804746,available,5,TESS Sector 31;TESS Sector 42;TESS Sector 43;TESS Sector 70;TESS Sector 71,
2438.01,686072378,available,2,TESS Sector 31;TESS Sector 32,
244.01,118327550,available,5,TESS Sector 02;TESS Sector 104;TESS Sector 29;TESS Sector 69;TESS Sector 96,
2442.01,168871868,available,2,TESS Sector 31;TESS Sector 32,
2443.01,318753380,available,1,TESS Sector 31,
2445.01,439867639,available,2,TESS Sector 04;TESS Sector 31,
2447.01,1167538,available,4,TESS Sector 05;TESS Sector 31;TESS Sector 32;TESS Sector 98,
2448.01,231721005,available,10,TESS Sector 64;TESS Sector 65;TESS Sector 66;TESS Sector 67;TESS Sector 87;TESS Sector 93;TESS Sector 94;TESS Sector 95;TESS Sector 97;TESS Sector 98,
2449.01,170729775,available,3,TESS Sector 04;TESS Sector 05;TESS Sector 98,
2451.01,4294779,available,1,TESS Sector 32,
2452.01,219208037,available,5,TESS Sector 28;TESS Sector 32;TESS Sector 33;TESS Sector 34;TESS Sector 38,
2458.01,449197831,available,2,TESS Sector 32;TESS Sector 98,
2459.01,192790476,available,6,TESS Sector 05;TESS Sector 06;TESS Sector 32;TESS Sector 33;TESS Sector 87;TESS Sector 98,
2468.01,31114545,not_found,0,,
2469.01,117843067,not_found,0,,
2475.01,373453507,not_found,0,,
2480.01,1449756,not_found,0,,
2483.01,219151731,not_found,0,,
2485.01,328934463,available,1,TESS Sector 50,
2492.01,282498590,available,2,TESS Sector 33;TESS Sector 87,
2497.01,97568467,available,3,TESS Sector 33;TESS Sector 72;TESS Sector 87,
2498.01,263179590,available,3,TESS Sector 33;TESS Sector 71;TESS Sector 87,
251.01,224225541,available,4,TESS Sector 02;TESS Sector 29;TESS Sector 69;TESS Sector 96,
2510.01,170103435,available,1,TESS Sector 07,
2511.01,124702477,not_found,0,,
2517.01,48178229,not_found,0,,
2524.01,169249234,available,5,TESS Sector 45;TESS Sector 46;TESS Sector 62;TESS Sector 72;TESS Sector 89,
2525.01,149601126,available,27,TESS Sector 27;TESS Sector 28;TESS Sector 30;TESS Sector 31;TESS Sector 32;TESS Sector 33;TESS Sector 34;TESS Sector 35;TESS Sector 36;TESS Sector 37;TESS Sector 38;TESS Sector 39;TESS Sector 61;TESS Sector 62;TESS Sector 64;TESS Sector 65;TESS Sector 67;TESS Sector 68;TESS Sector 69;TESS Sector 87;TESS Sector 88;TESS Sector 89;TESS Sector 90;TESS Sector 94;TESS Sector 95;TESS Sector 96;TESS Sector 97,
2525.02,149601126,available,27,TESS Sector 27;TESS Sector 28;TESS Sector 30;TESS Sector 31;TESS Sector 32;TESS Sector 33;TESS Sector 34;TESS Sector 35;TESS Sector 36;TESS Sector 37;TESS Sector 38;TESS Sector 39;TESS Sector 61;TESS Sector 62;TESS Sector 64;TESS Sector 65;TESS Sector 67;TESS Sector 68;TESS Sector 69;TESS Sector 87;TESS Sector 88;TESS Sector 89;TESS Sector 90;TESS Sector 94;TESS Sector 95;TESS Sector 96;TESS Sector 97,
2529.01,269333648,available,5,TESS Sector 61;TESS Sector 62;TESS Sector 63;TESS Sector 88;TESS Sector 89,
2537.01,399967279,available,5,TESS Sector 42;TESS Sector 43;TESS Sector 44;TESS Sector 70;TESS Sector 71,
254.01,49687222,available,3,TESS Sector 02;TESS Sector 29;TESS Sector 42,
2543.01,270604417,available,4,TESS Sector 34;TESS Sector 61;TESS Sector 72;TESS Sector 88,
2544.01,341419787,available,8,TESS Sector 34;TESS Sector 36;TESS Sector 61;TESS Sector 62;TESS Sector 63;TESS Sector 88;TESS Sector 89;TESS Sector 90,
2545.01,149845414,available,4,TESS Sector 08;TESS Sector 34;TESS Sector 88;TESS Sector 99,
2548.02,350293646,available,3,TESS Sector 34;TESS Sector 61;TESS Sector 88,
2550.01,294500964,available,8,TESS Sector 34;TESS Sector 44;TESS Sector 45;TESS Sector 46;TESS Sector 61;TESS Sector 71;TESS Sector 72;TESS Sector 88,
2554.01,144043410,available,1,TESS Sector 34,
2555.01,155491828,available,1,TESS Sector 34,
2567.01,258920431,available,28,TESS Sector 40;TESS Sector 41;TESS Sector 47;TESS Sector 48;TESS Sector 49;TESS Sector 50;TESS Sector 51;TESS Sector 52;TESS Sector 53;TESS Sector 54;TESS Sector 55;TESS Sector 56;TESS Sector 57;TESS Sector 58;TESS Sector 59;TESS Sector 60;TESS Sector 73;TESS Sector 74;TESS Sector 76;TESS Sector 77;TESS Sector 79;TESS Sector 80;TESS Sector 81;TESS Sector 82;TESS Sector 83;TESS Sector 84;TESS Sector 85;TESS Sector 86,
257.01,200723869,available,4,TESS Sector 03;TESS Sector 04;TESS Sector 30;TESS Sector 97,
2570.01,239816546,available,6,TESS Sector 44;TESS Sector 45;TESS Sector 59;TESS Sector 71;TESS Sector 72;TESS Sector 73,
2571.01,239638934,available,1,TESS Sector 83,
258.01,350445771,available,30,TESS Sector 01;TESS Sector 02;TESS Sector 03;TESS Sector 04;TESS Sector 05;TESS Sector 06;TESS Sector 07;TESS Sector 08;TESS Sector 09;TESS Sector 10;TESS Sector 11;TESS Sector 12;TESS Sector 13;TESS Sector 61;TESS Sector 62;TESS Sector 63;TESS Sector 64;TESS Sector 65;TESS Sector 66;TESS Sector 67;TESS Sector 68;TESS Sector 69;TESS Sector 87;TESS Sector 88;TESS Sector 89;TESS Sector 90;TESS Sector 93;TESS Sector 94;TESS Sector 95;TESS Sector 96,
2580.01,102713734,available,3,TESS Sector 59;TESS Sector 73;TESS Sector 86,
2583.01,7548817,available,7,TESS Sector 40;TESS Sector 52;TESS Sector 54;TESS Sector 74;TESS Sector 79;TESS Sector 80;TESS Sector 81,
2585.01,62530991,available,2,TESS Sector 08;TESS Sector 61,
2587.01,68007716,available,1,TESS Sector 88,
2589.01,157698565,available,5,TESS Sector 33;TESS Sector 34;TESS Sector 61;TESS Sector 87;TESS Sector 88,
2591.01,229285649,available,3,TESS Sector 71;TESS Sector 72;TESS Sector 87,
2598.01,12036590,available,1,TESS Sector 87,
260.01,37749396,available,3,TESS Sector 03;TESS Sector 42;TESS Sector 70,
2603.01,176772671,available,4,TESS Sector 35;TESS Sector 62;TESS Sector 89;TESS Sector 99,
2607.01,149539158,available,40,TESS Sector 01;TESS Sector 03;TESS Sector 04;TESS Sector 05;TESS Sector 06;TESS Sector 07;TESS Sector 08;TESS Sector 09;TESS Sector 10;TESS Sector 11;TESS Sector 13;TESS Sector 27;TESS Sector 28;TESS Sector 29;TESS Sector 30;TESS Sector 31;TESS Sector 33;TESS Sector 34;TESS Sector 35;TESS Sector 36;TESS Sector 37;TESS Sector 38;TESS Sector 39;TESS Sector 61;TESS Sector 62;TESS Sector 63;TESS Sector 64;TESS Sector 65;TESS Sector 66;TESS Sector 67;TESS Sector 68;TESS Sector 69;TESS Sector 87;TESS Sector 88;TESS Sector 89;TESS Sector 90;TESS Sector 93;TESS Sector 94;TESS Sector 95;TESS Sector 96,
261.01,63898957,available,2,TESS Sector 03;TESS Sector 30,
261.02,63898957,available,2,TESS Sector 03;TESS Sector 30,
2610.01,268914377,available,2,TESS Sector 34;TESS Sector 35,
2611.01,234282389,available,4,TESS Sector 101;TESS Sector 102;TESS Sector 103;TESS Sector 104,
262.01,70513361,available,4,TESS Sector 03;TESS Sector 104;TESS Sector 30;TESS Sector 97,
2623.01,403288821,not_found,0,,
263.01,120916706,available,3,TESS Sector 03;TESS Sector 30;TESS Sector 97,
2632.01,231703293,not_found,0,,
2641.01,162802770,available,6,TESS Sector 100;TESS Sector 36;TESS Sector 37;TESS Sector 63;TESS Sector 90;TESS Sector 99,
2651.01,29830212,not_found,0,,
266.01,164767175,available,3,TESS Sector 03;TESS Sector 30;TESS Sector 97,
266.02,164767175,available,3,TESS Sector 03;TESS Sector 30;TESS Sector 97,
2664.01,277871306,available,4,TESS Sector 35;TESS Sector 45;TESS Sector 46;TESS Sector 72,
2667.01,348684813,available,1,TESS Sector 61,
2669.01,348835438,available,3,TESS Sector 61;TESS Sector 88;TESS Sector 99,
2671.01,190081497,available,2,TESS Sector 61;TESS Sector 62,
2675.01,179033846,not_found,0,,
2680.01,219366908,not_found,0,,
269.01,220479565,available,21,TESS Sector 03;TESS Sector 04;TESS Sector 05;TESS Sector 06;TESS Sector 10;TESS Sector 13;TESS Sector 30;TESS Sector 31;TESS Sector 32;TESS Sector 33;TESS Sector 36;TESS Sector 63;TESS Sector 64;TESS Sector 66;TESS Sector 67;TESS Sector 87;TESS Sector 90;TESS Sector 93;TESS Sector 94;TESS Sector 97;TESS Sector 98,
270.01,259377017,available,7,TESS Sector 03;TESS Sector 04;TESS Sector 05;TESS Sector 30;TESS Sector 32;TESS Sector 97;TESS Sector 98,
270.02,259377017,available,7,TESS Sector 03;TESS Sector 04;TESS Sector 05;TESS Sector 30;TESS Sector 32;TESS Sector 97;TESS Sector 98,
270.03,259377017,available,7,TESS Sector 03;TESS Sector 04;TESS Sector 05;TESS Sector 30;TESS Sector 32;TESS Sector 97;TESS Sector 98,
2708.01,452810327,not_found,0,,
2713.01,332660287,not_found,0,,
2714.01,332534326,not_found,0,,
2717.01,269077474,not_found,0,,
2719.01,176314383,available,1,TESS Sector 98,
273.01,279740441,available,7,TESS Sector 01;TESS Sector 02;TESS Sector 03;TESS Sector 28;TESS Sector 29;TESS Sector 30;TESS Sector 34,
2732.01,34466256,not_found,0,,
2736.01,91869778,available,2,TESS Sector 71;TESS Sector 72,
274.01,281979481,available,9,TESS Sector 03;TESS Sector 10;TESS Sector 11;TESS Sector 12;TESS Sector 13;TESS Sector 33;TESS Sector 37;TESS Sector 38;TESS Sector 39,
2743.01,280212554,available,1,TESS Sector 87,
2744.01,279989567,available,1,TESS Sector 87,
2754.01,148233571,available,2,TESS Sector 87;TESS Sector 88,
2759.01,134315574,available,1,TESS Sector 61,
276.01,382188882,available,35,TESS Sector 03;TESS Sector 04;TESS Sector 06;TESS Sector 07;TESS Sector 09;TESS Sector 10;TESS Sector 11;TESS Sector 13;TESS Sector 27;TESS Sector 28;TESS Sector 30;TESS Sector 31;TESS Sector 32;TESS Sector 33;TESS Sector 34;TESS Sector 36;TESS Sector 37;TESS Sector 38;TESS Sector 39;TESS Sector 63;TESS Sector 64;TESS Sector 65;TESS Sector 66;TESS Sector 67;TESS Sector 68;TESS Sector 69;TESS Sector 87;TESS Sector 88;TESS Sector 90;TESS Sector 93;TESS Sector 94;TESS Sector 95;TESS Sector 96;TESS Sector 97;TESS Sector 98,
2760.01,130611752,available,1,TESS Sector 61,
2768.01,443556801,not_found,0,,
277.01,439456714,available,3,TESS Sector 03;TESS Sector 30;TESS Sector 97,
2771.01,437893926,available,2,TESS Sector 71;TESS Sector 72,
2775.01,36574157,not_found,0,,
2779.01,319735319,available,1,TESS Sector 87,
2784.01,302766000,available,1,TESS Sector 71,
2789.01,251209368,available,1,TESS Sector 87,
2796.01,220076110,available,1,TESS Sector 98,
2803.01,124379043,available,1,TESS Sector 87,
2805.01,5024743,not_found,0,,
2811.01,78775584,not_found,0,,
2812.01,105801221,available,1,TESS Sector 09,
2816.01,131581522,available,1,TESS Sector 61,
2818.01,151483286,available,2,TESS Sector 61;TESS Sector 88,
282.01,29781292,available,44,TESS Sector 01;TESS Sector 02;TESS Sector 03;TESS Sector 04;TESS Sector 05;TESS Sector 06;TESS Sector 07;TESS Sector 08;TESS Sector 09;TESS Sector 10;TESS Sector 11;TESS Sector 12;TESS Sector 13;TESS Sector 27;TESS Sector 28;TESS Sector 29;TESS Sector 30;TESS Sector 31;TESS Sector 33;TESS Sector 34;TESS Sector 35;TESS Sector 36;TESS Sector 37;TESS Sector 38;TESS Sector 39;TESS Sector 61;TESS Sector 62;TESS Sector 63;TESS Sector 64;TESS Sector 65;TESS Sector 66;TESS Sector 67;TESS Sector 68;TESS Sector 69;TESS Sector 87;TESS Sector 88;TESS Sector 89;TESS Sector 90;TESS Sector 93;TESS Sector 94;TESS Sector 95;TESS Sector 96;TESS Sector 97;TESS Sector 98,
282.02,29781292,available,44,TESS Sector 01;TESS Sector 02;TESS Sector 03;TESS Sector 04;TESS Sector 05;TESS Sector 06;TESS Sector 07;TESS Sector 08;TESS Sector 09;TESS Sector 10;TESS Sector 11;TESS Sector 12;TESS Sector 13;TESS Sector 27;TESS Sector 28;TESS Sector 29;TESS Sector 30;TESS Sector 31;TESS Sector 33;TESS Sector 34;TESS Sector 35;TESS Sector 36;TESS Sector 37;TESS Sector 38;TESS Sector 39;TESS Sector 61;TESS Sector 62;TESS Sector 63;TESS Sector 64;TESS Sector 65;TESS Sector 66;TESS Sector 67;TESS Sector 68;TESS Sector 69;TESS Sector 87;TESS Sector 88;TESS Sector 89;TESS Sector 90;TESS Sector 93;TESS Sector 94;TESS Sector 95;TESS Sector 96;TESS Sector 97;TESS Sector 98,
282.03,29781292,available,44,TESS Sector 01;TESS Sector 02;TESS Sector 03;TESS Sector 04;TESS Sector 05;TESS Sector 06;TESS Sector 07;TESS Sector 08;TESS Sector 09;TESS Sector 10;TESS Sector 11;TESS Sector 12;TESS Sector 13;TESS Sector 27;TESS Sector 28;TESS Sector 29;TESS Sector 30;TESS Sector 31;TESS Sector 33;TESS Sector 34;TESS Sector 35;TESS Sector 36;TESS Sector 37;TESS Sector 38;TESS Sector 39;TESS Sector 61;TESS Sector 62;TESS Sector 63;TESS Sector 64;TESS Sector 65;TESS Sector 66;TESS Sector 67;TESS Sector 68;TESS Sector 69;TESS Sector 87;TESS Sector 88;TESS Sector 89;TESS Sector 90;TESS Sector 93;TESS Sector 94;TESS Sector 95;TESS Sector 96;TESS Sector 97;TESS Sector 98,
282.04,29781292,available,44,TESS Sector 01;TESS Sector 02;TESS Sector 03;TESS Sector 04;TESS Sector 05;TESS Sector 06;TESS Sector 07;TESS Sector 08;TESS Sector 09;TESS Sector 10;TESS Sector 11;TESS Sector 12;TESS Sector 13;TESS Sector 27;TESS Sector 28;TESS Sector 29;TESS Sector 30;TESS Sector 31;TESS Sector 33;TESS Sector 34;TESS Sector 35;TESS Sector 36;TESS Sector 37;TESS Sector 38;TESS Sector 39;TESS Sector 61;TESS Sector 62;TESS Sector 63;TESS Sector 64;TESS Sector 65;TESS Sector 66;TESS Sector 67;TESS Sector 68;TESS Sector 69;TESS Sector 87;TESS Sector 88;TESS Sector 89;TESS Sector 90;TESS Sector 93;TESS Sector 94;TESS Sector 95;TESS Sector 96;TESS Sector 97;TESS Sector 98,
2828.01,268042363,available,2,TESS Sector 61;TESS Sector 62,
2829.01,114103134,available,1,TESS Sector 61,
283.01,382626661,available,40,TESS Sector 01;TESS Sector 02;TESS Sector 03;TESS Sector 04;TESS Sector 05;TESS Sector 06;TESS Sector 07;TESS Sector 08;TESS Sector 09;TESS Sector 10;TESS Sector 11;TESS Sector 12;TESS Sector 13;TESS Sector 27;TESS Sector 28;TESS Sector 29;TESS Sector 30;TESS Sector 31;TESS Sector 32;TESS Sector 33;TESS Sector 34;TESS Sector 35;TESS Sector 36;TESS Sector 37;TESS Sector 38;TESS Sector 39;TESS Sector 61;TESS Sector 62;TESS Sector 64;TESS Sector 65;TESS Sector 68;TESS Sector 69;TESS Sector 87;TESS Sector 88;TESS Sector 89;TESS Sector 90;TESS Sector 95;TESS Sector 96;TESS Sector 97;TESS Sector 98,
2835.01,98286422,available,2,TESS Sector 87;TESS Sector 88,
2838.01,81231810,available,1,TESS Sector 87,
2839.01,182470056,available,2,TESS Sector 61;TESS Sector 62,
284.01,277103955,available,26,TESS Sector 01;TESS Sector 03;TESS Sector 04;TESS Sector 05;TESS Sector 06;TESS Sector 07;TESS Sector 08;TESS Sector 10;TESS Sector 11;TESS Sector 13;TESS Sector 27;TESS Sector 28;TESS Sector 30;TESS Sector 31;TESS Sector 32;TESS Sector 33;TESS Sector 34;TESS Sector 35;TESS Sector 37;TESS Sector 38;TESS Sector 87;TESS Sector 89;TESS Sector 93;TESS Sector 94;TESS Sector 95;TESS Sector 96,
2842.01,178162579,available,1,TESS Sector 87,
2844.01,387342052,available,3,TESS Sector 71;TESS Sector 72;TESS Sector 87,
2845.01,177612321,available,1,TESS Sector 87,
2848.01,285524410,available,4,TESS Sector 61;TESS Sector 62;TESS Sector 88;TESS Sector 89,
2855.01,437156845,available,1,TESS Sector 88,
2856.01,172630205,available,1,TESS Sector 87,
286.01,150030205,available,44,TESS Sector 01;TESS Sector 02;TESS Sector 03;TESS Sector 04;TESS Sector 05;TESS Sector 07;TESS Sector 08;TESS Sector 09;TESS Sector 10;TESS Sector 11;TESS Sector 12;TESS Sector 13;TESS Sector 27;TESS Sector 28;TESS Sector 29;TESS Sector 30;TESS Sector 31;TESS Sector 32;TESS Sector 33;TESS Sector 34;TESS Sector 35;TESS Sector 36;TESS Sector 37;TESS Sector 38;TESS Sector 39;TESS Sector 61;TESS Sector 62;TESS Sector 63;TESS Sector 64;TESS Sector 65;TESS Sector 66;TESS Sector 67;TESS Sector 68;TESS Sector 69;TESS Sector 87;TESS Sector 88;TESS Sector 89;TESS Sector 90;TESS Sector 93;TESS Sector 94;TESS Sector 95;TESS Sector 96;TESS Sector 97;TESS Sector 98,
286.02,150030205,available,44,TESS Sector 01;TESS Sector 02;TESS Sector 03;TESS Sector 04;TESS Sector 05;TESS Sector 07;TESS Sector 08;TESS Sector 09;TESS Sector 10;TESS Sector 11;TESS Sector 12;TESS Sector 13;TESS Sector 27;TESS Sector 28;TESS Sector 29;TESS Sector 30;TESS Sector 31;TESS Sector 32;TESS Sector 33;TESS Sector 34;TESS Sector 35;TESS Sector 36;TESS Sector 37;TESS Sector 38;TESS Sector 39;TESS Sector 61;TESS Sector 62;TESS Sector 63;TESS Sector 64;TESS Sector 65;TESS Sector 66;TESS Sector 67;TESS Sector 68;TESS Sector 69;TESS Sector 87;TESS Sector 88;TESS Sector 89;TESS Sector 90;TESS Sector 93;TESS Sector 94;TESS Sector 95;TESS Sector 96;TESS Sector 97;TESS Sector 98,
2863.01,412257781,available,2,TESS Sector 87;TESS Sector 88,
2871.01,155807906,available,2,TESS Sector 61;TESS Sector 88,
2872.01,151930063,available,2,TESS Sector 61;TESS Sector 88,
2874.01,123106490,available,2,TESS Sector 61;TESS Sector 62,
2878.01,4999813,available,1,TESS Sector 87,
2879.01,146836153,available,1,TESS Sector 61,
290.01,201233610,available,4,TESS Sector 28;TESS Sector 29;TESS Sector 68;TESS Sector 69,
2902.01,290302097,available,3,TESS Sector 62;TESS Sector 63;TESS Sector 64,
291.01,49710555,available,2,TESS Sector 29;TESS Sector 42,
2933.01,29336129,available,2,TESS Sector 62;TESS Sector 63,
2936.01,22020459,available,1,TESS Sector 62,
294.01,188570092,available,3,TESS Sector 42;TESS Sector 92;TESS Sector 96,
2944.01,340700241,available,8,TESS Sector 61;TESS Sector 62;TESS Sector 63;TESS Sector 67;TESS Sector 88;TESS Sector 89;TESS Sector 90;TESS Sector 97,
2947.01,374847873,available,1,TESS Sector 90,
2951.01,304025075,available,4,TESS Sector 63;TESS Sector 64;TESS Sector 65;TESS Sector 90,
2953.01,469184909,available,3,TESS Sector 63;TESS Sector 64;TESS Sector 90,
2958.01,463203560,available,3,TESS Sector 63;TESS Sector 64;TESS Sector 90,
2959.01,462162963,available,1,TESS Sector 90,
2963.01,441334829,available,1,TESS Sector 62,
2967.01,103245940,available,1,TESS Sector 90,
297.01,115242351,available,3,TESS Sector 29;TESS Sector 69;TESS Sector 96,
2977.01,361343239,available,3,TESS Sector 63;TESS Sector 64;TESS Sector 90,
2981.01,287145649,available,2,TESS Sector 63;TESS Sector 90,
2987.01,141631253,available,2,TESS Sector 61;TESS Sector 62,
2999.01,34505005,available,2,TESS Sector 62;TESS Sector 63,
300.01,166697854,not_found,0,,
3001.01,468977648,available,4,TESS Sector 62;TESS Sector 63;TESS Sector 89;TESS Sector 90,
3004.01,400395395,available,2,TESS Sector 89;TESS Sector 90,
3005.01,386297468,available,3,TESS Sector 62;TESS Sector 64;TESS Sector 89,
3008.01,383666033,not_found,0,,
3011.01,356461227,available,4,TESS Sector 62;TESS Sector 64;TESS Sector 89;TESS Sector 90,
3018.01,45684223,available,2,TESS Sector 89;TESS Sector 90,
3023.01,454248975,available,2,TESS Sector 64;TESS Sector 65,
3036.01,390157607,not_found,0,,
304.01,262530873,available,2,TESS Sector 29;TESS Sector 69,
3044.01,357538688,available,3,TESS Sector 62;TESS Sector 63;TESS Sector 64,
3049.01,303867090,available,1,TESS Sector 90,
3059.01,464067218,available,3,TESS Sector 63;TESS Sector 64;TESS Sector 90,
3060.01,463681005,available,3,TESS Sector 63;TESS Sector 64;TESS Sector 90,
3071.01,452006073,available,4,TESS Sector 100;TESS Sector 64;TESS Sector 90;TESS Sector 99,
3078.01,443042089,available,4,TESS Sector 63;TESS Sector 64;TESS Sector 89;TESS Sector 90,
3082.01,428699140,available,2,TESS Sector 37;TESS Sector 64,
3085.01,376740324,available,1,TESS Sector 90,
3109.01,120723776,available,1,TESS Sector 90,
3110.01,104022675,available,3,TESS Sector 101;TESS Sector 102;TESS Sector 64,
3122.01,61117473,available,2,TESS Sector 65;TESS Sector 91,
313.01,9102327,not_found,0,,
3146.01,360816293,available,1,TESS Sector 93,
315.01,66356824,available,2,TESS Sector 29;TESS Sector 69,
3153.01,466318137,available,2,TESS Sector 63;TESS Sector 64,
3159.01,449549170,available,5,TESS Sector 100;TESS Sector 101;TESS Sector 64;TESS Sector 65;TESS Sector 99,
3164.01,419946164,not_found,0,,
3165.01,419858461,available,4,TESS Sector 101;TESS Sector 64;TESS Sector 65;TESS Sector 99,
3174.01,392112968,available,2,TESS Sector 64;TESS Sector 65,
3176.01,389999924,available,3,TESS Sector 63;TESS Sector 64;TESS Sector 99,
3181.01,372596796,available,1,TESS Sector 90,
3189.01,361998994,available,1,TESS Sector 63,
320.01,188593930,available,2,TESS Sector 29;TESS Sector 42,
3205.01,322862882,available,1,TESS Sector 91,
321.01,175476629,not_found,0,,
3216.01,306547699,available,1,TESS Sector 64,
3217.01,309436531,available,1,TESS Sector 93,
3218.01,305739565,available,2,TESS Sector 102;TESS Sector 64,
3220.01,304950588,available,1,TESS Sector 64,
3221.01,303883880,available,1,TESS Sector 64,
3235.01,243641947,available,3,TESS Sector 101;TESS Sector 102;TESS Sector 64,
3236.01,242460075,not_found,0,,
3253.01,112037203,not_found,0,,
3257.01,76505260,not_found,0,,
3261.01,358070912,available,11,TESS Sector 63;TESS Sector 66;TESS Sector 67;TESS Sector 68;TESS Sector 69;TESS Sector 87;TESS Sector 90;TESS Sector 93;TESS Sector 94;TESS Sector 95;TESS Sector 96,
329.01,169765334,available,5,TESS Sector 29;TESS Sector 42;TESS Sector 69;TESS Sector 70;TESS Sector 96,
3290.01,31697707,available,1,TESS Sector 94,
3306.01,369861731,available,1,TESS Sector 94,
331.01,262531275,available,3,TESS Sector 29;TESS Sector 30;TESS Sector 69,
3311.01,337274055,available,2,TESS Sector 66;TESS Sector 93,
3313.01,327210623,available,1,TESS Sector 93,
3319.01,310267134,available,1,TESS Sector 93,
332.01,139285832,available,4,TESS Sector 28;TESS Sector 68;TESS Sector 95;TESS Sector 96,
3321.01,306648160,available,6,TESS Sector 100;TESS Sector 101;TESS Sector 102;TESS Sector 103;TESS Sector 66;TESS Sector 93,
3323.01,305512837,not_found,0,,
333.01,224245334,available,3,TESS Sector 29;TESS Sector 69;TESS Sector 96,
3331.01,194795551,available,5,TESS Sector 104;TESS Sector 66;TESS Sector 91;TESS Sector 92;TESS Sector 93,
3332.01,194179013,available,3,TESS Sector 91;TESS Sector 92;TESS Sector 93,
3343.01,58046864,available,2,TESS Sector 66;TESS Sector 93,
3347.01,131581531,available,1,TESS Sector 88,
335.01,41865539,not_found,0,,
3353.01,391903064,available,43,TESS Sector 01;TESS Sector 02;TESS Sector 03;TESS Sector 04;TESS Sector 06;TESS Sector 07;TESS Sector 08;TESS Sector 09;TESS Sector 10;TESS Sector 11;TESS Sector 12;TESS Sector 13;TESS Sector 27;TESS Sector 28;TESS Sector 29;TESS Sector 30;TESS Sector 31;TESS Sector 32;TESS Sector 33;TESS Sector 34;TESS Sector 35;TESS Sector 36;TESS Sector 37;TESS Sector 38;TESS Sector 39;TESS Sector 61;TESS Sector 62;TESS Sector 63;TESS Sector 64;TESS Sector 65;TESS Sector 66;TESS Sector 67;TESS Sector 68;TESS Sector 87;TESS Sector 88;TESS Sector 89;TESS Sector 90;TESS Sector 93;TESS Sector 94;TESS Sector 95;TESS Sector 96;TESS Sector 97;TESS Sector 98,
3357.01,412259468,available,3,TESS Sector 34;TESS Sector 87;TESS Sector 88,
3358.01,146244533,available,2,TESS Sector 35;TESS Sector 36,
336.01,55452495,available,5,TESS Sector 07;TESS Sector 10;TESS Sector 11;TESS Sector 12;TESS Sector 13,
3362.01,464300749,available,4,TESS Sector 63;TESS Sector 64;TESS Sector 90;TESS Sector 99,
3364.01,280655495,available,4,TESS Sector 62;TESS Sector 63;TESS Sector 89;TESS Sector 90,
3369.01,190981760,not_found,0,,
337.01,155986102,not_found,0,,
3372.01,131036011,not_found,0,,
3375.01,185482513,not_found,0,,
3377.01,184670625,not_found,0,,
3379.01,130191319,available,1,TESS Sector 61,
3381.01,129881395,available,1,TESS Sector 61,
3385.01,175079720,available,1,TESS Sector 61,
3388.01,173860688,not_found,0,,
3389.01,419419534,available,1,TESS Sector 61,
339.01,69838258,not_found,0,,
3392.01,80174172,not_found,0,,
3399.01,153197346,not_found,0,,
3402.01,152685831,not_found,0,,
3408.01,7904580,available,2,TESS Sector 61;TESS Sector 88,
342.01,415969574,available,1,TESS Sector 42,
3420.01,293978434,not_found,0,,
3423.01,144970275,not_found,0,,
3424.01,283702603,not_found,0,,
3435.01,238162973,available,2,TESS Sector 61;TESS Sector 62,
3436.01,132320310,not_found,0,,
3440.01,208030798,not_found,0,,
3466.01,284254253,not_found,0,,
3467.01,453289469,not_found,0,,
3468.01,282091493,not_found,0,,
3472.01,275562670,not_found,0,,
3482.01,254629854,not_found,0,,
349.01,382474101,available,2,TESS Sector 02;TESS Sector 69,
3503.01,459850897,available,6,TESS Sector 100;TESS Sector 37;TESS Sector 63;TESS Sector 64;TESS Sector 90;TESS Sector 99,
3504.01,117689799,available,2,TESS Sector 54;TESS Sector 55,
3507.01,86451883,available,6,TESS Sector 54;TESS Sector 55;TESS Sector 74;TESS Sector 75;TESS Sector 81;TESS Sector 82,
3508.01,278968371,available,1,TESS Sector 54,
3512.01,40779013,available,2,TESS Sector 54;TESS Sector 55,
3524.01,106224626,available,4,TESS Sector 74;TESS Sector 75;TESS Sector 81;TESS Sector 82,
3525.01,373576942,available,5,TESS Sector 55;TESS Sector 75;TESS Sector 76;TESS Sector 82;TESS Sector 83,
3526.01,89876424,available,5,TESS Sector 55;TESS Sector 74;TESS Sector 75;TESS Sector 81;TESS Sector 82,
3528.01,67247610,available,3,TESS Sector 55;TESS Sector 75;TESS Sector 82,
3536.01,27844066,available,2,TESS Sector 54;TESS Sector 55,
3537.01,294599100,available,1,TESS Sector 54,
3540.01,17865622,available,3,TESS Sector 56;TESS Sector 82;TESS Sector 83,
3541.01,291147951,available,1,TESS Sector 82,
3542.01,16187321,available,3,TESS Sector 55;TESS Sector 75;TESS Sector 82,
3548.01,271167979,available,3,TESS Sector 54;TESS Sector 55;TESS Sector 82,
3549.01,269269740,available,6,TESS Sector 54;TESS Sector 55;TESS Sector 74;TESS Sector 75;TESS Sector 81;TESS Sector 82,
3557.01,271042173,available,1,TESS Sector 54,
3561.01,172754786,available,6,TESS Sector 54;TESS Sector 55;TESS Sector 74;TESS Sector 75;TESS Sector 81;TESS Sector 82,
3562.01,193708920,available,1,TESS Sector 55,
3565.01,1965256662,available,3,TESS Sector 55;TESS Sector 75;TESS Sector 82,
3566.01,169187982,available,2,TESS Sector 54;TESS Sector 55,
3568.01,160390955,available,4,TESS Sector 55;TESS Sector 56;TESS Sector 82;TESS Sector 83,
357.01,220016044,available,3,TESS Sector 29;TESS Sector 30;TESS Sector 69,
3572.01,1976308113,available,5,TESS Sector 56;TESS Sector 75;TESS Sector 76;TESS Sector 82;TESS Sector 83,
3577.01,396133015,available,3,TESS Sector 56;TESS Sector 76;TESS Sector 83,
3578.01,358186451,available,2,TESS Sector 55;TESS Sector 56,
3579.01,316606244,not_found,0,,
3580.01,305478010,available,1,TESS Sector 83,
3581.01,295413003,available,1,TESS Sector 55,
360.01,13023738,available,1,TESS Sector 29,
3608.01,267867517,available,1,TESS Sector 55,
3610.01,267484653,available,12,TESS Sector 47;TESS Sector 54;TESS Sector 55;TESS Sector 56;TESS Sector 57;TESS Sector 74;TESS Sector 75;TESS Sector 76;TESS Sector 77;TESS Sector 81;TESS Sector 82;TESS Sector 83,
3614.01,233831759,available,7,TESS Sector 55;TESS Sector 56;TESS Sector 57;TESS Sector 75;TESS Sector 77;TESS Sector 82;TESS Sector 84,
3621.01,435861696,available,1,TESS Sector 57,
3626.01,398912927,available,3,TESS Sector 42;TESS Sector 43;TESS Sector 70,
3627.01,1979500576,available,1,TESS Sector 55,
3629.01,455784423,available,2,TESS Sector 57;TESS Sector 84,
3631.01,429414530,available,1,TESS Sector 55,
3634.01,80478272,available,1,TESS Sector 57,
3643.01,453230066,available,1,TESS Sector 58,
3658.01,71854732,available,1,TESS Sector 58,
3659.01,374778982,available,1,TESS Sector 58,
3663.01,354151219,available,1,TESS Sector 58,
367.01,9033144,available,4,TESS Sector 02;TESS Sector 29;TESS Sector 69;TESS Sector 96,
3672.01,50943163,not_found,0,,
3677.01,458876004,available,2,TESS Sector 85;TESS Sector 86,
3678.01,34551972,available,5,TESS Sector 42;TESS Sector 43;TESS Sector 44;TESS Sector 58;TESS Sector 85,
368.01,77031413,available,2,TESS Sector 29;TESS Sector 69,
3684.01,28873762,available,5,TESS Sector 42;TESS Sector 43;TESS Sector 44;TESS Sector 70;TESS Sector 71,
3688.01,245509452,available,2,TESS Sector 58;TESS Sector 85,
3693.01,240823272,available,2,TESS Sector 58;TESS Sector 85,
3712.01,354442783,available,2,TESS Sector 59;TESS Sector 73,
3714.01,155867025,available,2,TESS Sector 59;TESS Sector 86,
3725.01,339250695,available,2,TESS Sector 59;TESS Sector 73,
3728.01,116257066,available,4,TESS Sector 43;TESS Sector 44;TESS Sector 45;TESS Sector 73,
373.01,9032368,available,2,TESS Sector 29;TESS Sector 42,
3733.01,321436679,available,2,TESS Sector 59;TESS Sector 73,
3740.01,87597187,available,2,TESS Sector 59;TESS Sector 73,
3742.01,286696848,available,2,TESS Sector 59;TESS Sector 73,
3746.01,284747017,available,4,TESS Sector 43;TESS Sector 44;TESS Sector 45;TESS Sector 73,
3753.01,467783290,available,4,TESS Sector 43;TESS Sector 44;TESS Sector 70;TESS Sector 71,
3755.01,281196902,available,3,TESS Sector 59;TESS Sector 73;TESS Sector 86,
3757.01,445751830,available,3,TESS Sector 59;TESS Sector 60;TESS Sector 73,
3759.01,27244707,available,1,TESS Sector 59,
3766.01,9830791,available,2,TESS Sector 73;TESS Sector 86,
377.01,139285736,not_found,0,,
378.01,20892672,not_found,0,,
3781.01,470974162,available,1,TESS Sector 47,
3785.01,458419328,available,2,TESS Sector 47;TESS Sector 74,
379.01,220396259,available,10,TESS Sector 03;TESS Sector 04;TESS Sector 05;TESS Sector 12;TESS Sector 29;TESS Sector 30;TESS Sector 31;TESS Sector 32;TESS Sector 36;TESS Sector 39,
3790.01,29117085,available,1,TESS Sector 47,
3794.01,416539317,available,3,TESS Sector 47;TESS Sector 60;TESS Sector 74,
3795.01,253030300,available,2,TESS Sector 60;TESS Sector 73,
3796.01,393251073,available,1,TESS Sector 47,
3799.01,373614579,available,2,TESS Sector 47;TESS Sector 60,
3807.01,289661991,available,3,TESS Sector 47;TESS Sector 60;TESS Sector 74,
3808.01,138497780,available,6,TESS Sector 43;TESS Sector 44;TESS Sector 45;TESS Sector 60;TESS Sector 71;TESS Sector 73,
381.01,207084429,available,7,TESS Sector 02;TESS Sector 03;TESS Sector 103;TESS Sector 104;TESS Sector 29;TESS Sector 69;TESS Sector 96,
3810.01,239136269,available,5,TESS Sector 44;TESS Sector 45;TESS Sector 46;TESS Sector 47;TESS Sector 60,
3819.01,95660472,available,6,TESS Sector 44;TESS Sector 45;TESS Sector 46;TESS Sector 47;TESS Sector 71;TESS Sector 72,
382.01,229091748,available,1,TESS Sector 29,
3824.01,71134735,available,2,TESS Sector 47;TESS Sector 60,
3825.01,39077574,available,1,TESS Sector 48,
3827.01,8677530,available,1,TESS Sector 48,
383.01,167418898,available,29,TESS Sector 01;TESS Sector 02;TESS Sector 03;TESS Sector 04;TESS Sector 05;TESS Sector 06;TESS Sector 07;TESS Sector 08;TESS Sector 09;TESS Sector 11;TESS Sector 12;TESS Sector 13;TESS Sector 28;TESS Sector 29;TESS Sector 30;TESS Sector 31;TESS Sector 32;TESS Sector 33;TESS Sector 34;TESS Sector 35;TESS Sector 36;TESS Sector 38;TESS Sector 39;TESS Sector 87;TESS Sector 88;TESS Sector 89;TESS Sector 93;TESS Sector 94;TESS Sector 96,
3837.01,308073360,available,3,TESS Sector 45;TESS Sector 46;TESS Sector 48,
384.01,155995204,available,2,TESS Sector 28;TESS Sector 29,
3843.01,841226527,available,5,TESS Sector 40;TESS Sector 41;TESS Sector 47;TESS Sector 60;TESS Sector 74,
3845.01,156816238,available,1,TESS Sector 48,
385.01,300810086,available,23,TESS Sector 10;TESS Sector 11;TESS Sector 12;TESS Sector 13;TESS Sector 28;TESS Sector 29;TESS Sector 30;TESS Sector 31;TESS Sector 32;TESS Sector 33;TESS Sector 34;TESS Sector 35;TESS Sector 36;TESS Sector 38;TESS Sector 39;TESS Sector 87;TESS Sector 88;TESS Sector 89;TESS Sector 90;TESS Sector 93;TESS Sector 94;TESS Sector 95;TESS Sector 96,
3862.01,141205978,available,4,TESS Sector 48;TESS Sector 49;TESS Sector 75;TESS Sector 76,
3864.01,1001477809,available,4,TESS Sector 48;TESS Sector 49;TESS Sector 75;TESS Sector 76,
387.01,92359850,available,1,TESS Sector 04,
3883.01,99330090,available,2,TESS Sector 48;TESS Sector 49,
3884.01,86263325,available,2,TESS Sector 46;TESS Sector 49,
3885.01,55748194,available,2,TESS Sector 48;TESS Sector 75,
389.01,271900960,available,34,TESS Sector 01;TESS Sector 02;TESS Sector 03;TESS Sector 04;TESS Sector 05;TESS Sector 06;TESS Sector 07;TESS Sector 08;TESS Sector 09;TESS Sector 10;TESS Sector 11;TESS Sector 12;TESS Sector 13;TESS Sector 27;TESS Sector 28;TESS Sector 29;TESS Sector 30;TESS Sector 31;TESS Sector 32;TESS Sector 33;TESS Sector 34;TESS Sector 35;TESS Sector 36;TESS Sector 37;TESS Sector 38;TESS Sector 39;TESS Sector 66;TESS Sector 87;TESS Sector 88;TESS Sector 89;TESS Sector 90;TESS Sector 93;TESS Sector 94;TESS Sector 95,
3890.01,18017227,available,1,TESS Sector 48,
3894.01,165464482,available,2,TESS Sector 49;TESS Sector 76,
390.01,250386181,available,2,TESS Sector 04;TESS Sector 30,
3912.01,156648452,available,2,TESS Sector 50;TESS Sector 77,
3914.01,139118482,available,1,TESS Sector 49,
3917.01,68035558,available,2,TESS Sector 50;TESS Sector 77,
3919.01,23769326,available,4,TESS Sector 49;TESS Sector 50;TESS Sector 76;TESS Sector 77,
3920.01,2016376984,available,4,TESS Sector 57;TESS Sector 77;TESS Sector 83;TESS Sector 84,
3921.01,1101909431,available,2,TESS Sector 77;TESS Sector 78,
3924.01,456042145,available,2,TESS Sector 77;TESS Sector 78,
3925.01,435167167,not_found,0,,
393.01,29960109,available,2,TESS Sector 04;TESS Sector 31,
3938.01,367333043,not_found,0,,
3948.01,335489455,available,2,TESS Sector 78;TESS Sector 83,
3957.01,305550963,available,7,TESS Sector 56;TESS Sector 57;TESS Sector 58;TESS Sector 76;TESS Sector 77;TESS Sector 78;TESS Sector 83,
396.01,178155732,available,4,TESS Sector 04;TESS Sector 30;TESS Sector 31;TESS Sector 97,
396.02,178155732,available,4,TESS Sector 04;TESS Sector 30;TESS Sector 31;TESS Sector 97,
396.03,178155732,available,4,TESS Sector 04;TESS Sector 30;TESS Sector 31;TESS Sector 97,
3963.01,271439193,available,6,TESS Sector 57;TESS Sector 58;TESS Sector 77;TESS Sector 78;TESS Sector 84;TESS Sector 85,
3964.01,270435047,available,4,TESS Sector 57;TESS Sector 58;TESS Sector 77;TESS Sector 78,
397.01,219379012,available,2,TESS Sector 04;TESS Sector 06,
3975.01,155947004,available,2,TESS Sector 50;TESS Sector 51,
3976.01,154293917,not_found,0,,
3979.01,444523623,not_found,0,,
3981.01,312548415,available,2,TESS Sector 58;TESS Sector 85,
3983.01,20303110,available,4,TESS Sector 50;TESS Sector 51;TESS Sector 77;TESS Sector 78,
3984.01,20182780,available,4,TESS Sector 50;TESS Sector 51;TESS Sector 77;TESS Sector 78,
3985.01,604863428,not_found,0,,
3986.01,470911286,available,3,TESS Sector 58;TESS Sector 78;TESS Sector 85,
3987.01,452972453,not_found,0,,
3989.01,444413256,available,2,TESS Sector 58;TESS Sector 78,
399.01,219388773,available,6,TESS Sector 04;TESS Sector 05;TESS Sector 06;TESS Sector 31;TESS Sector 32;TESS Sector 33,
3990.01,420446142,not_found,0,,
3994.01,372505528,not_found,0,,
3996.01,347011522,available,1,TESS Sector 57,
3999.01,284528889,available,1,TESS Sector 58,
4000.01,283015592,available,5,TESS Sector 57;TESS Sector 58;TESS Sector 77;TESS Sector 78;TESS Sector 85,
4002.01,83053699,available,4,TESS Sector 57;TESS Sector 58;TESS Sector 77;TESS Sector 78,
4005.01,395773226,available,1,TESS Sector 52,
4006.01,390048041,available,3,TESS Sector 52;TESS Sector 58;TESS Sector 78,
4008.01,379629854,available,5,TESS Sector 52;TESS Sector 58;TESS Sector 59;TESS Sector 78;TESS Sector 79,
401.01,259701242,available,16,TESS Sector 03;TESS Sector 04;TESS Sector 05;TESS Sector 06;TESS Sector 13;TESS Sector 30;TESS Sector 31;TESS Sector 32;TESS Sector 33;TESS Sector 36;TESS Sector 66;TESS Sector 90;TESS Sector 93;TESS Sector 94;TESS Sector 97;TESS Sector 98,
4010.01,352682207,available,4,TESS Sector 52;TESS Sector 58;TESS Sector 78;TESS Sector 85,
4010.02,352682207,available,4,TESS Sector 52;TESS Sector 58;TESS Sector 78;TESS Sector 85,
4010.03,352682207,available,4,TESS Sector 52;TESS Sector 58;TESS Sector 78;TESS Sector 85,
4019.01,284305328,available,2,TESS Sector 58;TESS Sector 78,
402.01,120896927,available,4,TESS Sector 03;TESS Sector 04;TESS Sector 30;TESS Sector 97,
402.02,120896927,available,4,TESS Sector 03;TESS Sector 04;TESS Sector 30;TESS Sector 97,
4020.01,10974783,available,2,TESS Sector 52;TESS Sector 58,
4032.01,387603144,not_found,0,,
4036.01,367913453,available,1,TESS Sector 52,
4037.01,367287018,available,6,TESS Sector 52;TESS Sector 58;TESS Sector 59;TESS Sector 73;TESS Sector 78;TESS Sector 79,
4044.01,307956396,available,9,TESS Sector 73;TESS Sector 74;TESS Sector 75;TESS Sector 76;TESS Sector 78;TESS Sector 79;TESS Sector 80;TESS Sector 82;TESS Sector 83,
4048.01,279605855,available,3,TESS Sector 52;TESS Sector 77;TESS Sector 78,
405.01,176984236,available,10,TESS Sector 04;TESS Sector 05;TESS Sector 07;TESS Sector 08;TESS Sector 09;TESS Sector 10;TESS Sector 11;TESS Sector 12;TESS Sector 13;TESS Sector 97,
4051.01,237101326,available,24,TESS Sector 47;TESS Sector 49;TESS Sector 50;TESS Sector 51;TESS Sector 52;TESS Sector 53;TESS Sector 54;TESS Sector 55;TESS Sector 56;TESS Sector 57;TESS Sector 59;TESS Sector 60;TESS Sector 73;TESS Sector 74;TESS Sector 76;TESS Sector 77;TESS Sector 78;TESS Sector 79;TESS Sector 80;TESS Sector 81;TESS Sector 82;TESS Sector 83;TESS Sector 84;TESS Sector 86,
4052.01,236775063,available,7,TESS Sector 48;TESS Sector 49;TESS Sector 50;TESS Sector 52;TESS Sector 53;TESS Sector 54;TESS Sector 55,
4053.01,235684392,available,22,TESS Sector 47;TESS Sector 48;TESS Sector 50;TESS Sector 51;TESS Sector 52;TESS Sector 53;TESS Sector 54;TESS Sector 55;TESS Sector 57;TESS Sector 58;TESS Sector 60;TESS Sector 73;TESS Sector 74;TESS Sector 75;TESS Sector 77;TESS Sector 78;TESS Sector 79;TESS Sector 80;TESS Sector 81;TESS Sector 84;TESS Sector 85;TESS Sector 86,
406.01,153065527,available,5,TESS Sector 03;TESS Sector 04;TESS Sector 30;TESS Sector 31;TESS Sector 97,
406.02,153065527,available,5,TESS Sector 03;TESS Sector 04;TESS Sector 30;TESS Sector 31;TESS Sector 97,
4061.01,224601047,available,27,TESS Sector 47;TESS Sector 48;TESS Sector 49;TESS Sector 50;TESS Sector 51;TESS Sector 52;TESS Sector 53;TESS Sector 54;TESS Sector 55;TESS Sector 56;TESS Sector 57;TESS Sector 58;TESS Sector 59;TESS Sector 60;TESS Sector 73;TESS Sector 74;TESS Sector 75;TESS Sector 77;TESS Sector 78;TESS Sector 79;TESS Sector 80;TESS Sector 81;TESS Sector 82;TESS Sector 83;TESS Sector 84;TESS Sector 85;TESS Sector 86,
4067.01,162577466,available,6,TESS Sector 50;TESS Sector 51;TESS Sector 52;TESS Sector 77;TESS Sector 78;TESS Sector 79,
4068.01,159334269,available,3,TESS Sector 48;TESS Sector 52;TESS Sector 53,
408.01,176778112,available,3,TESS Sector 04;TESS Sector 30;TESS Sector 31,
4083.01,399444057,available,1,TESS Sector 52,
4087.01,310002617,available,12,TESS Sector 40;TESS Sector 41;TESS Sector 47;TESS Sector 52;TESS Sector 53;TESS Sector 59;TESS Sector 60;TESS Sector 73;TESS Sector 74;TESS Sector 75;TESS Sector 79;TESS Sector 86,
409.01,167754523,available,21,TESS Sector 01;TESS Sector 02;TESS Sector 03;TESS Sector 04;TESS Sector 05;TESS Sector 06;TESS Sector 07;TESS Sector 08;TESS Sector 09;TESS Sector 10;TESS Sector 11;TESS Sector 12;TESS Sector 13;TESS Sector 87;TESS Sector 88;TESS Sector 89;TESS Sector 90;TESS Sector 93;TESS Sector 94;TESS Sector 95;TESS Sector 96,
4091.01,289316336,available,2,TESS Sector 53;TESS Sector 54,
410.01,206466531,available,4,TESS Sector 03;TESS Sector 04;TESS Sector 30;TESS Sector 31,
4102.01,237235093,available,21,TESS Sector 16;TESS Sector 18;TESS Sector 24;TESS Sector 25;TESS Sector 26;TESS Sector 47;TESS Sector 48;TESS Sector 49;TESS Sector 50;TESS Sector 51;TESS Sector 52;TESS Sector 53;TESS Sector 54;TESS Sector 55;TESS Sector 56;TESS Sector 57;TESS Sector 59;TESS Sector 60;TESS Sector 84;TESS Sector 85;TESS Sector 86,
411.01,100990000,available,5,TESS Sector 03;TESS Sector 04;TESS Sector 30;TESS Sector 31;TESS Sector 97,
411.02,100990000,available,5,TESS Sector 03;TESS Sector 04;TESS Sector 30;TESS Sector 31;TESS Sector 97,
4110.01,230075120,available,20,TESS Sector 47;TESS Sector 48;TESS Sector 49;TESS Sector 50;TESS Sector 51;TESS Sector 52;TESS Sector 53;TESS Sector 54;TESS Sector 55;TESS Sector 73;TESS Sector 74;TESS Sector 75;TESS Sector 76;TESS Sector 77;TESS Sector 78;TESS Sector 79;TESS Sector 80;TESS Sector 81;TESS Sector 82;TESS Sector 83,
4112.01,229976631,available,29,TESS Sector 40;TESS Sector 41;TESS Sector 47;TESS Sector 48;TESS Sector 49;TESS Sector 50;TESS Sector 51;TESS Sector 52;TESS Sector 53;TESS Sector 54;TESS Sector 55;TESS Sector 56;TESS Sector 57;TESS Sector 58;TESS Sector 60;TESS Sector 73;TESS Sector 74;TESS Sector 75;TESS Sector 76;TESS Sector 77;TESS Sector 78;TESS Sector 79;TESS Sector 80;TESS Sector 81;TESS Sector 82;TESS Sector 83;TESS Sector 84;TESS Sector 85;TESS Sector 86,
4116.01,198616607,available,7,TESS Sector 52;TESS Sector 53;TESS Sector 54;TESS Sector 74;TESS Sector 79;TESS Sector 80;TESS Sector 81,
412.01,7624182,available,4,TESS Sector 04;TESS Sector 05;TESS Sector 31;TESS Sector 32,
4126.01,141616639,available,2,TESS Sector 47;TESS Sector 53,
4127.01,141488193,available,6,TESS Sector 40;TESS Sector 47;TESS Sector 53;TESS Sector 60;TESS Sector 73;TESS Sector 74,
4130.01,71396541,available,1,TESS Sector 47,
4134.01,420803693,available,2,TESS Sector 52;TESS Sector 53,
4135.01,288471040,available,26,TESS Sector 47;TESS Sector 48;TESS Sector 49;TESS Sector 50;TESS Sector 51;TESS Sector 52;TESS Sector 53;TESS Sector 54;TESS Sector 55;TESS Sector 57;TESS Sector 58;TESS Sector 59;TESS Sector 60;TESS Sector 73;TESS Sector 74;TESS Sector 75;TESS Sector 76;TESS Sector 77;TESS Sector 78;TESS Sector 79;TESS Sector 80;TESS Sector 81;TESS Sector 82;TESS Sector 84;TESS Sector 85;TESS Sector 86,
4137.01,417646390,available,5,TESS Sector 52;TESS Sector 53;TESS Sector 59;TESS Sector 73;TESS Sector 86,
4138.01,257060897,available,13,TESS Sector 40;TESS Sector 41;TESS Sector 47;TESS Sector 48;TESS Sector 49;TESS Sector 53;TESS Sector 56;TESS Sector 60;TESS Sector 74;TESS Sector 75;TESS Sector 76;TESS Sector 80;TESS Sector 83,
4139.01,408729765,available,2,TESS Sector 52;TESS Sector 53,
414.01,325680697,available,2,TESS Sector 04;TESS Sector 31,
4143.01,371711170,available,1,TESS Sector 53,
4145.01,279947414,available,6,TESS Sector 52;TESS Sector 53;TESS Sector 59;TESS Sector 73;TESS Sector 79;TESS Sector 86,
4148.01,137157546,available,5,TESS Sector 52;TESS Sector 58;TESS Sector 59;TESS Sector 73;TESS Sector 79,
4153.01,470171739,available,8,TESS Sector 53;TESS Sector 58;TESS Sector 59;TESS Sector 60;TESS Sector 73;TESS Sector 78;TESS Sector 79;TESS Sector 85,
4155.01,467331291,available,10,TESS Sector 52;TESS Sector 53;TESS Sector 58;TESS Sector 59;TESS Sector 73;TESS Sector 77;TESS Sector 78;TESS Sector 79;TESS Sector 85;TESS Sector 86,
4157.01,461538935,available,6,TESS Sector 52;TESS Sector 53;TESS Sector 58;TESS Sector 60;TESS Sector 78;TESS Sector 79,
416.01,49899799,available,2,TESS Sector 04;TESS Sector 31,
4167.01,377165123,available,26,TESS Sector 47;TESS Sector 48;TESS Sector 49;TESS Sector 50;TESS Sector 52;TESS Sector 53;TESS Sector 54;TESS Sector 55;TESS Sector 56;TESS Sector 57;TESS Sector 58;TESS Sector 59;TESS Sector 60;TESS Sector 73;TESS Sector 74;TESS Sector 75;TESS Sector 76;TESS Sector 78;TESS Sector 79;TESS Sector 80;TESS Sector 81;TESS Sector 82;TESS Sector 83;TESS Sector 84;TESS Sector 85;TESS Sector 86,
417.01,339733013,available,9,TESS Sector 04;TESS Sector 06;TESS Sector 07;TESS Sector 08;TESS Sector 09;TESS Sector 10;TESS Sector 11;TESS Sector 12;TESS Sector 13,
4178.01,289988797,available,1,TESS Sector 10,
4181.01,426017070,available,12,TESS Sector 02;TESS Sector 13;TESS Sector 27;TESS Sector 28;TESS Sector 29;TESS Sector 63;TESS Sector 67;TESS Sector 68;TESS Sector 69;TESS Sector 94;TESS Sector 95;TESS Sector 96,
4184.01,394357918,available,9,TESS Sector 01;TESS Sector 28;TESS Sector 39;TESS Sector 66;TESS Sector 68;TESS Sector 89;TESS Sector 93;TESS Sector 94;TESS Sector 95,
4188.01,424747720,available,2,TESS Sector 13;TESS Sector 27,
419.01,279251651,available,32,TESS Sector 02;TESS Sector 03;TESS Sector 04;TESS Sector 05;TESS Sector 06;TESS Sector 07;TESS Sector 08;TESS Sector 09;TESS Sector 10;TESS Sector 12;TESS Sector 13;TESS Sector 27;TESS Sector 28;TESS Sector 29;TESS Sector 30;TESS Sector 31;TESS Sector 32;TESS Sector 33;TESS Sector 34;TESS Sector 35;TESS Sector 36;TESS Sector 37;TESS Sector 38;TESS Sector 39;TESS Sector 87;TESS Sector 88;TESS Sector 89;TESS Sector 90;TESS Sector 93;TESS Sector 94;TESS Sector 95;TESS Sector 96,
420.01,408159788,available,2,TESS Sector 05;TESS Sector 32,
4201.01,95057860,available,2,TESS Sector 87;TESS Sector 98,
4207.01,37242226,not_found,0,,
421.01,94986319,available,4,TESS Sector 05;TESS Sector 06;TESS Sector 32;TESS Sector 98,
421.02,94986319,available,4,TESS Sector 05;TESS Sector 06;TESS Sector 32;TESS Sector 98,
4213.01,32408928,not_found,0,,
4216.01,187861378,not_found,0,,
4217.01,108939482,available,1,TESS Sector 61,
4219.01,114103136,not_found,0,,
4222.01,318054782,not_found,0,,
4225.01,141405814,not_found,0,,
4229.01,319282294,not_found,0,,
4232.01,126357909,not_found,0,,
4233.01,113295476,available,2,TESS Sector 61;TESS Sector 88,
4235.01,157528286,available,1,TESS Sector 61,
424.01,117979694,available,2,TESS Sector 05;TESS Sector 32,
425.01,169532369,available,2,TESS Sector 05;TESS Sector 32,
4251.01,192520375,available,1,TESS Sector 62,
4255.01,82302240,available,2,TESS Sector 61;TESS Sector 62,
4256.01,77102895,not_found,0,,
4257.01,75208638,available,2,TESS Sector 62;TESS Sector 63,
4258.01,74484886,not_found,0,,
4261.01,74197917,available,2,TESS Sector 62;TESS Sector 63,
4263.01,48276576,available,3,TESS Sector 62;TESS Sector 89;TESS Sector 99,
4265.01,118308828,available,5,TESS Sector 61;TESS Sector 62;TESS Sector 63;TESS Sector 89;TESS Sector 90,
4268.01,341272282,not_found,0,,
4270.01,151920165,available,4,TESS Sector 100;TESS Sector 63;TESS Sector 90;TESS Sector 99,
4275.01,363635669,available,3,TESS Sector 63;TESS Sector 64;TESS Sector 90,
4279.01,407146536,available,4,TESS Sector 39;TESS Sector 65;TESS Sector 66;TESS Sector 93,
4281.01,384386061,available,5,TESS Sector 100;TESS Sector 101;TESS Sector 102;TESS Sector 66;TESS Sector 93,
4292.01,255918903,available,1,TESS Sector 66,
4294.01,30499203,available,3,TESS Sector 67;TESS Sector 92;TESS Sector 94,
4296.01,72668830,available,3,TESS Sector 03;TESS Sector 30;TESS Sector 97,
430.01,459942762,available,2,TESS Sector 05;TESS Sector 32,
4300.01,266843799,not_found,0,,
4306.01,44898913,available,4,TESS Sector 04;TESS Sector 05;TESS Sector 31;TESS Sector 32,
4308.01,144193715,available,4,TESS Sector 01;TESS Sector 28;TESS Sector 68;TESS Sector 95,
431.01,31374837,available,4,TESS Sector 05;TESS Sector 06;TESS Sector 32;TESS Sector 98,
431.02,31374837,available,4,TESS Sector 05;TESS Sector 06;TESS Sector 32;TESS Sector 98,
4311.01,122617317,available,5,TESS Sector 03;TESS Sector 04;TESS Sector 30;TESS Sector 31;TESS Sector 97,
4311.02,122617317,available,5,TESS Sector 03;TESS Sector 04;TESS Sector 30;TESS Sector 31;TESS Sector 97,
4312.01,251086776,available,2,TESS Sector 04;TESS Sector 31,
4314.01,459952217,available,3,TESS Sector 05;TESS Sector 32;TESS Sector 98,
432.01,38686737,available,2,TESS Sector 05;TESS Sector 31,
4320.01,404518509,available,5,TESS Sector 03;TESS Sector 04;TESS Sector 30;TESS Sector 31;TESS Sector 97,
4320.02,404518509,available,5,TESS Sector 03;TESS Sector 04;TESS Sector 30;TESS Sector 31;TESS Sector 97,
4323.01,143022742,available,2,TESS Sector 04;TESS Sector 31,
4323.02,143022742,available,2,TESS Sector 04;TESS Sector 31,
4329.01,256722647,available,8,TESS Sector 52;TESS Sector 57;TESS Sector 58;TESS Sector 77;TESS Sector 78;TESS Sector 84;TESS Sector 85;TESS Sector 86,
433.01,188989177,available,2,TESS Sector 05;TESS Sector 32,
4330.01,47617038,available,1,TESS Sector 65,
4332.01,178959058,available,2,TESS Sector 102;TESS Sector 64,
4335.01,443658196,available,1,TESS Sector 38,
4336.01,166184428,available,3,TESS Sector 101;TESS Sector 38;TESS Sector 64,
4337.01,399642071,available,4,TESS Sector 37;TESS Sector 38;TESS Sector 64;TESS Sector 65,
4339.01,7439481,available,3,TESS Sector 102;TESS Sector 38;TESS Sector 64,
4341.01,62301521,available,4,TESS Sector 13;TESS Sector 27;TESS Sector 67;TESS Sector 94,
4342.01,354944123,available,9,TESS Sector 101;TESS Sector 102;TESS Sector 103;TESS Sector 13;TESS Sector 27;TESS Sector 66;TESS Sector 67;TESS Sector 93;TESS Sector 94,
4342.02,354944123,available,9,TESS Sector 101;TESS Sector 102;TESS Sector 103;TESS Sector 13;TESS Sector 27;TESS Sector 66;TESS Sector 67;TESS Sector 93;TESS Sector 94,
4346.01,389371332,available,11,TESS Sector 07;TESS Sector 27;TESS Sector 28;TESS Sector 29;TESS Sector 31;TESS Sector 32;TESS Sector 34;TESS Sector 35;TESS Sector 37;TESS Sector 38;TESS Sector 39,
4357.01,300011941,available,35,TESS Sector 01;TESS Sector 02;TESS Sector 03;TESS Sector 04;TESS Sector 05;TESS Sector 06;TESS Sector 07;TESS Sector 08;TESS Sector 09;TESS Sector 10;TESS Sector 11;TESS Sector 12;TESS Sector 13;TESS Sector 27;TESS Sector 28;TESS Sector 29;TESS Sector 30;TESS Sector 31;TESS Sector 32;TESS Sector 33;TESS Sector 34;TESS Sector 35;TESS Sector 36;TESS Sector 37;TESS Sector 38;TESS Sector 39;TESS Sector 87;TESS Sector 88;TESS Sector 89;TESS Sector 90;TESS Sector 93;TESS Sector 95;TESS Sector 96;TESS Sector 97;TESS Sector 98,
4359.01,133505138,available,3,TESS Sector 09;TESS Sector 10;TESS Sector 99,
436.01,44745077,available,2,TESS Sector 04;TESS Sector 05,
4364.01,4070275,available,3,TESS Sector 05;TESS Sector 32;TESS Sector 98,
4367.01,313675203,available,5,TESS Sector 100;TESS Sector 101;TESS Sector 11;TESS Sector 65;TESS Sector 99,
4368.01,314724818,available,2,TESS Sector 38;TESS Sector 65,
4375.01,343708863,not_found,0,,
4377.01,394918211,available,5,TESS Sector 38;TESS Sector 39;TESS Sector 65;TESS Sector 66;TESS Sector 93,
4379.01,97766057,available,4,TESS Sector 39;TESS Sector 66;TESS Sector 91;TESS Sector 93,
4383.01,384744828,available,1,TESS Sector 39,
4394.01,341805908,available,3,TESS Sector 65;TESS Sector 66;TESS Sector 93,
4396.01,379723086,not_found,0,,
4397.01,107728509,available,1,TESS Sector 39,
4399.01,464646604,available,7,TESS Sector 101;TESS Sector 103;TESS Sector 104;TESS Sector 27;TESS Sector 67;TESS Sector 93;TESS Sector 94,
440.01,143350972,available,3,TESS Sector 05;TESS Sector 06;TESS Sector 32,
4406.01,206541859,available,6,TESS Sector 103;TESS Sector 104;TESS Sector 28;TESS Sector 29;TESS Sector 68;TESS Sector 69,
441.01,316916655,available,2,TESS Sector 05;TESS Sector 98,
4412.01,35315453,available,3,TESS Sector 103;TESS Sector 66;TESS Sector 93,
4414.01,1405997635,available,1,TESS Sector 93,
442.01,70899085,available,2,TESS Sector 05;TESS Sector 32,
4421.01,141412823,available,9,TESS Sector 61;TESS Sector 62;TESS Sector 63;TESS Sector 64;TESS Sector 65;TESS Sector 66;TESS Sector 67;TESS Sector 68;TESS Sector 69,
4423.01,344600402,not_found,0,,
4433.01,158551257,available,10,TESS Sector 40;TESS Sector 41;TESS Sector 53;TESS Sector 54;TESS Sector 55;TESS Sector 74;TESS Sector 75;TESS Sector 80;TESS Sector 81;TESS Sector 82,
4438.01,22233480,available,5,TESS Sector 40;TESS Sector 52;TESS Sector 53;TESS Sector 79;TESS Sector 80,
444.01,179034327,available,4,TESS Sector 04;TESS Sector 05;TESS Sector 31;TESS Sector 32,
4443.01,158241252,available,4,TESS Sector 26;TESS Sector 40;TESS Sector 53;TESS Sector 80,
4453.01,243333538,available,22,TESS Sector 40;TESS Sector 41;TESS Sector 47;TESS Sector 49;TESS Sector 50;TESS Sector 53;TESS Sector 54;TESS Sector 55;TESS Sector 56;TESS Sector 57;TESS Sector 59;TESS Sector 60;TESS Sector 73;TESS Sector 74;TESS Sector 76;TESS Sector 77;TESS Sector 80;TESS Sector 81;TESS Sector 82;TESS Sector 83;TESS Sector 84;TESS Sector 86,
4461.01,149282072,available,2,TESS Sector 26;TESS Sector 80,
4462.01,76420654,available,2,TESS Sector 74;TESS Sector 80,
4463.01,8599009,available,1,TESS Sector 80,
4465.01,157236902,available,2,TESS Sector 26;TESS Sector 80,
4477.01,64531556,available,4,TESS Sector 41;TESS Sector 55;TESS Sector 75;TESS Sector 82,
4479.01,126606859,available,3,TESS Sector 41;TESS Sector 55;TESS Sector 82,
448.01,1528696,available,3,TESS Sector 05;TESS Sector 32;TESS Sector 98,
4481.01,239332587,available,7,TESS Sector 41;TESS Sector 55;TESS Sector 56;TESS Sector 75;TESS Sector 76;TESS Sector 82;TESS Sector 83,
4491.01,193336820,available,5,TESS Sector 56;TESS Sector 75;TESS Sector 76;TESS Sector 82;TESS Sector 83,
4492.01,298297931,available,1,TESS Sector 82,
4495.01,120826158,available,7,TESS Sector 14;TESS Sector 40;TESS Sector 41;TESS Sector 53;TESS Sector 54;TESS Sector 80;TESS Sector 81,
4498.01,305943739,available,2,TESS Sector 40;TESS Sector 81,
4500.01,406190563,available,2,TESS Sector 81;TESS Sector 82,
4502.01,239372503,available,4,TESS Sector 75;TESS Sector 76;TESS Sector 82;TESS Sector 83,
4504.01,349972412,available,29,TESS Sector 27;TESS Sector 28;TESS Sector 29;TESS Sector 30;TESS Sector 31;TESS Sector 32;TESS Sector 33;TESS Sector 34;TESS Sector 35;TESS Sector 36;TESS Sector 37;TESS Sector 38;TESS Sector 61;TESS Sector 62;TESS Sector 63;TESS Sector 64;TESS Sector 65;TESS Sector 67;TESS Sector 68;TESS Sector 69;TESS Sector 87;TESS Sector 88;TESS Sector 89;TESS Sector 90;TESS Sector 94;TESS Sector 95;TESS Sector 96;TESS Sector 97;TESS Sector 98,
4504.02,349972412,available,29,TESS Sector 27;TESS Sector 28;TESS Sector 29;TESS Sector 30;TESS Sector 31;TESS Sector 32;TESS Sector 33;TESS Sector 34;TESS Sector 35;TESS Sector 36;TESS Sector 37;TESS Sector 38;TESS Sector 61;TESS Sector 62;TESS Sector 63;TESS Sector 64;TESS Sector 65;TESS Sector 67;TESS Sector 68;TESS Sector 69;TESS Sector 87;TESS Sector 88;TESS Sector 89;TESS Sector 90;TESS Sector 94;TESS Sector 95;TESS Sector 96;TESS Sector 97;TESS Sector 98,
4507.01,179582003,available,42,TESS Sector 02;TESS Sector 03;TESS Sector 05;TESS Sector 06;TESS Sector 07;TESS Sector 08;TESS Sector 09;TESS Sector 10;TESS Sector 11;TESS Sector 12;TESS Sector 13;TESS Sector 27;TESS Sector 28;TESS Sector 29;TESS Sector 30;TESS Sector 32;TESS Sector 33;TESS Sector 34;TESS Sector 35;TESS Sector 36;TESS Sector 37;TESS Sector 38;TESS Sector 39;TESS Sector 61;TESS Sector 62;TESS Sector 63;TESS Sector 64;TESS Sector 65;TESS Sector 66;TESS Sector 67;TESS Sector 68;TESS Sector 69;TESS Sector 87;TESS Sector 88;TESS Sector 89;TESS Sector 90;TESS Sector 93;TESS Sector 94;TESS Sector 95;TESS Sector 96;TESS Sector 97;TESS Sector 98,
451.01,257605131,available,3,TESS Sector 04;TESS Sector 05;TESS Sector 31,
451.02,257605131,available,3,TESS Sector 04;TESS Sector 05;TESS Sector 31,
451.03,257605131,available,3,TESS Sector 04;TESS Sector 05;TESS Sector 31,
4515.01,456862677,available,4,TESS Sector 42;TESS Sector 43;TESS Sector 57;TESS Sector 84,
4522.01,369480087,available,3,TESS Sector 42;TESS Sector 43;TESS Sector 70,
4524.01,333657795,available,4,TESS Sector 42;TESS Sector 43;TESS Sector 70;TESS Sector 71,
4527.01,380887434,available,3,TESS Sector 42;TESS Sector 43;TESS Sector 70,
4528.01,376981340,available,3,TESS Sector 42;TESS Sector 43;TESS Sector 70,
4529.01,384888319,available,3,TESS Sector 42;TESS Sector 43;TESS Sector 70,
455.01,98796344,available,2,TESS Sector 04;TESS Sector 31,
4551.01,204650483,available,3,TESS Sector 101;TESS Sector 63;TESS Sector 90,
4552.01,248250955,available,4,TESS Sector 104;TESS Sector 12;TESS Sector 39;TESS Sector 66,
4559.01,271169413,available,4,TESS Sector 102;TESS Sector 11;TESS Sector 38;TESS Sector 64,
456.01,77228304,available,5,TESS Sector 04;TESS Sector 05;TESS Sector 31;TESS Sector 32;TESS Sector 98,
4562.01,349576261,available,32,TESS Sector 27;TESS Sector 28;TESS Sector 29;TESS Sector 30;TESS Sector 31;TESS Sector 32;TESS Sector 33;TESS Sector 34;TESS Sector 35;TESS Sector 36;TESS Sector 37;TESS Sector 38;TESS Sector 39;TESS Sector 61;TESS Sector 62;TESS Sector 63;TESS Sector 64;TESS Sector 65;TESS Sector 66;TESS Sector 67;TESS Sector 68;TESS Sector 69;TESS Sector 87;TESS Sector 88;TESS Sector 89;TESS Sector 90;TESS Sector 93;TESS Sector 94;TESS Sector 95;TESS Sector 96;TESS Sector 97;TESS Sector 98,
4564.01,400786146,available,4,TESS Sector 37;TESS Sector 38;TESS Sector 64;TESS Sector 65,
4569.01,149126400,available,22,TESS Sector 27;TESS Sector 30;TESS Sector 35;TESS Sector 36;TESS Sector 37;TESS Sector 38;TESS Sector 39;TESS Sector 61;TESS Sector 62;TESS Sector 63;TESS Sector 64;TESS Sector 65;TESS Sector 66;TESS Sector 68;TESS Sector 69;TESS Sector 87;TESS Sector 88;TESS Sector 89;TESS Sector 90;TESS Sector 93;TESS Sector 95;TESS Sector 96,
4582.01,219854519,available,28,TESS Sector 40;TESS Sector 41;TESS Sector 47;TESS Sector 48;TESS Sector 49;TESS Sector 50;TESS Sector 51;TESS Sector 52;TESS Sector 53;TESS Sector 54;TESS Sector 56;TESS Sector 57;TESS Sector 58;TESS Sector 59;TESS Sector 60;TESS Sector 73;TESS Sector 74;TESS Sector 75;TESS Sector 76;TESS Sector 77;TESS Sector 78;TESS Sector 79;TESS Sector 80;TESS Sector 81;TESS Sector 82;TESS Sector 83;TESS Sector 84;TESS Sector 86,
4583.01,103604037,available,5,TESS Sector 40;TESS Sector 41;TESS Sector 47;TESS Sector 60;TESS Sector 74,
4591.01,356868487,available,27,TESS Sector 40;TESS Sector 41;TESS Sector 47;TESS Sector 48;TESS Sector 49;TESS Sector 50;TESS Sector 51;TESS Sector 52;TESS Sector 53;TESS Sector 54;TESS Sector 56;TESS Sector 57;TESS Sector 58;TESS Sector 59;TESS Sector 60;TESS Sector 73;TESS Sector 74;TESS Sector 75;TESS Sector 76;TESS Sector 77;TESS Sector 78;TESS Sector 79;TESS Sector 80;TESS Sector 82;TESS Sector 83;TESS Sector 84;TESS Sector 85,
4594.01,158555987,available,10,TESS Sector 14;TESS Sector 40;TESS Sector 41;TESS Sector 53;TESS Sector 54;TESS Sector 55;TESS Sector 74;TESS Sector 75;TESS Sector 80;TESS Sector 81,
4599.01,307809773,available,5,TESS Sector 43;TESS Sector 44;TESS Sector 45;TESS Sector 71;TESS Sector 72,
4599.02,307809773,available,5,TESS Sector 43;TESS Sector 44;TESS Sector 45;TESS Sector 71;TESS Sector 72,
460.01,9804616,available,1,TESS Sector 04,
4600.01,232608943,available,26,TESS Sector 40;TESS Sector 41;TESS Sector 47;TESS Sector 48;TESS Sector 49;TESS Sector 51;TESS Sector 52;TESS Sector 53;TESS Sector 54;TESS Sector 55;TESS Sector 56;TESS Sector 57;TESS Sector 58;TESS Sector 59;TESS Sector 60;TESS Sector 74;TESS Sector 75;TESS Sector 76;TESS Sector 78;TESS Sector 79;TESS Sector 80;TESS Sector 82;TESS Sector 83;TESS Sector 84;TESS Sector 85;TESS Sector 86,
4600.02,232608943,available,26,TESS Sector 40;TESS Sector 41;TESS Sector 47;TESS Sector 48;TESS Sector 49;TESS Sector 51;TESS Sector 52;TESS Sector 53;TESS Sector 54;TESS Sector 55;TESS Sector 56;TESS Sector 57;TESS Sector 58;TESS Sector 59;TESS Sector 60;TESS Sector 74;TESS Sector 75;TESS Sector 76;TESS Sector 78;TESS Sector 79;TESS Sector 80;TESS Sector 82;TESS Sector 83;TESS Sector 84;TESS Sector 85;TESS Sector 86,
4602.01,467651916,available,5,TESS Sector 43;TESS Sector 44;TESS Sector 70;TESS Sector 71;TESS Sector 86,
4603.01,437856897,available,5,TESS Sector 43;TESS Sector 44;TESS Sector 45;TESS Sector 71;TESS Sector 72,
4605.01,19155785,available,1,TESS Sector 71,
461.01,4646810,available,2,TESS Sector 04;TESS Sector 31,
4610.01,1950736,available,2,TESS Sector 71;TESS Sector 73,
4616.01,258796169,available,4,TESS Sector 17;TESS Sector 42;TESS Sector 43;TESS Sector 70,
4627.01,89702406,available,6,TESS Sector 35;TESS Sector 36;TESS Sector 37;TESS Sector 61;TESS Sector 62;TESS Sector 63,
463.01,176831592,available,2,TESS Sector 04;TESS Sector 31,
4633.01,307958020,available,39,TESS Sector 14;TESS Sector 15;TESS Sector 16;TESS Sector 17;TESS Sector 18;TESS Sector 19;TESS Sector 20;TESS Sector 21;TESS Sector 22;TESS Sector 23;TESS Sector 24;TESS Sector 25;TESS Sector 26;TESS Sector 40;TESS Sector 41;TESS Sector 47;TESS Sector 48;TESS Sector 49;TESS Sector 50;TESS Sector 51;TESS Sector 52;TESS Sector 53;TESS Sector 55;TESS Sector 56;TESS Sector 58;TESS Sector 59;TESS Sector 73;TESS Sector 74;TESS Sector 75;TESS Sector 76;TESS Sector 77;TESS Sector 78;TESS Sector 79;TESS Sector 80;TESS Sector 81;TESS Sector 82;TESS Sector 83;TESS Sector 85;TESS Sector 86,
4634.01,17150865,available,3,TESS Sector 43;TESS Sector 44;TESS Sector 70,
4635.01,337129672,available,4,TESS Sector 42;TESS Sector 43;TESS Sector 70;TESS Sector 71,
4636.01,405484221,available,5,TESS Sector 42;TESS Sector 43;TESS Sector 44;TESS Sector 70;TESS Sector 71,
4638.01,58824746,available,3,TESS Sector 42;TESS Sector 43;TESS Sector 70,
464.01,398733009,available,3,TESS Sector 04;TESS Sector 30;TESS Sector 97,
4641.01,436873727,available,8,TESS Sector 18;TESS Sector 42;TESS Sector 43;TESS Sector 44;TESS Sector 58;TESS Sector 70;TESS Sector 71;TESS Sector 85,
4666.01,165202476,available,1,TESS Sector 97,
4668.01,142938659,available,1,TESS Sector 97,
4669.01,71401634,not_found,0,,
467.01,20178111,available,3,TESS Sector 06;TESS Sector 32;TESS Sector 33,
4682.01,449197624,not_found,0,,
4683.01,264460005,not_found,0,,
469.01,33692729,available,3,TESS Sector 06;TESS Sector 33;TESS Sector 87,
470.01,37770169,available,3,TESS Sector 06;TESS Sector 33;TESS Sector 87,
4715.01,268372005,not_found,0,,
4737.01,142532090,available,1,TESS Sector 87,
4738.01,247873937,available,2,TESS Sector 71;TESS Sector 72,
4759.01,49705089,available,1,TESS Sector 87,
478.01,172464366,available,3,TESS Sector 06;TESS Sector 07;TESS Sector 33,
4791.01,100389539,available,2,TESS Sector 87;TESS Sector 88,
480.01,317548889,available,4,TESS Sector 06;TESS Sector 33;TESS Sector 87;TESS Sector 98,
4800.01,280307604,not_found,0,,
4808.01,126772538,not_found,0,,
481.01,339672028,available,26,TESS Sector 06;TESS Sector 07;TESS Sector 09;TESS Sector 10;TESS Sector 13;TESS Sector 27;TESS Sector 30;TESS Sector 33;TESS Sector 34;TESS Sector 35;TESS Sector 36;TESS Sector 37;TESS Sector 61;TESS Sector 62;TESS Sector 63;TESS Sector 67;TESS Sector 68;TESS Sector 69;TESS Sector 87;TESS Sector 88;TESS Sector 89;TESS Sector 90;TESS Sector 94;TESS Sector 95;TESS Sector 96;TESS Sector 97,
4817.01,60074373,available,1,TESS Sector 88,
482.01,365639282,available,2,TESS Sector 06;TESS Sector 32,
4827.01,332630868,available,1,TESS Sector 89,
4829.01,268439377,available,2,TESS Sector 88;TESS Sector 89,
4838.01,374200604,available,3,TESS Sector 45;TESS Sector 46;TESS Sector 72,
484.01,427348923,available,2,TESS Sector 06;TESS Sector 32,
4840.01,80029842,available,2,TESS Sector 88;TESS Sector 89,
4846.01,418971787,available,1,TESS Sector 88,
4849.01,132534906,available,1,TESS Sector 61,
485.01,427352241,available,1,TESS Sector 06,
4856.01,428685938,available,1,TESS Sector 63,
4858.01,262499797,available,11,TESS Sector 61;TESS Sector 62;TESS Sector 63;TESS Sector 67;TESS Sector 69;TESS Sector 87;TESS Sector 88;TESS Sector 89;TESS Sector 90;TESS Sector 94;TESS Sector 96,
486.01,260708537,available,44,TESS Sector 01;TESS Sector 02;TESS Sector 03;TESS Sector 04;TESS Sector 05;TESS Sector 06;TESS Sector 08;TESS Sector 09;TESS Sector 10;TESS Sector 11;TESS Sector 12;TESS Sector 13;TESS Sector 27;TESS Sector 28;TESS Sector 29;TESS Sector 30;TESS Sector 31;TESS Sector 32;TESS Sector 33;TESS Sector 34;TESS Sector 35;TESS Sector 36;TESS Sector 37;TESS Sector 38;TESS Sector 39;TESS Sector 61;TESS Sector 62;TESS Sector 63;TESS Sector 64;TESS Sector 65;TESS Sector 66;TESS Sector 67;TESS Sector 68;TESS Sector 69;TESS Sector 87;TESS Sector 88;TESS Sector 89;TESS Sector 90;TESS Sector 93;TESS Sector 94;TESS Sector 95;TESS Sector 96;TESS Sector 97;TESS Sector 98,
4860.01,335590096,available,3,TESS Sector 63;TESS Sector 90;TESS Sector 91,
4862.01,322807371,available,4,TESS Sector 100;TESS Sector 101;TESS Sector 63;TESS Sector 90,
4863.01,143032776,available,2,TESS Sector 100;TESS Sector 63,
4879.01,45465399,available,5,TESS Sector 62;TESS Sector 63;TESS Sector 64;TESS Sector 89;TESS Sector 90,
488.01,452866790,available,4,TESS Sector 07;TESS Sector 34;TESS Sector 61;TESS Sector 88,
4886.01,457743020,available,3,TESS Sector 63;TESS Sector 64;TESS Sector 90,
4902.01,358072664,available,1,TESS Sector 89,
4914.01,49254857,available,1,TESS Sector 64,
4934.01,292797572,not_found,0,,
4940.01,237929468,available,10,TESS Sector 61;TESS Sector 62;TESS Sector 64;TESS Sector 65;TESS Sector 68;TESS Sector 69;TESS Sector 89;TESS Sector 95;TESS Sector 96;TESS Sector 97,
4946.01,319783554,not_found,0,,
4948.01,160476088,available,3,TESS Sector 102;TESS Sector 103;TESS Sector 65,
4964.01,406443564,not_found,0,,
497.01,108645766,available,2,TESS Sector 07;TESS Sector 34,
4985.01,294315741,available,1,TESS Sector 87,
4987.01,293607057,available,3,TESS Sector 100;TESS Sector 62;TESS Sector 89,
4994.01,277128619,available,7,TESS Sector 100;TESS Sector 101;TESS Sector 103;TESS Sector 66;TESS Sector 67;TESS Sector 93;TESS Sector 94,
500.01,134200185,available,9,TESS Sector 06;TESS Sector 07;TESS Sector 08;TESS Sector 33;TESS Sector 34;TESS Sector 35;TESS Sector 61;TESS Sector 87;TESS Sector 88,
5005.01,282485660,available,2,TESS Sector 103;TESS Sector 65,
5007.01,424196109,available,5,TESS Sector 100;TESS Sector 101;TESS Sector 102;TESS Sector 103;TESS Sector 65,
5016.01,68322189,available,1,TESS Sector 65,
5027.01,361711730,available,6,TESS Sector 100;TESS Sector 101;TESS Sector 102;TESS Sector 103;TESS Sector 66;TESS Sector 93,
503.01,186812530,available,7,TESS Sector 07;TESS Sector 34;TESS Sector 44;TESS Sector 45;TESS Sector 46;TESS Sector 71;TESS Sector 72,
504.01,219164808,available,10,TESS Sector 05;TESS Sector 07;TESS Sector 28;TESS Sector 31;TESS Sector 32;TESS Sector 33;TESS Sector 38;TESS Sector 61;TESS Sector 65;TESS Sector 68,
5055.01,407146538,available,3,TESS Sector 65;TESS Sector 66;TESS Sector 93,
506.01,274138511,available,2,TESS Sector 07;TESS Sector 34,
5070.01,319968129,available,2,TESS Sector 71;TESS Sector 72,
5075.01,23113034,available,2,TESS Sector 70;TESS Sector 71,
5076.01,303432813,available,2,TESS Sector 70;TESS Sector 71,
5079.01,69672493,available,1,TESS Sector 71,
5082.01,437011608,available,4,TESS Sector 44;TESS Sector 45;TESS Sector 71;TESS Sector 72,
509.01,453211454,available,5,TESS Sector 07;TESS Sector 34;TESS Sector 71;TESS Sector 72;TESS Sector 88,
509.02,453211454,available,5,TESS Sector 07;TESS Sector 34;TESS Sector 71;TESS Sector 72;TESS Sector 88,
5107.01,97735297,available,3,TESS Sector 71;TESS Sector 72;TESS Sector 73,
5108.01,350348197,available,1,TESS Sector 72,
5110.01,239977528,available,4,TESS Sector 60;TESS Sector 71;TESS Sector 72;TESS Sector 73,
5119.01,75427473,available,2,TESS Sector 71;TESS Sector 72,
512.01,119292328,available,5,TESS Sector 06;TESS Sector 07;TESS Sector 33;TESS Sector 87;TESS Sector 98,
5124.01,306902029,available,2,TESS Sector 71;TESS Sector 72,
5126.01,27064468,available,4,TESS Sector 45;TESS Sector 46;TESS Sector 48;TESS Sector 72,
5126.02,27064468,available,4,TESS Sector 45;TESS Sector 46;TESS Sector 48;TESS Sector 72,
513.01,431999925,available,2,TESS Sector 07;TESS Sector 34,
5133.01,312221462,available,6,TESS Sector 43;TESS Sector 44;TESS Sector 45;TESS Sector 71;TESS Sector 72;TESS Sector 73,
5134.01,95010343,available,2,TESS Sector 71;TESS Sector 72,
5135.01,172110606,available,5,TESS Sector 20;TESS Sector 60;TESS Sector 71;TESS Sector 72;TESS Sector 73,
515.01,366622912,available,6,TESS Sector 07;TESS Sector 34;TESS Sector 44;TESS Sector 45;TESS Sector 46;TESS Sector 72,
5150.01,40954422,available,4,TESS Sector 74;TESS Sector 75;TESS Sector 81;TESS Sector 82,
5152.01,257527578,available,1,TESS Sector 31,
5153.01,124029677,available,2,TESS Sector 33;TESS Sector 98,
517.01,308307606,available,9,TESS Sector 04;TESS Sector 07;TESS Sector 08;TESS Sector 09;TESS Sector 61;TESS Sector 62;TESS Sector 63;TESS Sector 64;TESS Sector 68,
5174.01,49428710,available,3,TESS Sector 45;TESS Sector 46;TESS Sector 72,
5184.01,28643432,available,3,TESS Sector 74;TESS Sector 80;TESS Sector 81,
5189.01,408549705,available,5,TESS Sector 59;TESS Sector 60;TESS Sector 73;TESS Sector 74;TESS Sector 79,
519.01,218795833,available,4,TESS Sector 07;TESS Sector 34;TESS Sector 61;TESS Sector 88,
5198.01,193628179,available,4,TESS Sector 74;TESS Sector 78;TESS Sector 79;TESS Sector 80,
5199.01,298049015,available,1,TESS Sector 74,
5205.01,419411415,available,1,TESS Sector 82,
521.01,27649847,available,7,TESS Sector 07;TESS Sector 34;TESS Sector 44;TESS Sector 45;TESS Sector 46;TESS Sector 71;TESS Sector 72,
5212.01,424699834,available,12,TESS Sector 56;TESS Sector 57;TESS Sector 58;TESS Sector 60;TESS Sector 73;TESS Sector 74;TESS Sector 75;TESS Sector 76;TESS Sector 77;TESS Sector 81;TESS Sector 82;TESS Sector 83,
5218.01,259172249,available,16,TESS Sector 56;TESS Sector 57;TESS Sector 59;TESS Sector 60;TESS Sector 73;TESS Sector 74;TESS Sector 75;TESS Sector 76;TESS Sector 77;TESS Sector 78;TESS Sector 79;TESS Sector 80;TESS Sector 82;TESS Sector 83;TESS Sector 84;TESS Sector 86,
522.01,19451711,available,5,TESS Sector 07;TESS Sector 34;TESS Sector 61;TESS Sector 88;TESS Sector 99,
5226.01,195093356,available,2,TESS Sector 75;TESS Sector 82,
523.01,93125144,available,3,TESS Sector 06;TESS Sector 32;TESS Sector 33,
5231.01,105387356,available,4,TESS Sector 74;TESS Sector 75;TESS Sector 81;TESS Sector 82,
5232.01,69356857,available,3,TESS Sector 74;TESS Sector 75;TESS Sector 81,
5238.01,219016883,available,3,TESS Sector 74;TESS Sector 75;TESS Sector 76,
524.01,365690646,available,2,TESS Sector 06;TESS Sector 32,
5240.01,40055053,available,3,TESS Sector 74;TESS Sector 75;TESS Sector 81,
5246.01,295807723,available,4,TESS Sector 75;TESS Sector 76;TESS Sector 82;TESS Sector 83,
5257.01,185226925,available,5,TESS Sector 56;TESS Sector 75;TESS Sector 76;TESS Sector 81;TESS Sector 82,
5258.01,147895461,available,2,TESS Sector 74;TESS Sector 75,
526.01,200593988,available,3,TESS Sector 06;TESS Sector 71;TESS Sector 72,
5260.01,326347927,available,1,TESS Sector 81,
5262.01,274122380,available,4,TESS Sector 74;TESS Sector 75;TESS Sector 81;TESS Sector 82,
5266.01,312899686,available,2,TESS Sector 75;TESS Sector 82,
5268.01,202468443,available,3,TESS Sector 75;TESS Sector 76;TESS Sector 77,
5273.01,172871230,available,3,TESS Sector 74;TESS Sector 81;TESS Sector 82,
5275.01,219466803,available,3,TESS Sector 60;TESS Sector 74;TESS Sector 75,
528.01,403693875,available,4,TESS Sector 06;TESS Sector 33;TESS Sector 71;TESS Sector 72,
5283.01,399956873,available,9,TESS Sector 56;TESS Sector 73;TESS Sector 74;TESS Sector 75;TESS Sector 76;TESS Sector 80;TESS Sector 81;TESS Sector 82;TESS Sector 83,
529.01,438490744,available,6,TESS Sector 06;TESS Sector 43;TESS Sector 44;TESS Sector 45;TESS Sector 71;TESS Sector 72,
5293.01,250111245,available,2,TESS Sector 70;TESS Sector 92,
5296.01,241102583,available,1,TESS Sector 82,
530.01,387690507,available,7,TESS Sector 06;TESS Sector 33;TESS Sector 44;TESS Sector 45;TESS Sector 71;TESS Sector 72;TESS Sector 87,
5301.01,58825110,available,1,TESS Sector 70,
5308.01,422653398,available,1,TESS Sector 70,
531.01,302895996,available,4,TESS Sector 06;TESS Sector 43;TESS Sector 44;TESS Sector 45,
5319.01,246965431,available,3,TESS Sector 58;TESS Sector 70;TESS Sector 71,
532.01,144700903,available,4,TESS Sector 06;TESS Sector 71;TESS Sector 72;TESS Sector 98,
5321.01,243153196,available,2,TESS Sector 57;TESS Sector 84,
5344.01,16005254,available,1,TESS Sector 71,
5349.01,26054627,available,2,TESS Sector 70;TESS Sector 71,
5353.01,113919944,available,2,TESS Sector 70;TESS Sector 71,
5361.01,366602797,available,2,TESS Sector 71;TESS Sector 73,
538.01,237751146,available,2,TESS Sector 06;TESS Sector 33,
5381.01,241174783,available,2,TESS Sector 47;TESS Sector 60,
5388.01,407591297,available,2,TESS Sector 21;TESS Sector 48,
5396.01,202428245,available,3,TESS Sector 23;TESS Sector 75;TESS Sector 77,
5398.01,8260536,available,1,TESS Sector 48,
5398.02,8260536,available,1,TESS Sector 48,
540.01,200322593,available,6,TESS Sector 04;TESS Sector 05;TESS Sector 06;TESS Sector 31;TESS Sector 32;TESS Sector 98,
5418.01,115564354,available,4,TESS Sector 59;TESS Sector 71;TESS Sector 72;TESS Sector 73,
5424.01,436099179,available,2,TESS Sector 71;TESS Sector 72,
5429.01,5800958,not_found,0,,
543.01,53593457,available,2,TESS Sector 06;TESS Sector 33,
5434.01,307377219,available,2,TESS Sector 71;TESS Sector 72,
544.01,50618703,available,3,TESS Sector 06;TESS Sector 32;TESS Sector 98,
5440.01,29374525,available,2,TESS Sector 71;TESS Sector 72,
5447.01,239722954,available,2,TESS Sector 59;TESS Sector 73,
5450.01,6653897,available,1,TESS Sector 71,
5456.01,87044036,available,2,TESS Sector 71;TESS Sector 72,
5467.01,83275782,available,2,TESS Sector 71;TESS Sector 72,
5478.02,95122849,available,3,TESS Sector 60;TESS Sector 71;TESS Sector 72,
549.01,32830028,available,3,TESS Sector 06;TESS Sector 32;TESS Sector 33,
5496.01,323658120,available,1,TESS Sector 72,
550.01,311183180,available,2,TESS Sector 05;TESS Sector 31,
550.02,311183180,available,2,TESS Sector 05;TESS Sector 31,
5503.01,350044062,available,1,TESS Sector 72,
5513.01,184869170,available,2,TESS Sector 71;TESS Sector 72,
552.01,44737596,available,3,TESS Sector 04;TESS Sector 05;TESS Sector 31,
553.01,161477033,available,5,TESS Sector 04;TESS Sector 05;TESS Sector 31;TESS Sector 32;TESS Sector 98,
554.01,407966340,available,6,TESS Sector 05;TESS Sector 32;TESS Sector 43;TESS Sector 44;TESS Sector 70;TESS Sector 71,
554.02,407966340,available,6,TESS Sector 05;TESS Sector 32;TESS Sector 43;TESS Sector 44;TESS Sector 70;TESS Sector 71,
5540.01,456305193,available,1,TESS Sector 74,
5542.01,466206508,available,7,TESS Sector 101;TESS Sector 102;TESS Sector 103;TESS Sector 104;TESS Sector 27;TESS Sector 67;TESS Sector 94,
5547.01,63013648,available,4,TESS Sector 44;TESS Sector 46;TESS Sector 71;TESS Sector 72,
555.01,170849515,available,4,TESS Sector 05;TESS Sector 31;TESS Sector 32;TESS Sector 98,
5557.01,323687123,available,4,TESS Sector 44;TESS Sector 45;TESS Sector 46;TESS Sector 72,
556.01,59003115,available,6,TESS Sector 05;TESS Sector 42;TESS Sector 43;TESS Sector 44;TESS Sector 70;TESS Sector 71,
5573.01,459762279,available,1,TESS Sector 74,
5574.01,268405086,available,11,TESS Sector 18;TESS Sector 19;TESS Sector 20;TESS Sector 25;TESS Sector 26;TESS Sector 59;TESS Sector 60;TESS Sector 73;TESS Sector 74;TESS Sector 79;TESS Sector 86,
5576.01,137543637,available,2,TESS Sector 73;TESS Sector 74,
558.01,207110080,available,4,TESS Sector 29;TESS Sector 30;TESS Sector 96;TESS Sector 97,
559.01,209459275,available,2,TESS Sector 31;TESS Sector 97,
560.01,101011575,available,4,TESS Sector 08;TESS Sector 34;TESS Sector 61;TESS Sector 88,
560.02,101011575,available,4,TESS Sector 08;TESS Sector 34;TESS Sector 61;TESS Sector 88,
561.01,377064495,available,5,TESS Sector 08;TESS Sector 35;TESS Sector 45;TESS Sector 46;TESS Sector 72,
561.02,377064495,available,5,TESS Sector 08;TESS Sector 35;TESS Sector 45;TESS Sector 46;TESS Sector 72,
561.03,377064495,available,5,TESS Sector 08;TESS Sector 35;TESS Sector 45;TESS Sector 46;TESS Sector 72,
561.04,377064495,available,5,TESS Sector 08;TESS Sector 35;TESS Sector 45;TESS Sector 46;TESS Sector 72,
5616.01,154220877,available,2,TESS Sector 75;TESS Sector 76,
562.01,413248763,available,5,TESS Sector 08;TESS Sector 35;TESS Sector 62;TESS Sector 89;TESS Sector 99,
5621.01,219467837,available,3,TESS Sector 60;TESS Sector 74;TESS Sector 75,
5624.01,53498154,available,3,TESS Sector 22;TESS Sector 75;TESS Sector 76,
5624.02,53498154,available,3,TESS Sector 22;TESS Sector 75;TESS Sector 76,
5624.03,53498154,available,3,TESS Sector 22;TESS Sector 75;TESS Sector 76,
5624.04,53498154,available,3,TESS Sector 22;TESS Sector 75;TESS Sector 76,
5628.01,135100529,available,1,TESS Sector 49,
5634.01,119585136,not_found,0,,
564.01,1003831,available,5,TESS Sector 08;TESS Sector 34;TESS Sector 61;TESS Sector 88;TESS Sector 99,
5640.01,373729723,not_found,0,,
5648.01,23863106,not_found,0,,
566.01,1133072,available,3,TESS Sector 08;TESS Sector 34;TESS Sector 35,
5678.01,209464063,available,4,TESS Sector 04;TESS Sector 30;TESS Sector 31;TESS Sector 97,
568.01,37575651,available,3,TESS Sector 08;TESS Sector 35;TESS Sector 99,
5680.01,368739874,available,1,TESS Sector 51,
5688.01,193634953,available,4,TESS Sector 74;TESS Sector 78;TESS Sector 80;TESS Sector 81,
569.01,123482865,available,5,TESS Sector 07;TESS Sector 08;TESS Sector 34;TESS Sector 35;TESS Sector 88,
5695.01,103865797,available,1,TESS Sector 78,
570.01,126733133,available,7,TESS Sector 08;TESS Sector 35;TESS Sector 36;TESS Sector 62;TESS Sector 63;TESS Sector 89;TESS Sector 90,
5702.01,141985686,available,1,TESS Sector 79,
5704.01,148673433,available,3,TESS Sector 22;TESS Sector 48;TESS Sector 75,
5713.01,219041246,available,5,TESS Sector 16;TESS Sector 22;TESS Sector 23;TESS Sector 49;TESS Sector 76,
5716.01,298074836,available,11,TESS Sector 14;TESS Sector 15;TESS Sector 20;TESS Sector 21;TESS Sector 22;TESS Sector 40;TESS Sector 47;TESS Sector 48;TESS Sector 60;TESS Sector 74;TESS Sector 75,
5720.01,230055368,available,2,TESS Sector 22;TESS Sector 49,
5726.01,71582156,available,5,TESS Sector 20;TESS Sector 26;TESS Sector 47;TESS Sector 53;TESS Sector 60,
5734.01,9989136,available,3,TESS Sector 20;TESS Sector 47;TESS Sector 60,
5742.01,258557847,available,1,TESS Sector 80,
5746.01,318209162,available,2,TESS Sector 21;TESS Sector 47,
5747.01,4918918,available,2,TESS Sector 21;TESS Sector 48,
575.01,386435344,available,5,TESS Sector 08;TESS Sector 34;TESS Sector 61;TESS Sector 88;TESS Sector 99,
576.01,408310006,available,5,TESS Sector 08;TESS Sector 35;TESS Sector 62;TESS Sector 89;TESS Sector 99,
5769.01,462715015,available,1,TESS Sector 80,
5784.01,302814895,available,2,TESS Sector 74;TESS Sector 81,
5786.01,40292751,available,2,TESS Sector 74;TESS Sector 81,
5787.01,446616059,available,1,TESS Sector 81,
5788.01,42883782,available,3,TESS Sector 14;TESS Sector 80;TESS Sector 81,
5788.02,42883782,available,3,TESS Sector 14;TESS Sector 80;TESS Sector 81,
5789.01,87216634,available,1,TESS Sector 81,
5791.01,110936761,available,1,TESS Sector 81,
5795.01,151724385,available,3,TESS Sector 54;TESS Sector 81;TESS Sector 92,
5799.01,328081248,available,2,TESS Sector 54;TESS Sector 81,
5800.01,151759246,available,3,TESS Sector 54;TESS Sector 81;TESS Sector 92,
5803.01,466382581,available,2,TESS Sector 55;TESS Sector 82,
5804.01,303055194,available,1,TESS Sector 82,
5806.01,283621618,available,2,TESS Sector 56;TESS Sector 82,
581.01,180987952,available,5,TESS Sector 35;TESS Sector 61;TESS Sector 62;TESS Sector 88;TESS Sector 89,
5811.01,331484419,available,1,TESS Sector 82,
5817.01,418604868,available,2,TESS Sector 55;TESS Sector 82,
582.01,287474726,available,2,TESS Sector 34;TESS Sector 35,
5830.01,224418572,available,1,TESS Sector 80,
5839.01,355732304,available,2,TESS Sector 80;TESS Sector 81,
584.01,74482749,available,2,TESS Sector 35;TESS Sector 36,
5850.01,151728428,available,1,TESS Sector 92,
5855.01,41422753,available,3,TESS Sector 74;TESS Sector 75;TESS Sector 81,
586.01,131979339,available,4,TESS Sector 34;TESS Sector 35;TESS Sector 61;TESS Sector 88,
5862.01,20988926,available,3,TESS Sector 74;TESS Sector 80;TESS Sector 81,
5866.01,341297143,available,2,TESS Sector 81;TESS Sector 82,
5867.01,380517859,available,3,TESS Sector 75;TESS Sector 81;TESS Sector 82,
587.01,294090620,available,4,TESS Sector 34;TESS Sector 35;TESS Sector 61;TESS Sector 88,
5876.01,106114491,available,4,TESS Sector 74;TESS Sector 75;TESS Sector 81;TESS Sector 82,
5882.01,232941965,available,1,TESS Sector 75,
5886.01,15682927,available,2,TESS Sector 75;TESS Sector 82,
5887.01,277987172,available,1,TESS Sector 81,
589.01,412961700,available,3,TESS Sector 34;TESS Sector 61;TESS Sector 88,
5892.01,375199523,available,1,TESS Sector 81,
5899.01,126171392,not_found,0,,
590.01,270841724,available,2,TESS Sector 35;TESS Sector 36,
5901.01,294173437,available,4,TESS Sector 75;TESS Sector 76;TESS Sector 81;TESS Sector 83,
5908.01,452483795,available,1,TESS Sector 82,
591.01,146261607,not_found,0,,
5910.01,273774284,available,4,TESS Sector 74;TESS Sector 75;TESS Sector 81;TESS Sector 82,
5915.01,329709756,available,3,TESS Sector 75;TESS Sector 82;TESS Sector 83,
5916.01,305506996,available,1,TESS Sector 82,
592.01,196286587,available,2,TESS Sector 34;TESS Sector 61,
5920.01,467006627,not_found,0,,
5924.01,289125016,available,1,TESS Sector 82,
593.01,128463355,available,1,TESS Sector 34,
5940.01,296898634,available,4,TESS Sector 75;TESS Sector 76;TESS Sector 82;TESS Sector 83,
5942.01,166190643,available,4,TESS Sector 75;TESS Sector 76;TESS Sector 82;TESS Sector 83,
595.01,287329267,available,29,TESS Sector 27;TESS Sector 28;TESS Sector 29;TESS Sector 30;TESS Sector 31;TESS Sector 32;TESS Sector 33;TESS Sector 34;TESS Sector 35;TESS Sector 36;TESS Sector 37;TESS Sector 38;TESS Sector 39;TESS Sector 61;TESS Sector 62;TESS Sector 63;TESS Sector 64;TESS Sector 66;TESS Sector 67;TESS Sector 68;TESS Sector 69;TESS Sector 87;TESS Sector 88;TESS Sector 89;TESS Sector 90;TESS Sector 93;TESS Sector 94;TESS Sector 95;TESS Sector 96,
5954.01,297153209,available,4,TESS Sector 75;TESS Sector 76;TESS Sector 82;TESS Sector 83,
596.01,144956678,available,2,TESS Sector 34;TESS Sector 35,
5962.01,239541449,available,2,TESS Sector 56;TESS Sector 83,
5966.01,404610583,available,2,TESS Sector 56;TESS Sector 83,
597.01,146208651,not_found,0,,
5976.01,348054109,available,5,TESS Sector 26;TESS Sector 40;TESS Sector 53;TESS Sector 54;TESS Sector 80,
598.01,81429971,available,2,TESS Sector 34;TESS Sector 35,
599.01,145982812,available,2,TESS Sector 35;TESS Sector 36,
600.01,134396419,available,2,TESS Sector 34;TESS Sector 35,
6000.01,259233660,available,33,TESS Sector 14;TESS Sector 15;TESS Sector 16;TESS Sector 17;TESS Sector 18;TESS Sector 19;TESS Sector 20;TESS Sector 21;TESS Sector 22;TESS Sector 23;TESS Sector 24;TESS Sector 25;TESS Sector 26;TESS Sector 40;TESS Sector 47;TESS Sector 48;TESS Sector 49;TESS Sector 51;TESS Sector 52;TESS Sector 53;TESS Sector 54;TESS Sector 55;TESS Sector 73;TESS Sector 74;TESS Sector 75;TESS Sector 76;TESS Sector 78;TESS Sector 81;TESS Sector 82;TESS Sector 83;TESS Sector 84;TESS Sector 85;TESS Sector 86,
6002.01,102734241,available,8,TESS Sector 14;TESS Sector 41;TESS Sector 54;TESS Sector 55;TESS Sector 74;TESS Sector 75;TESS Sector 81;TESS Sector 82,
6008.01,286201103,available,9,TESS Sector 15;TESS Sector 16;TESS Sector 41;TESS Sector 55;TESS Sector 56;TESS Sector 75;TESS Sector 76;TESS Sector 82;TESS Sector 83,
6016.01,327369524,available,6,TESS Sector 57;TESS Sector 58;TESS Sector 77;TESS Sector 78;TESS Sector 84;TESS Sector 85,
6019.01,125520907,available,2,TESS Sector 57;TESS Sector 84,
6020.01,334597566,available,5,TESS Sector 57;TESS Sector 77;TESS Sector 78;TESS Sector 84;TESS Sector 85,
6023.01,341444900,available,3,TESS Sector 76;TESS Sector 77;TESS Sector 83,
6024.01,56231866,available,2,TESS Sector 83;TESS Sector 84,
6029.01,419523962,available,3,TESS Sector 58;TESS Sector 78;TESS Sector 85,
603.01,262746281,available,5,TESS Sector 35;TESS Sector 45;TESS Sector 46;TESS Sector 61;TESS Sector 72,
6034.01,388076422,available,10,TESS Sector 56;TESS Sector 57;TESS Sector 58;TESS Sector 76;TESS Sector 77;TESS Sector 78;TESS Sector 83;TESS Sector 84;TESS Sector 85;TESS Sector 86,
6037.01,352924930,available,3,TESS Sector 52;TESS Sector 78;TESS Sector 79,
6038.01,194736418,available,2,TESS Sector 18;TESS Sector 86,
6039.01,272050287,available,6,TESS Sector 57;TESS Sector 58;TESS Sector 77;TESS Sector 78;TESS Sector 84;TESS Sector 85,
604.01,145027461,available,1,TESS Sector 34,
6054.01,392681545,available,2,TESS Sector 59;TESS Sector 86,
6054.02,392681545,available,2,TESS Sector 59;TESS Sector 86,
606.01,122262940,not_found,0,,
6069.01,259099556,available,37,TESS Sector 14;TESS Sector 15;TESS Sector 16;TESS Sector 17;TESS Sector 18;TESS Sector 19;TESS Sector 21;TESS Sector 22;TESS Sector 23;TESS Sector 24;TESS Sector 25;TESS Sector 26;TESS Sector 40;TESS Sector 47;TESS Sector 48;TESS Sector 49;TESS Sector 50;TESS Sector 51;TESS Sector 52;TESS Sector 53;TESS Sector 56;TESS Sector 58;TESS Sector 59;TESS Sector 60;TESS Sector 73;TESS Sector 74;TESS Sector 75;TESS Sector 76;TESS Sector 77;TESS Sector 78;TESS Sector 79;TESS Sector 80;TESS Sector 81;TESS Sector 82;TESS Sector 83;TESS Sector 85;TESS Sector 86,
607.01,153651591,available,1,TESS Sector 34,
6084.01,294283951,available,7,TESS Sector 41;TESS Sector 54;TESS Sector 55;TESS Sector 75;TESS Sector 76;TESS Sector 81;TESS Sector 83,
6086.01,18318288,available,6,TESS Sector 25;TESS Sector 26;TESS Sector 52;TESS Sector 53;TESS Sector 79;TESS Sector 80,
6092.01,339591840,available,3,TESS Sector 53;TESS Sector 54;TESS Sector 80,
6094.01,35883621,not_found,0,,
6096.01,262781201,available,2,TESS Sector 08;TESS Sector 72,
610.01,80275202,available,2,TESS Sector 34;TESS Sector 35,
6101.01,19342878,available,3,TESS Sector 61;TESS Sector 88;TESS Sector 99,
6109.01,384984325,available,3,TESS Sector 18;TESS Sector 58;TESS Sector 85,
6109.02,384984325,available,3,TESS Sector 18;TESS Sector 58;TESS Sector 85,
611.01,154459165,available,3,TESS Sector 34;TESS Sector 61;TESS Sector 88,
6116.01,364408162,available,4,TESS Sector 75;TESS Sector 76;TESS Sector 82;TESS Sector 83,
6128.01,100769500,available,1,TESS Sector 83,
6130.01,210083929,available,1,TESS Sector 83,
6133.01,129107501,available,1,TESS Sector 83,
614.01,118021229,available,1,TESS Sector 34,
6143.01,423903685,available,2,TESS Sector 82;TESS Sector 83,
6147.01,402740809,available,1,TESS Sector 83,
615.01,190496853,available,3,TESS Sector 35;TESS Sector 62;TESS Sector 89,
6152.01,117068362,available,1,TESS Sector 82,
6157.01,86005116,available,1,TESS Sector 82,
6158.01,404456775,available,2,TESS Sector 82;TESS Sector 83,
617.01,141227133,available,2,TESS Sector 35;TESS Sector 36,
6170.01,51637609,available,1,TESS Sector 83,
6172.01,26583436,available,4,TESS Sector 74;TESS Sector 75;TESS Sector 81;TESS Sector 82,
6181.01,199162630,available,3,TESS Sector 76;TESS Sector 77;TESS Sector 83,
6186.01,345333936,available,2,TESS Sector 77;TESS Sector 78,
619.01,267527924,available,2,TESS Sector 34;TESS Sector 35,
6196.01,330944099,available,3,TESS Sector 76;TESS Sector 83;TESS Sector 84,
620.01,296739893,available,5,TESS Sector 08;TESS Sector 35;TESS Sector 62;TESS Sector 89;TESS Sector 99,
6207.01,432422552,not_found,0,,
622.01,83092282,available,8,TESS Sector 08;TESS Sector 09;TESS Sector 34;TESS Sector 35;TESS Sector 61;TESS Sector 62;TESS Sector 88;TESS Sector 89,
6223.01,288144647,available,1,TESS Sector 84,
623.01,101395259,available,6,TESS Sector 08;TESS Sector 09;TESS Sector 35;TESS Sector 62;TESS Sector 89;TESS Sector 99,
624.01,399870368,available,2,TESS Sector 32;TESS Sector 98,
6242.01,437740083,available,1,TESS Sector 84,
625.01,379929661,available,3,TESS Sector 34;TESS Sector 61;TESS Sector 88,
6251.01,52005579,available,5,TESS Sector 42;TESS Sector 43;TESS Sector 57;TESS Sector 70;TESS Sector 84,
6255.01,261135533,available,3,TESS Sector 16;TESS Sector 56;TESS Sector 83,
626.01,65412605,available,5,TESS Sector 33;TESS Sector 34;TESS Sector 61;TESS Sector 87;TESS Sector 88,
627.01,365781372,available,1,TESS Sector 32,
6275.01,49043968,available,4,TESS Sector 100;TESS Sector 63;TESS Sector 90;TESS Sector 99,
6276.01,397362481,available,5,TESS Sector 100;TESS Sector 63;TESS Sector 64;TESS Sector 90;TESS Sector 99,
6276.02,397362481,available,5,TESS Sector 100;TESS Sector 63;TESS Sector 64;TESS Sector 90;TESS Sector 99,
6279.01,449951606,not_found,0,,
628.01,281408474,available,1,TESS Sector 87,
6280.01,370877263,available,1,TESS Sector 90,
6286.01,354285962,available,2,TESS Sector 77;TESS Sector 79,
629.01,293853437,available,2,TESS Sector 33;TESS Sector 87,
6298.01,285233023,available,1,TESS Sector 78,
631.01,97158538,available,2,TESS Sector 33;TESS Sector 34,
632.01,349790953,available,25,TESS Sector 01;TESS Sector 03;TESS Sector 04;TESS Sector 05;TESS Sector 06;TESS Sector 07;TESS Sector 08;TESS Sector 09;TESS Sector 10;TESS Sector 11;TESS Sector 13;TESS Sector 61;TESS Sector 62;TESS Sector 63;TESS Sector 64;TESS Sector 65;TESS Sector 67;TESS Sector 68;TESS Sector 69;TESS Sector 87;TESS Sector 88;TESS Sector 90;TESS Sector 94;TESS Sector 95;TESS Sector 96,
6324.01,372207328,available,8,TESS Sector 16;TESS Sector 17;TESS Sector 18;TESS Sector 24;TESS Sector 58;TESS Sector 77;TESS Sector 78;TESS Sector 85,
633.01,348755723,available,2,TESS Sector 08;TESS Sector 35,
634.01,344926234,available,5,TESS Sector 08;TESS Sector 35;TESS Sector 45;TESS Sector 46;TESS Sector 72,
6343.01,256349966,available,5,TESS Sector 77;TESS Sector 78;TESS Sector 83;TESS Sector 84;TESS Sector 85,
635.01,286132427,available,4,TESS Sector 08;TESS Sector 35;TESS Sector 89;TESS Sector 99,
6355.01,98613492,available,2,TESS Sector 73;TESS Sector 86,
636.01,146463781,available,2,TESS Sector 07;TESS Sector 08,
6368.01,274002141,not_found,0,,
6377.01,187532854,available,1,TESS Sector 73,
638.01,78154865,available,2,TESS Sector 08;TESS Sector 35,
6383.01,328513434,available,1,TESS Sector 73,
639.01,82362447,available,4,TESS Sector 08;TESS Sector 35;TESS Sector 61;TESS Sector 62,
6396.01,73244652,available,2,TESS Sector 60;TESS Sector 74,
6398.01,353586703,available,1,TESS Sector 73,
640.01,147977348,available,3,TESS Sector 33;TESS Sector 34;TESS Sector 87,
643.01,432008938,available,2,TESS Sector 07;TESS Sector 08,
644.01,63303499,available,2,TESS Sector 33;TESS Sector 34,
6442.01,97921547,available,2,TESS Sector 87;TESS Sector 88,
6447.01,347442932,available,1,TESS Sector 88,
6448.01,320411045,available,1,TESS Sector 87,
645.01,157568289,available,2,TESS Sector 33;TESS Sector 34,
646.01,238197709,available,29,TESS Sector 12;TESS Sector 13;TESS Sector 28;TESS Sector 29;TESS Sector 30;TESS Sector 32;TESS Sector 33;TESS Sector 36;TESS Sector 37;TESS Sector 39;TESS Sector 61;TESS Sector 62;TESS Sector 63;TESS Sector 64;TESS Sector 65;TESS Sector 66;TESS Sector 67;TESS Sector 68;TESS Sector 69;TESS Sector 87;TESS Sector 88;TESS Sector 89;TESS Sector 90;TESS Sector 93;TESS Sector 94;TESS Sector 95;TESS Sector 96;TESS Sector 97;TESS Sector 98,
648.01,78672342,not_found,0,,
6486.01,46772529,available,1,TESS Sector 89,
650.01,349373192,available,3,TESS Sector 11;TESS Sector 12;TESS Sector 13,
6508.01,142277868,available,3,TESS Sector 100;TESS Sector 101;TESS Sector 90,
652.01,22221375,available,6,TESS Sector 09;TESS Sector 100;TESS Sector 35;TESS Sector 62;TESS Sector 89;TESS Sector 99,
653.01,33153766,available,4,TESS Sector 09;TESS Sector 35;TESS Sector 36;TESS Sector 89,
654.01,35009898,available,7,TESS Sector 09;TESS Sector 100;TESS Sector 36;TESS Sector 45;TESS Sector 46;TESS Sector 62;TESS Sector 72,
6542.01,255851356,not_found,0,,
657.01,48103627,available,4,TESS Sector 09;TESS Sector 35;TESS Sector 36;TESS Sector 99,
658.01,48476907,available,5,TESS Sector 09;TESS Sector 35;TESS Sector 36;TESS Sector 62;TESS Sector 63,
6585.01,162729620,available,1,TESS Sector 90,
662.01,54085154,available,2,TESS Sector 09;TESS Sector 36,
6628.01,75650448,not_found,0,,
663.01,54962195,available,5,TESS Sector 09;TESS Sector 100;TESS Sector 35;TESS Sector 62;TESS Sector 89,
663.02,54962195,available,5,TESS Sector 09;TESS Sector 100;TESS Sector 35;TESS Sector 62;TESS Sector 89,
663.03,54962195,available,5,TESS Sector 09;TESS Sector 100;TESS Sector 35;TESS Sector 62;TESS Sector 89,
6645.01,15827263,available,1,TESS Sector 80,
665.01,73723286,available,5,TESS Sector 09;TESS Sector 100;TESS Sector 63;TESS Sector 90;TESS Sector 99,
6650.03,64837857,available,4,TESS Sector 57;TESS Sector 77;TESS Sector 83;TESS Sector 84,
6651.01,174328045,available,1,TESS Sector 84,
6654.01,278726770,available,10,TESS Sector 87;TESS Sector 88;TESS Sector 89;TESS Sector 90;TESS Sector 93;TESS Sector 94;TESS Sector 95;TESS Sector 96;TESS Sector 97;TESS Sector 98,
6656.01,262457587,not_found,0,,
6669.01,333736132,available,5,TESS Sector 100;TESS Sector 101;TESS Sector 36;TESS Sector 63;TESS Sector 90,
669.01,124573851,available,4,TESS Sector 09;TESS Sector 35;TESS Sector 62;TESS Sector 89,
6693.01,35377903,available,2,TESS Sector 55;TESS Sector 92,
6696.01,104195270,available,1,TESS Sector 58,
6697.01,441546821,available,6,TESS Sector 100;TESS Sector 101;TESS Sector 38;TESS Sector 64;TESS Sector 65;TESS Sector 99,
6697.02,441546821,available,6,TESS Sector 100;TESS Sector 101;TESS Sector 38;TESS Sector 64;TESS Sector 65;TESS Sector 99,
670.01,147660201,available,3,TESS Sector 09;TESS Sector 10;TESS Sector 36,
6711.01,303364023,available,9,TESS Sector 09;TESS Sector 10;TESS Sector 11;TESS Sector 36;TESS Sector 37;TESS Sector 38;TESS Sector 63;TESS Sector 64;TESS Sector 65,
672.01,151825527,available,7,TESS Sector 09;TESS Sector 10;TESS Sector 100;TESS Sector 36;TESS Sector 63;TESS Sector 90;TESS Sector 99,
673.01,151959065,available,5,TESS Sector 09;TESS Sector 10;TESS Sector 36;TESS Sector 63;TESS Sector 99,
674.01,158588995,available,7,TESS Sector 09;TESS Sector 10;TESS Sector 100;TESS Sector 36;TESS Sector 63;TESS Sector 90;TESS Sector 99,
6741.01,263203229,available,1,TESS Sector 93,
6750.01,299876474,available,1,TESS Sector 93,
6764.01,148523092,not_found,0,,
6768.01,365952328,available,4,TESS Sector 102;TESS Sector 103;TESS Sector 104;TESS Sector 93,
677.01,280206394,available,8,TESS Sector 09;TESS Sector 10;TESS Sector 35;TESS Sector 36;TESS Sector 62;TESS Sector 63;TESS Sector 89;TESS Sector 90,
6783.01,291013124,available,1,TESS Sector 94,
679.01,308050066,available,5,TESS Sector 09;TESS Sector 100;TESS Sector 35;TESS Sector 62;TESS Sector 89,
682.01,429304876,available,5,TESS Sector 09;TESS Sector 100;TESS Sector 36;TESS Sector 63;TESS Sector 90,
6849.01,434100688,not_found,0,,
6866.01,344224831,not_found,0,,
6874.01,4426490,available,2,TESS Sector 71;TESS Sector 72,
6876.01,377024332,not_found,0,,
6878.01,262135904,not_found,0,,
688.01,339636032,available,10,TESS Sector 06;TESS Sector 07;TESS Sector 08;TESS Sector 09;TESS Sector 13;TESS Sector 30;TESS Sector 33;TESS Sector 34;TESS Sector 35;TESS Sector 36,
6882.01,293075732,available,1,TESS Sector 66,
6883.01,393818343,available,1,TESS Sector 55,
6884.01,156514476,not_found,0,,
689.01,445822015,available,2,TESS Sector 09;TESS Sector 36,
6894.01,67512645,available,1,TESS Sector 72,
6895.01,252537013,available,2,TESS Sector 77;TESS Sector 84,
690.01,101497191,available,3,TESS Sector 09;TESS Sector 35;TESS Sector 36,
691.01,156991337,available,3,TESS Sector 06;TESS Sector 07;TESS Sector 33,
692.01,320417762,available,8,TESS Sector 07;TESS Sector 1751;TESS Sector 34;TESS Sector 44;TESS Sector 45;TESS Sector 46;TESS Sector 72;TESS Sector 88,
6920.01,84126162,not_found,0,,
6921.01,58474992,available,2,TESS Sector 43;TESS Sector 44,
693.01,458589703,available,4,TESS Sector 07;TESS Sector 34;TESS Sector 44;TESS Sector 46,
694.01,55383975,available,39,TESS Sector 01;TESS Sector 04;TESS Sector 05;TESS Sector 06;TESS Sector 07;TESS Sector 08;TESS Sector 09;TESS Sector 11;TESS Sector 12;TESS Sector 13;TESS Sector 27;TESS Sector 28;TESS Sector 29;TESS Sector 30;TESS Sector 31;TESS Sector 32;TESS Sector 33;TESS Sector 34;TESS Sector 35;TESS Sector 36;TESS Sector 37;TESS Sector 38;TESS Sector 39;TESS Sector 61;TESS Sector 62;TESS Sector 63;TESS Sector 65;TESS Sector 66;TESS Sector 67;TESS Sector 68;TESS Sector 69;TESS Sector 87;TESS Sector 88;TESS Sector 89;TESS Sector 90;TESS Sector 93;TESS Sector 94;TESS Sector 95;TESS Sector 96,
6952.01,400466395,not_found,0,,
696.01,77156829,available,5,TESS Sector 04;TESS Sector 05;TESS Sector 31;TESS Sector 32;TESS Sector 98,
696.02,77156829,available,5,TESS Sector 04;TESS Sector 05;TESS Sector 31;TESS Sector 32;TESS Sector 98,
696.03,77156829,available,5,TESS Sector 04;TESS Sector 05;TESS Sector 31;TESS Sector 32;TESS Sector 98,
6963.01,56658270,available,6,TESS Sector 43;TESS Sector 44;TESS Sector 59;TESS Sector 70;TESS Sector 71;TESS Sector 86,
6969.01,17129975,available,1,TESS Sector 75,
6982.01,113921235,available,5,TESS Sector 42;TESS Sector 43;TESS Sector 44;TESS Sector 70;TESS Sector 71,
6989.01,261141602,available,1,TESS Sector 86,
6994.01,55390413,not_found,0,,
6996.01,41875043,not_found,0,,
6999.01,444977814,available,1,TESS Sector 74,
700.01,150428135,available,37,TESS Sector 01;TESS Sector 03;TESS Sector 04;TESS Sector 05;TESS Sector 06;TESS Sector 07;TESS Sector 08;TESS Sector 09;TESS Sector 10;TESS Sector 11;TESS Sector 13;TESS Sector 27;TESS Sector 28;TESS Sector 30;TESS Sector 31;TESS Sector 33;TESS Sector 34;TESS Sector 35;TESS Sector 36;TESS Sector 37;TESS Sector 38;TESS Sector 61;TESS Sector 62;TESS Sector 63;TESS Sector 64;TESS Sector 65;TESS Sector 66;TESS Sector 68;TESS Sector 69;TESS Sector 87;TESS Sector 88;TESS Sector 89;TESS Sector 90;TESS Sector 93;TESS Sector 95;TESS Sector 96;TESS Sector 97,
700.02,150428135,available,37,TESS Sector 01;TESS Sector 03;TESS Sector 04;TESS Sector 05;TESS Sector 06;TESS Sector 07;TESS Sector 08;TESS Sector 09;TESS Sector 10;TESS Sector 11;TESS Sector 13;TESS Sector 27;TESS Sector 28;TESS Sector 30;TESS Sector 31;TESS Sector 33;TESS Sector 34;TESS Sector 35;TESS Sector 36;TESS Sector 37;TESS Sector 38;TESS Sector 61;TESS Sector 62;TESS Sector 63;TESS Sector 64;TESS Sector 65;TESS Sector 66;TESS Sector 68;TESS Sector 69;TESS Sector 87;TESS Sector 88;TESS Sector 89;TESS Sector 90;TESS Sector 93;TESS Sector 95;TESS Sector 96;TESS Sector 97,
700.03,150428135,available,37,TESS Sector 01;TESS Sector 03;TESS Sector 04;TESS Sector 05;TESS Sector 06;TESS Sector 07;TESS Sector 08;TESS Sector 09;TESS Sector 10;TESS Sector 11;TESS Sector 13;TESS Sector 27;TESS Sector 28;TESS Sector 30;TESS Sector 31;TESS Sector 33;TESS Sector 34;TESS Sector 35;TESS Sector 36;TESS Sector 37;TESS Sector 38;TESS Sector 61;TESS Sector 62;TESS Sector 63;TESS Sector 64;TESS Sector 65;TESS Sector 66;TESS Sector 68;TESS Sector 69;TESS Sector 87;TESS Sector 88;TESS Sector 89;TESS Sector 90;TESS Sector 93;TESS Sector 95;TESS Sector 96;TESS Sector 97,
700.04,150428135,available,37,TESS Sector 01;TESS Sector 03;TESS Sector 04;TESS Sector 05;TESS Sector 06;TESS Sector 07;TESS Sector 08;TESS Sector 09;TESS Sector 10;TESS Sector 11;TESS Sector 13;TESS Sector 27;TESS Sector 28;TESS Sector 30;TESS Sector 31;TESS Sector 33;TESS Sector 34;TESS Sector 35;TESS Sector 36;TESS Sector 37;TESS Sector 38;TESS Sector 61;TESS Sector 62;TESS Sector 63;TESS Sector 64;TESS Sector 65;TESS Sector 66;TESS Sector 68;TESS Sector 69;TESS Sector 87;TESS Sector 88;TESS Sector 89;TESS Sector 90;TESS Sector 93;TESS Sector 95;TESS Sector 96;TESS Sector 97,
7007.01,289441015,not_found,0,,
701.01,219239945,available,7,TESS Sector 03;TESS Sector 04;TESS Sector 05;TESS Sector 30;TESS Sector 31;TESS Sector 32;TESS Sector 97,
7019.01,366119858,available,1,TESS Sector 85,
704.01,260004324,available,42,TESS Sector 01;TESS Sector 02;TESS Sector 03;TESS Sector 04;TESS Sector 05;TESS Sector 07;TESS Sector 08;TESS Sector 09;TESS Sector 10;TESS Sector 11;TESS Sector 12;TESS Sector 13;TESS Sector 27;TESS Sector 28;TESS Sector 29;TESS Sector 30;TESS Sector 31;TESS Sector 32;TESS Sector 33;TESS Sector 34;TESS Sector 35;TESS Sector 36;TESS Sector 37;TESS Sector 38;TESS Sector 39;TESS Sector 61;TESS Sector 62;TESS Sector 64;TESS Sector 65;TESS Sector 66;TESS Sector 67;TESS Sector 68;TESS Sector 69;TESS Sector 87;TESS Sector 88;TESS Sector 89;TESS Sector 93;TESS Sector 94;TESS Sector 95;TESS Sector 96;TESS Sector 97;TESS Sector 98,
7041.01,201175570,available,6,TESS Sector 103;TESS Sector 104;TESS Sector 68;TESS Sector 69;TESS Sector 95;TESS Sector 96,
7042.01,345724317,not_found,0,,
7051.01,18574158,not_found,0,,
7065.01,383723559,not_found,0,,
708.01,391821647,available,12,TESS Sector 01;TESS Sector 02;TESS Sector 03;TESS Sector 04;TESS Sector 05;TESS Sector 06;TESS Sector 08;TESS Sector 09;TESS Sector 10;TESS Sector 11;TESS Sector 12;TESS Sector 13,
7086.01,199289712,not_found,0,,
710.01,309402106,available,18,TESS Sector 01;TESS Sector 05;TESS Sector 08;TESS Sector 09;TESS Sector 10;TESS Sector 11;TESS Sector 28;TESS Sector 35;TESS Sector 36;TESS Sector 37;TESS Sector 38;TESS Sector 62;TESS Sector 63;TESS Sector 64;TESS Sector 69;TESS Sector 88;TESS Sector 89;TESS Sector 96,
7104.01,371579161,not_found,0,,
7114.01,365712006,not_found,0,,
712.01,150151262,available,30,TESS Sector 03;TESS Sector 04;TESS Sector 06;TESS Sector 07;TESS Sector 09;TESS Sector 10;TESS Sector 11;TESS Sector 13;TESS Sector 27;TESS Sector 29;TESS Sector 30;TESS Sector 31;TESS Sector 33;TESS Sector 34;TESS Sector 36;TESS Sector 37;TESS Sector 39;TESS Sector 61;TESS Sector 62;TESS Sector 63;TESS Sector 64;TESS Sector 65;TESS Sector 66;TESS Sector 67;TESS Sector 89;TESS Sector 90;TESS Sector 93;TESS Sector 94;TESS Sector 97;TESS Sector 98,
712.02,150151262,available,30,TESS Sector 03;TESS Sector 04;TESS Sector 06;TESS Sector 07;TESS Sector 09;TESS Sector 10;TESS Sector 11;TESS Sector 13;TESS Sector 27;TESS Sector 29;TESS Sector 30;TESS Sector 31;TESS Sector 33;TESS Sector 34;TESS Sector 36;TESS Sector 37;TESS Sector 39;TESS Sector 61;TESS Sector 62;TESS Sector 63;TESS Sector 64;TESS Sector 65;TESS Sector 66;TESS Sector 67;TESS Sector 89;TESS Sector 90;TESS Sector 93;TESS Sector 94;TESS Sector 97;TESS Sector 98,
712.03,150151262,available,30,TESS Sector 03;TESS Sector 04;TESS Sector 06;TESS Sector 07;TESS Sector 09;TESS Sector 10;TESS Sector 11;TESS Sector 13;TESS Sector 27;TESS Sector 29;TESS Sector 30;TESS Sector 31;TESS Sector 33;TESS Sector 34;TESS Sector 36;TESS Sector 37;TESS Sector 39;TESS Sector 61;TESS Sector 62;TESS Sector 63;TESS Sector 64;TESS Sector 65;TESS Sector 66;TESS Sector 67;TESS Sector 89;TESS Sector 90;TESS Sector 93;TESS Sector 94;TESS Sector 97;TESS Sector 98,
712.04,150151262,available,30,TESS Sector 03;TESS Sector 04;TESS Sector 06;TESS Sector 07;TESS Sector 09;TESS Sector 10;TESS Sector 11;TESS Sector 13;TESS Sector 27;TESS Sector 29;TESS Sector 30;TESS Sector 31;TESS Sector 33;TESS Sector 34;TESS Sector 36;TESS Sector 37;TESS Sector 39;TESS Sector 61;TESS Sector 62;TESS Sector 63;TESS Sector 64;TESS Sector 65;TESS Sector 66;TESS Sector 67;TESS Sector 89;TESS Sector 90;TESS Sector 93;TESS Sector 94;TESS Sector 97;TESS Sector 98,
7121.01,469436001,not_found,0,,
7137.01,161687209,available,4,TESS Sector 76;TESS Sector 77;TESS Sector 78;TESS Sector 82,
7146.01,402848417,not_found,0,,
7149.01,459323923,not_found,0,,
715.01,271971130,available,43,TESS Sector 01;TESS Sector 02;TESS Sector 03;TESS Sector 04;TESS Sector 05;TESS Sector 06;TESS Sector 07;TESS Sector 08;TESS Sector 09;TESS Sector 10;TESS Sector 11;TESS Sector 12;TESS Sector 13;TESS Sector 27;TESS Sector 29;TESS Sector 30;TESS Sector 31;TESS Sector 32;TESS Sector 33;TESS Sector 34;TESS Sector 35;TESS Sector 36;TESS Sector 37;TESS Sector 39;TESS Sector 61;TESS Sector 62;TESS Sector 63;TESS Sector 64;TESS Sector 65;TESS Sector 66;TESS Sector 67;TESS Sector 68;TESS Sector 69;TESS Sector 87;TESS Sector 88;TESS Sector 89;TESS Sector 90;TESS Sector 93;TESS Sector 94;TESS Sector 95;TESS Sector 96;TESS Sector 97;TESS Sector 98,
7154.01,377622130,not_found,0,,
716.01,119081096,available,2,TESS Sector 08;TESS Sector 35,
7164.01,326470400,available,1,TESS Sector 11,
7166.01,288421619,available,1,TESS Sector 82,
717.01,275248683,available,5,TESS Sector 08;TESS Sector 35;TESS Sector 45;TESS Sector 46;TESS Sector 62,
7173.01,268727719,available,2,TESS Sector 84;TESS Sector 85,
718.01,150247134,available,23,TESS Sector 04;TESS Sector 05;TESS Sector 06;TESS Sector 08;TESS Sector 11;TESS Sector 28;TESS Sector 29;TESS Sector 30;TESS Sector 31;TESS Sector 32;TESS Sector 33;TESS Sector 34;TESS Sector 35;TESS Sector 36;TESS Sector 38;TESS Sector 39;TESS Sector 88;TESS Sector 89;TESS Sector 90;TESS Sector 93;TESS Sector 94;TESS Sector 95;TESS Sector 96,
7189.01,18885659,not_found,0,,
719.01,184952758,available,2,TESS Sector 08;TESS Sector 35,
7193.01,325086150,not_found,0,,
720.01,131419878,available,5,TESS Sector 07;TESS Sector 08;TESS Sector 34;TESS Sector 35;TESS Sector 88,
7220.01,344416349,not_found,0,,
7244.01,435673126,not_found,0,,
7247.01,51318828,not_found,0,,
725.01,410245915,available,2,TESS Sector 08;TESS Sector 35,
7250.01,459728249,not_found,0,,
7252.01,289047954,not_found,0,,
726.01,174143743,available,1,TESS Sector 08,
7260.01,418866096,not_found,0,,
7265.01,275717567,not_found,0,,
7275.01,172376068,not_found,0,,
728.01,96097215,available,2,TESS Sector 08;TESS Sector 35,
729.01,144138509,available,5,TESS Sector 09;TESS Sector 36;TESS Sector 46;TESS Sector 63;TESS Sector 90,
730.01,11561667,available,5,TESS Sector 09;TESS Sector 35;TESS Sector 62;TESS Sector 89;TESS Sector 99,
7302.01,399613138,not_found,0,,
731.01,34068865,available,7,TESS Sector 09;TESS Sector 35;TESS Sector 36;TESS Sector 63;TESS Sector 89;TESS Sector 90;TESS Sector 99,
732.01,36724087,available,5,TESS Sector 09;TESS Sector 100;TESS Sector 35;TESS Sector 62;TESS Sector 89,
732.02,36724087,available,5,TESS Sector 09;TESS Sector 100;TESS Sector 35;TESS Sector 62;TESS Sector 89,
7324.01,210337597,available,1,TESS Sector 14,
733.01,106402532,available,6,TESS Sector 09;TESS Sector 100;TESS Sector 36;TESS Sector 63;TESS Sector 90;TESS Sector 99,
7332.01,273069412,not_found,0,,
7335.01,75417968,not_found,0,,
734.01,146846569,available,5,TESS Sector 09;TESS Sector 10;TESS Sector 36;TESS Sector 63;TESS Sector 90,
7345.01,243283955,not_found,0,,
735.01,150271680,available,31,TESS Sector 01;TESS Sector 02;TESS Sector 03;TESS Sector 05;TESS Sector 06;TESS Sector 07;TESS Sector 08;TESS Sector 09;TESS Sector 10;TESS Sector 11;TESS Sector 12;TESS Sector 13;TESS Sector 27;TESS Sector 28;TESS Sector 29;TESS Sector 30;TESS Sector 32;TESS Sector 33;TESS Sector 35;TESS Sector 36;TESS Sector 37;TESS Sector 38;TESS Sector 39;TESS Sector 87;TESS Sector 88;TESS Sector 89;TESS Sector 90;TESS Sector 93;TESS Sector 94;TESS Sector 95;TESS Sector 96,
7350.01,257052211,not_found,0,,
7352.01,411347315,not_found,0,,
736.01,181804752,available,5,TESS Sector 09;TESS Sector 100;TESS Sector 36;TESS Sector 63;TESS Sector 90,
736.02,181804752,available,5,TESS Sector 09;TESS Sector 100;TESS Sector 36;TESS Sector 63;TESS Sector 90,
737.01,219189765,available,5,TESS Sector 09;TESS Sector 100;TESS Sector 36;TESS Sector 63;TESS Sector 90,
7372.01,369581703,not_found,0,,
7373.01,10552342,not_found,0,,
7393.01,165598669,available,2,TESS Sector 76;TESS Sector 77,
7394.01,161687211,available,4,TESS Sector 76;TESS Sector 77;TESS Sector 78;TESS Sector 82,
741.01,359271092,available,7,TESS Sector 09;TESS Sector 10;TESS Sector 36;TESS Sector 37;TESS Sector 62;TESS Sector 64;TESS Sector 89,
7415.01,374177909,not_found,0,,
7416.01,191373021,not_found,0,,
7417.01,25624952,not_found,0,,
7418.01,291732201,not_found,0,,
742.01,373424049,available,4,TESS Sector 09;TESS Sector 10;TESS Sector 35;TESS Sector 36,
7431.01,347018922,not_found,0,,
7510.01,118798035,available,2,TESS Sector 103;TESS Sector 104,
7510.02,118798035,available,2,TESS Sector 103;TESS Sector 104,
7510.03,118798035,available,2,TESS Sector 103;TESS Sector 104,
7519.01,156678143,not_found,0,,
7527.01,187495621,not_found,0,,
755.01,73228647,available,5,TESS Sector 10;TESS Sector 100;TESS Sector 101;TESS Sector 37;TESS Sector 64,
756.01,73649615,available,5,TESS Sector 10;TESS Sector 100;TESS Sector 11;TESS Sector 37;TESS Sector 64,
7560.01,60520371,not_found,0,,
757.01,130924120,available,4,TESS Sector 10;TESS Sector 101;TESS Sector 37;TESS Sector 64,
758.01,131081852,available,4,TESS Sector 10;TESS Sector 101;TESS Sector 37;TESS Sector 64,
7605.01,393626873,not_found,0,,
762.01,178709444,available,7,TESS Sector 10;TESS Sector 100;TESS Sector 36;TESS Sector 37;TESS Sector 63;TESS Sector 90;TESS Sector 99,
763.01,178819686,available,5,TESS Sector 10;TESS Sector 101;TESS Sector 102;TESS Sector 37;TESS Sector 64,
763.02,178819686,available,5,TESS Sector 10;TESS Sector 101;TESS Sector 102;TESS Sector 37;TESS Sector 64,
765.01,219401954,available,14,TESS Sector 03;TESS Sector 04;TESS Sector 05;TESS Sector 06;TESS Sector 10;TESS Sector 13;TESS Sector 27;TESS Sector 30;TESS Sector 31;TESS Sector 32;TESS Sector 33;TESS Sector 37;TESS Sector 97;TESS Sector 98,
771.01,277634430,available,7,TESS Sector 10;TESS Sector 11;TESS Sector 12;TESS Sector 37;TESS Sector 38;TESS Sector 64;TESS Sector 65,
775.01,304042899,available,3,TESS Sector 10;TESS Sector 11;TESS Sector 37,
776.01,306996324,available,6,TESS Sector 10;TESS Sector 100;TESS Sector 101;TESS Sector 37;TESS Sector 63;TESS Sector 90,
776.02,306996324,available,6,TESS Sector 10;TESS Sector 100;TESS Sector 101;TESS Sector 37;TESS Sector 63;TESS Sector 90,
778.01,335630746,available,3,TESS Sector 10;TESS Sector 37;TESS Sector 91,
782.01,429358906,available,5,TESS Sector 10;TESS Sector 101;TESS Sector 36;TESS Sector 63;TESS Sector 90,
784.01,460984940,available,7,TESS Sector 10;TESS Sector 11;TESS Sector 37;TESS Sector 38;TESS Sector 63;TESS Sector 64;TESS Sector 90,
791.01,306472057,available,40,TESS Sector 04;TESS Sector 05;TESS Sector 06;TESS Sector 08;TESS Sector 09;TESS Sector 10;TESS Sector 12;TESS Sector 13;TESS Sector 27;TESS Sector 28;TESS Sector 29;TESS Sector 30;TESS Sector 31;TESS Sector 32;TESS Sector 33;TESS Sector 34;TESS Sector 35;TESS Sector 36;TESS Sector 37;TESS Sector 38;TESS Sector 39;TESS Sector 61;TESS Sector 62;TESS Sector 63;TESS Sector 64;TESS Sector 65;TESS Sector 66;TESS Sector 67;TESS Sector 68;TESS Sector 69;TESS Sector 87;TESS Sector 88;TESS Sector 89;TESS Sector 90;TESS Sector 93;TESS Sector 94;TESS Sector 95;TESS Sector 96;TESS Sector 97;TESS Sector 98,
791.02,306472057,available,40,TESS Sector 04;TESS Sector 05;TESS Sector 06;TESS Sector 08;TESS Sector 09;TESS Sector 10;TESS Sector 12;TESS Sector 13;TESS Sector 27;TESS Sector 28;TESS Sector 29;TESS Sector 30;TESS Sector 31;TESS Sector 32;TESS Sector 33;TESS Sector 34;TESS Sector 35;TESS Sector 36;TESS Sector 37;TESS Sector 38;TESS Sector 39;TESS Sector 61;TESS Sector 62;TESS Sector 63;TESS Sector 64;TESS Sector 65;TESS Sector 66;TESS Sector 67;TESS Sector 68;TESS Sector 69;TESS Sector 87;TESS Sector 88;TESS Sector 89;TESS Sector 90;TESS Sector 93;TESS Sector 94;TESS Sector 95;TESS Sector 96;TESS Sector 97;TESS Sector 98,
792.01,294780517,available,30,TESS Sector 04;TESS Sector 05;TESS Sector 06;TESS Sector 07;TESS Sector 08;TESS Sector 09;TESS Sector 10;TESS Sector 11;TESS Sector 12;TESS Sector 13;TESS Sector 27;TESS Sector 28;TESS Sector 29;TESS Sector 30;TESS Sector 31;TESS Sector 33;TESS Sector 34;TESS Sector 35;TESS Sector 36;TESS Sector 37;TESS Sector 38;TESS Sector 39;TESS Sector 87;TESS Sector 88;TESS Sector 89;TESS Sector 90;TESS Sector 93;TESS Sector 94;TESS Sector 95;TESS Sector 96,
793.01,300013921,available,42,TESS Sector 01;TESS Sector 02;TESS Sector 03;TESS Sector 04;TESS Sector 05;TESS Sector 06;TESS Sector 07;TESS Sector 08;TESS Sector 09;TESS Sector 10;TESS Sector 11;TESS Sector 12;TESS Sector 13;TESS Sector 28;TESS Sector 29;TESS Sector 30;TESS Sector 31;TESS Sector 32;TESS Sector 33;TESS Sector 34;TESS Sector 35;TESS Sector 36;TESS Sector 38;TESS Sector 39;TESS Sector 61;TESS Sector 62;TESS Sector 63;TESS Sector 64;TESS Sector 65;TESS Sector 66;TESS Sector 67;TESS Sector 68;TESS Sector 69;TESS Sector 88;TESS Sector 89;TESS Sector 90;TESS Sector 93;TESS Sector 94;TESS Sector 95;TESS Sector 96;TESS Sector 97;TESS Sector 98,
796.01,277099925,available,35,TESS Sector 01;TESS Sector 03;TESS Sector 04;TESS Sector 06;TESS Sector 07;TESS Sector 08;TESS Sector 09;TESS Sector 10;TESS Sector 11;TESS Sector 12;TESS Sector 13;TESS Sector 27;TESS Sector 28;TESS Sector 29;TESS Sector 30;TESS Sector 31;TESS Sector 33;TESS Sector 34;TESS Sector 36;TESS Sector 37;TESS Sector 38;TESS Sector 39;TESS Sector 61;TESS Sector 62;TESS Sector 65;TESS Sector 66;TESS Sector 67;TESS Sector 69;TESS Sector 88;TESS Sector 89;TESS Sector 90;TESS Sector 93;TESS Sector 94;TESS Sector 96;TESS Sector 97,
803.01,143526444,available,3,TESS Sector 07;TESS Sector 08;TESS Sector 34,
804.01,41227743,available,35,TESS Sector 01;TESS Sector 02;TESS Sector 04;TESS Sector 05;TESS Sector 06;TESS Sector 07;TESS Sector 08;TESS Sector 10;TESS Sector 11;TESS Sector 13;TESS Sector 27;TESS Sector 28;TESS Sector 30;TESS Sector 31;TESS Sector 32;TESS Sector 33;TESS Sector 34;TESS Sector 35;TESS Sector 36;TESS Sector 37;TESS Sector 38;TESS Sector 62;TESS Sector 63;TESS Sector 64;TESS Sector 66;TESS Sector 67;TESS Sector 68;TESS Sector 69;TESS Sector 89;TESS Sector 90;TESS Sector 93;TESS Sector 94;TESS Sector 95;TESS Sector 96;TESS Sector 97,
813.01,55525572,available,39,TESS Sector 04;TESS Sector 05;TESS Sector 06;TESS Sector 08;TESS Sector 09;TESS Sector 10;TESS Sector 11;TESS Sector 12;TESS Sector 13;TESS Sector 27;TESS Sector 28;TESS Sector 29;TESS Sector 30;TESS Sector 31;TESS Sector 32;TESS Sector 33;TESS Sector 34;TESS Sector 35;TESS Sector 36;TESS Sector 37;TESS Sector 38;TESS Sector 39;TESS Sector 61;TESS Sector 62;TESS Sector 63;TESS Sector 64;TESS Sector 65;TESS Sector 66;TESS Sector 67;TESS Sector 68;TESS Sector 69;TESS Sector 87;TESS Sector 89;TESS Sector 90;TESS Sector 93;TESS Sector 95;TESS Sector 96;TESS Sector 97;TESS Sector 98,
814.01,255760319,available,9,TESS Sector 06;TESS Sector 07;TESS Sector 08;TESS Sector 29;TESS Sector 32;TESS Sector 33;TESS Sector 34;TESS Sector 35;TESS Sector 39,
815.01,102840239,available,5,TESS Sector 100;TESS Sector 36;TESS Sector 63;TESS Sector 90;TESS Sector 99,
815.02,102840239,available,5,TESS Sector 100;TESS Sector 36;TESS Sector 63;TESS Sector 90;TESS Sector 99,
816.01,175180796,available,3,TESS Sector 07;TESS Sector 08;TESS Sector 34,
817.01,30312676,available,41,TESS Sector 01;TESS Sector 02;TESS Sector 03;TESS Sector 04;TESS Sector 05;TESS Sector 06;TESS Sector 07;TESS Sector 08;TESS Sector 10;TESS Sector 11;TESS Sector 12;TESS Sector 13;TESS Sector 27;TESS Sector 28;TESS Sector 29;TESS Sector 30;TESS Sector 31;TESS Sector 32;TESS Sector 33;TESS Sector 34;TESS Sector 35;TESS Sector 36;TESS Sector 37;TESS Sector 38;TESS Sector 39;TESS Sector 61;TESS Sector 62;TESS Sector 64;TESS Sector 65;TESS Sector 66;TESS Sector 67;TESS Sector 68;TESS Sector 88;TESS Sector 89;TESS Sector 90;TESS Sector 93;TESS Sector 94;TESS Sector 95;TESS Sector 96;TESS Sector 97;TESS Sector 98,
821.01,125405602,available,2,TESS Sector 11;TESS Sector 37,
822.02,127530399,available,4,TESS Sector 102;TESS Sector 11;TESS Sector 38;TESS Sector 65,
824.01,193641523,available,8,TESS Sector 100;TESS Sector 101;TESS Sector 102;TESS Sector 11;TESS Sector 12;TESS Sector 38;TESS Sector 65;TESS Sector 99,
832.01,350332997,available,11,TESS Sector 11;TESS Sector 13;TESS Sector 27;TESS Sector 28;TESS Sector 30;TESS Sector 31;TESS Sector 32;TESS Sector 33;TESS Sector 34;TESS Sector 37;TESS Sector 38,
833.01,362249359,available,8,TESS Sector 09;TESS Sector 10;TESS Sector 11;TESS Sector 36;TESS Sector 37;TESS Sector 63;TESS Sector 64;TESS Sector 90,
836.01,440887364,available,3,TESS Sector 11;TESS Sector 38;TESS Sector 91,
836.02,440887364,available,3,TESS Sector 11;TESS Sector 38;TESS Sector 91,
837.01,460205581,available,7,TESS Sector 10;TESS Sector 11;TESS Sector 37;TESS Sector 38;TESS Sector 63;TESS Sector 64;TESS Sector 90,
838.01,461271719,available,3,TESS Sector 11;TESS Sector 37;TESS Sector 64,
844.01,380886535,available,4,TESS Sector 30;TESS Sector 42;TESS Sector 43;TESS Sector 70,
845.01,32283946,available,1,TESS Sector 30,
846.01,229141709,available,2,TESS Sector 29;TESS Sector 30,
848.01,42015200,available,4,TESS Sector 104;TESS Sector 29;TESS Sector 30;TESS Sector 97,
849.01,33595516,available,2,TESS Sector 104;TESS Sector 97,
858.01,198008005,available,5,TESS Sector 29;TESS Sector 30;TESS Sector 31;TESS Sector 69;TESS Sector 97,
861.01,372913430,available,5,TESS Sector 27;TESS Sector 31;TESS Sector 35;TESS Sector 36;TESS Sector 37,
866.01,381976956,available,32,TESS Sector 01;TESS Sector 02;TESS Sector 03;TESS Sector 04;TESS Sector 05;TESS Sector 06;TESS Sector 07;TESS Sector 08;TESS Sector 09;TESS Sector 10;TESS Sector 11;TESS Sector 12;TESS Sector 13;TESS Sector 27;TESS Sector 29;TESS Sector 30;TESS Sector 31;TESS Sector 32;TESS Sector 33;TESS Sector 34;TESS Sector 35;TESS Sector 36;TESS Sector 37;TESS Sector 39;TESS Sector 87;TESS Sector 88;TESS Sector 89;TESS Sector 90;TESS Sector 93;TESS Sector 94;TESS Sector 95;TESS Sector 96,
868.01,271596418,available,32,TESS Sector 01;TESS Sector 02;TESS Sector 03;TESS Sector 04;TESS Sector 05;TESS Sector 06;TESS Sector 07;TESS Sector 08;TESS Sector 09;TESS Sector 10;TESS Sector 11;TESS Sector 12;TESS Sector 13;TESS Sector 27;TESS Sector 28;TESS Sector 29;TESS Sector 30;TESS Sector 31;TESS Sector 32;TESS Sector 33;TESS Sector 34;TESS Sector 36;TESS Sector 37;TESS Sector 38;TESS Sector 39;TESS Sector 87;TESS Sector 88;TESS Sector 89;TESS Sector 90;TESS Sector 93;TESS Sector 94;TESS Sector 95,
869.01,200807066,available,4,TESS Sector 03;TESS Sector 04;TESS Sector 30;TESS Sector 31,
871.01,219344917,available,7,TESS Sector 04;TESS Sector 05;TESS Sector 06;TESS Sector 31;TESS Sector 32;TESS Sector 97;TESS Sector 98,
878.01,219380235,available,4,TESS Sector 30;TESS Sector 31;TESS Sector 32;TESS Sector 33,
879.01,37084932,available,1,TESS Sector 33,
880.02,34077285,available,2,TESS Sector 33;TESS Sector 87,
881.01,237808867,available,1,TESS Sector 33,
882.01,92013169,available,6,TESS Sector 33;TESS Sector 43;TESS Sector 44;TESS Sector 45;TESS Sector 71;TESS Sector 72,
884.01,167031605,available,1,TESS Sector 33,
886.01,120269103,available,1,TESS Sector 33,
888.01,438295981,available,4,TESS Sector 33;TESS Sector 43;TESS Sector 44;TESS Sector 45,
889.01,284288080,available,4,TESS Sector 33;TESS Sector 34;TESS Sector 35;TESS Sector 36,
891.01,33690636,available,1,TESS Sector 33,
892.01,66561343,available,2,TESS Sector 33;TESS Sector 98,
894.01,42755801,available,1,TESS Sector 33,
895.01,250484865,available,1,TESS Sector 33,
896.01,102283403,available,1,TESS Sector 33,
897.01,229384040,available,1,TESS Sector 33,
898.01,124543547,available,1,TESS Sector 33,
904.01,261257684,available,12,TESS Sector 12;TESS Sector 13;TESS Sector 27;TESS Sector 38;TESS Sector 39;TESS Sector 61;TESS Sector 65;TESS Sector 66;TESS Sector 67;TESS Sector 88;TESS Sector 93;TESS Sector 94,
904.02,261257684,available,12,TESS Sector 12;TESS Sector 13;TESS Sector 27;TESS Sector 38;TESS Sector 39;TESS Sector 61;TESS Sector 65;TESS Sector 66;TESS Sector 67;TESS Sector 88;TESS Sector 93;TESS Sector 94,
905.01,261867566,available,10,TESS Sector 100;TESS Sector 101;TESS Sector 102;TESS Sector 12;TESS Sector 38;TESS Sector 39;TESS Sector 65;TESS Sector 66;TESS Sector 93;TESS Sector 99,
907.01,305424003,available,7,TESS Sector 100;TESS Sector 101;TESS Sector 102;TESS Sector 103;TESS Sector 12;TESS Sector 39;TESS Sector 93,
908.01,350153977,available,11,TESS Sector 12;TESS Sector 13;TESS Sector 27;TESS Sector 28;TESS Sector 39;TESS Sector 66;TESS Sector 67;TESS Sector 68;TESS Sector 93;TESS Sector 94;TESS Sector 95,
909.01,364107753,available,6,TESS Sector 101;TESS Sector 102;TESS Sector 12;TESS Sector 39;TESS Sector 66;TESS Sector 93,
910.01,369327947,available,10,TESS Sector 101;TESS Sector 102;TESS Sector 12;TESS Sector 13;TESS Sector 27;TESS Sector 39;TESS Sector 66;TESS Sector 67;TESS Sector 93;TESS Sector 94,
912.01,406941612,available,8,TESS Sector 100;TESS Sector 101;TESS Sector 12;TESS Sector 13;TESS Sector 39;TESS Sector 65;TESS Sector 66;TESS Sector 93,
913.01,407126408,available,8,TESS Sector 100;TESS Sector 101;TESS Sector 102;TESS Sector 12;TESS Sector 13;TESS Sector 65;TESS Sector 66;TESS Sector 93,
914.01,153027658,available,2,TESS Sector 30;TESS Sector 31,
915.01,259389219,available,3,TESS Sector 30;TESS Sector 31;TESS Sector 32,
916.01,348844154,available,24,TESS Sector 11;TESS Sector 12;TESS Sector 13;TESS Sector 27;TESS Sector 28;TESS Sector 29;TESS Sector 30;TESS Sector 31;TESS Sector 32;TESS Sector 33;TESS Sector 34;TESS Sector 35;TESS Sector 36;TESS Sector 37;TESS Sector 38;TESS Sector 39;TESS Sector 87;TESS Sector 88;TESS Sector 89;TESS Sector 90;TESS Sector 93;TESS Sector 94;TESS Sector 95;TESS Sector 96,
918.01,294869729,available,12,TESS Sector 27;TESS Sector 28;TESS Sector 29;TESS Sector 30;TESS Sector 31;TESS Sector 32;TESS Sector 33;TESS Sector 34;TESS Sector 36;TESS Sector 37;TESS Sector 38;TESS Sector 39,
920.01,271722899,available,21,TESS Sector 27;TESS Sector 28;TESS Sector 29;TESS Sector 30;TESS Sector 31;TESS Sector 32;TESS Sector 33;TESS Sector 34;TESS Sector 35;TESS Sector 36;TESS Sector 37;TESS Sector 38;TESS Sector 39;TESS Sector 87;TESS Sector 88;TESS Sector 89;TESS Sector 90;TESS Sector 93;TESS Sector 94;TESS Sector 95;TESS Sector 96,
922.01,278199349,available,5,TESS Sector 27;TESS Sector 34;TESS Sector 37;TESS Sector 38;TESS Sector 39,
923.01,301051430,available,2,TESS Sector 30;TESS Sector 31,
925.01,300599466,available,20,TESS Sector 27;TESS Sector 28;TESS Sector 29;TESS Sector 30;TESS Sector 31;TESS Sector 32;TESS Sector 33;TESS Sector 34;TESS Sector 35;TESS Sector 36;TESS Sector 37;TESS Sector 38;TESS Sector 39;TESS Sector 88;TESS Sector 89;TESS Sector 90;TESS Sector 93;TESS Sector 94;TESS Sector 95;TESS Sector 96,
927.01,261258875,available,7,TESS Sector 28;TESS Sector 31;TESS Sector 34;TESS Sector 35;TESS Sector 37;TESS Sector 38;TESS Sector 39,
928.01,300557619,available,12,TESS Sector 27;TESS Sector 28;TESS Sector 29;TESS Sector 30;TESS Sector 32;TESS Sector 33;TESS Sector 34;TESS Sector 35;TESS Sector 36;TESS Sector 37;TESS Sector 38;TESS Sector 39,
935.01,260476837,available,22,TESS Sector 11;TESS Sector 12;TESS Sector 13;TESS Sector 28;TESS Sector 29;TESS Sector 30;TESS Sector 31;TESS Sector 32;TESS Sector 33;TESS Sector 34;TESS Sector 35;TESS Sector 36;TESS Sector 38;TESS Sector 39;TESS Sector 87;TESS Sector 88;TESS Sector 89;TESS Sector 90;TESS Sector 93;TESS Sector 94;TESS Sector 95;TESS Sector 96,
937.01,425163745,not_found,0,,
942.01,146520535,available,2,TESS Sector 32;TESS Sector 98,
944.01,434234955,available,3,TESS Sector 32;TESS Sector 43;TESS Sector 44,
946.01,219205407,available,5,TESS Sector 28;TESS Sector 32;TESS Sector 33;TESS Sector 34;TESS Sector 38,
949.01,189013222,available,2,TESS Sector 32;TESS Sector 98,
950.01,245947683,available,4,TESS Sector 43;TESS Sector 44;TESS Sector 70;TESS Sector 71,
951.01,449050247,available,1,TESS Sector 32,
953.01,449050248,available,2,TESS Sector 32;TESS Sector 98,
954.01,44792534,available,1,TESS Sector 31,
955.01,146467675,available,1,TESS Sector 32,
956.01,146434840,not_found,0,,
957.01,249067445,available,1,TESS Sector 32,
959.01,279999655,available,1,TESS Sector 34,
960.01,5109298,available,1,TESS Sector 33,
961.01,265077027,available,1,TESS Sector 34,
962.01,141776043,available,1,TESS Sector 34,
964.01,179155220,available,1,TESS Sector 33,
965.01,179159972,available,1,TESS Sector 33,
967.01,445586472,available,5,TESS Sector 27;TESS Sector 34;TESS Sector 35;TESS Sector 36;TESS Sector 37,
968.01,453209605,available,4,TESS Sector 34;TESS Sector 44;TESS Sector 45;TESS Sector 46,
969.01,280437559,available,1,TESS Sector 34,
971.01,177722855,available,1,TESS Sector 33,
972.01,125894957,available,1,TESS Sector 34,
973.01,409459226,available,2,TESS Sector 33;TESS Sector 34,
974.01,333821572,available,1,TESS Sector 34,
975.01,133654092,available,2,TESS Sector 34;TESS Sector 35,
976.01,347098457,available,1,TESS Sector 34,
977.01,268371979,available,1,TESS Sector 33,
979.01,5772442,available,1,TESS Sector 34,
980.01,93594834,available,1,TESS Sector 34,
981.01,127476180,available,1,TESS Sector 61,
982.01,177126182,available,1,TESS Sector 33,
983.01,148659924,available,1,TESS Sector 34,
984.01,33091633,available,2,TESS Sector 33;TESS Sector 87,
985.01,425220920,not_found,0,,
986.01,320536216,available,8,TESS Sector 34;TESS Sector 44;TESS Sector 45;TESS Sector 46;TESS Sector 61;TESS Sector 71;TESS Sector 72;TESS Sector 88,
987.01,52548453,available,1,TESS Sector 33,
988.01,113553629,available,1,TESS Sector 34,
992.01,108835813,available,1,TESS Sector 34,
994.01,93963408,available,1,TESS Sector 34,
995.01,317951248,available,1,TESS Sector 33,
996.01,142918609,available,1,TESS Sector 34,
997.01,341729521,available,4,TESS Sector 34;TESS Sector 35;TESS Sector 36;TESS Sector 37,
998.01,54390047,available,1,TESS Sector 34,
999.01,341186896,available,5,TESS Sector 27;TESS Sector 34;TESS Sector 35;TESS Sector 36;TESS Sector 37,
