toi,tid,tfopwg_disp,pl_orbper,pl_tranmid,toi_created,rowupdate,ra,dec,st_tmag,st_teff,st_rad,label
118.01,266980320,CP,6.0344634,2460899.883842,2018-09-05 18:51:57,2026-04-09 10:08:01,349.559266,-56.903986,9.179,5586.0,1.05,1
120.01,394137592,CP,11.535076,2458332.082805,2018-09-05 18:34:19,2021-12-08 10:10:01,4.447163,-66.358928,7.1062,5479.3,2.48771,1
122.01,231702397,CP,5.0780325,2458329.118988,2018-09-05 18:51:57,2024-09-09 10:08:01,332.948236,-58.946085,13.084,3318.0,0.334125,1
123.01,290131778,CP,3.3088922,2460175.035028,2018-09-05 18:51:57,2023-11-15 16:02:02,319.699588,-26.616374,7.87598,6188.0,2.62,1
125.01,52368076,CP,4.6517186,2460206.744249,2018-10-19 23:49:42,2023-11-15 16:02:02,23.593425,-66.676349,10.1985,5154.0,0.85,1
125.02,52368076,CP,9.1549418,2460202.049893,2018-10-19 23:49:42,2024-10-03 10:08:02,23.593425,-66.676349,10.1985,5154.0,0.85,1
125.03,52368076,CP,19.9815709,2460181.146579,2018-10-19 23:49:42,2023-10-18 10:08:02,23.593425,-66.676349,10.1985,5154.0,0.85,1
127.01,234523599,CP,3.7955178,2458325.650603,2018-11-14 15:06:55,2021-12-09 10:10:02,15.551889,-61.756133,14.1266,3424.0,0.445372,1
128.01,391949880,CP,4.9404714,2460175.867159,2018-09-05 18:34:19,2023-11-16 16:02:02,79.520938,-80.964384,7.9849,6086.0,1.13,1
129.01,201248411,CP,0.980972,2460205.646862,2018-10-22 19:57:31,2023-11-15 16:02:02,0.185606,-54.830823,9.9005,4486.0,0.764401,1
130.01,263003176,CP,14.3392144,2458336.557651,2018-09-05 18:34:18,2024-09-18 10:08:02,12.546778,-83.743767,7.4371,6295.7,1.1374201,1
132.01,89020549,CP,2.1096805,2458326.904918,2018-09-05 18:51:57,2025-06-04 16:00:01,338.399662,-43.436872,10.8061,5673.0,0.940806,1
134.01,234994474,CP,1.4015183,2458326.034032,2018-09-05 18:51:57,2024-10-01 10:08:01,350.028592,-60.065729,9.22978,3794.0,0.597007,1
135.01,267263253,CP,4.1269046,2460174.637067,2018-09-05 18:51:57,2023-11-16 16:02:02,7.328916,-76.304032,9.2205,6888.0,1.59,1
136.01,410153553,CP,0.4629304,2458325.724125,2018-09-05 18:51:57,2026-01-12 10:08:02,340.496204,-69.172108,11.9238,3043.0,0.188624,1
137.01,176957796,FA,4.8173797,2459199.440315,2018-09-05 18:34:18,2021-12-08 10:10:01,101.297491,-66.238326,10.702,4651.0,0.69,0
139.01,62483237,CP,11.0708575,2458334.891563,2018-09-05 18:51:57,2024-09-10 10:08:02,336.402414,-34.909713,9.3636,4356.0,0.700727,1
141.01,403224672,CP,1.0082361,2460178.671412,2018-09-05 18:51:57,2023-11-15 16:02:02,338.983717,-59.864829,7.384,5795.29,1.13,1
144.01,261136679,CP,6.267832,2460011.550653,2019-05-07 17:42:40,2023-04-04 16:02:02,84.29928,-80.464604,5.1054,5950.0,1.15,1
146.01,355636844,FP,6.30556,2459080.90325,2018-09-05 18:35:00,2026-06-26 16:00:02,358.302034,-56.013252,10.7124,,,0
147.01,220435095,FP,3.4231002,2460185.36556,2018-09-05 18:35:00,2023-11-27 10:08:02,73.641474,-57.513453,11.8999,5620.9,2.6126101,0
148.01,393940766,CP,4.8670758,2459062.261122,2018-09-05 18:52:24,2026-03-09 10:08:01,338.320803,-38.159828,11.7835,5814.3,1.15,1
150.01,271893367,CP,5.8574075,2459995.645628,2018-09-05 18:34:59,2023-10-05 14:31:09,112.965421,-73.606036,10.9031,5982.9,1.67987,1
151.01,382302241,FP,1.59782,2458326.05013,2018-09-05 18:34:59,2021-12-07 16:02:02,83.349121,-58.745093,11.0264,5037.6,0.79,0
152.01,403287048,FP,7.00776,2458327.92337,2018-09-05 18:52:24,2021-12-07 16:02:02,332.357482,-62.334453,11.3569,6347.0,1.22,0
154.01,389525208,FP,6.74657,2458329.36085,2018-09-05 18:52:24,2021-12-07 16:02:02,313.261454,-38.594923,10.0704,5910.7,2.57,0
156.01,220518305,FP,14.1520377,2460968.40875,2018-09-05 18:34:59,2026-04-18 10:08:02,41.467598,-64.320687,10.294,5823.9,1.28,0
157.01,140691463,CP,2.0845434,2458543.338324,2018-09-05 18:34:59,2024-02-15 10:08:02,73.70144,-76.680606,12.0166,5638.0,1.10646,1
158.01,403136413,FP,2.51266,2458326.37811,2018-09-05 18:52:24,2021-12-07 16:02:02,333.578718,-55.378981,11.2314,5988.0,2.3,0
159.01,394657039,CP,3.7628372,2459382.232709,2018-09-05 18:52:24,2026-05-07 12:03:59,51.782268,-78.549831,10.5132,6979.2,1.58746,1
160.01,253917293,FP,4.608,2458327.37627,2018-09-05 18:52:24,2021-12-07 16:02:02,337.500827,-31.924356,11.2901,5935.0,1.28,0
163.01,179317684,CP,4.2311173,2458544.670293,2018-09-05 18:34:59,2024-02-15 10:08:02,79.768253,-71.895527,10.8719,6671.0,1.6640199,1
164.01,79395355,FP,7.31898,2458328.33733,2018-09-05 18:52:24,2021-12-07 16:02:02,320.054292,-51.309972,11.407,5926.0,1.3,0
165.01,350743714,FP,7.757643,2460746.619767,2018-11-30 22:06:25,2025-09-02 16:00:02,88.886226,-57.290745,9.6686,6038.0,1.91151,0
169.01,183120439,CP,2.2554459,2459062.718052,2018-09-05 18:52:24,2022-10-17 16:02:02,16.778688,-75.198945,11.788,5817.0,1.29661,1
171.02,309257814,FP,1.8135767,2458569.773308,2019-06-11 20:03:40,2025-01-14 16:02:02,124.269428,-63.213403,11.6626,5237.0,1.1072299,0
172.01,29857954,CP,9.47686,2458326.92242,2018-09-05 18:52:24,2022-10-17 16:02:02,316.631879,-26.692865,10.7379,5801.8,1.79,1
174.01,425997655,CP,17.6671735,2460957.73363,2019-05-07 17:42:43,2026-03-03 10:08:02,55.459031,-62.767267,8.7513,4813.0,0.69,1
174.02,425997655,CP,29.7975386,2460932.688545,2019-05-17 18:40:33,2026-04-09 16:00:01,55.459031,-62.767267,8.7513,4813.0,0.69,1
174.03,425997655,CP,12.1623046,2460987.123543,2019-05-17 18:40:33,2026-04-09 16:00:01,55.459031,-62.767267,8.7513,4813.0,0.69,1
174.04,425997655,CP,3.9766833,2460203.017928,2019-05-17 18:40:33,2023-11-15 16:02:02,55.459031,-62.767267,8.7513,4813.0,0.69,1
174.05,425997655,CP,7.9076301,2460987.803312,2021-10-21 22:15:40,2026-04-09 16:00:01,55.459031,-62.767267,8.7513,4813.0,0.69,1
175.01,307210830,CP,3.6906759,2460688.70837,2019-05-07 17:42:41,2025-07-09 16:00:02,124.53286,-68.314466,9.41242,3469.0,0.31,1
175.02,307210830,CP,7.4507305,2460039.154503,2019-05-07 17:42:41,2023-05-11 16:02:02,124.53286,-68.314466,9.41242,3469.0,0.31,1
175.03,307210830,CP,2.2531062,2458354.907237,2019-05-07 17:42:41,2025-07-09 16:00:02,124.53286,-68.314466,9.41242,3469.0,0.31416,1
176.01,272086159,FP,16.155373,2458649.291373,2019-05-07 17:42:40,2023-10-28 10:08:02,115.003473,-72.205678,13.4004,3270.0,0.271,0
177.01,262530407,CP,2.8531016,2460204.963281,2018-12-20 17:24:11,2026-03-05 10:08:02,20.438428,-46.714723,9.49275,3703.0,0.52,1
178.01,251848941,CP,6.5578513,2460196.437088,2018-11-03 00:53:39,2026-03-31 12:08:36,7.302011,-30.454116,10.42,4111.0,0.66,1
178.02,251848941,CP,20.708504,2458354.55219,2018-11-03 00:53:39,2026-03-31 12:08:36,7.302011,-30.454116,10.42,4111.0,0.701202,1
178.03,251848941,CP,9.9616347,2458362.954199,2018-11-03 00:53:39,2024-10-03 10:08:02,7.302011,-30.454116,10.42,4111.0,0.660806,1
179.01,207141131,CP,4.1374403,2460985.999063,2018-12-20 17:24:11,2026-04-17 10:08:01,44.262014,-56.191869,8.1796,5058.0,0.802633,1
181.01,76923707,CP,4.5320502,2458358.118263,2018-11-03 00:36:48,2026-01-12 16:00:02,352.172541,-34.49141,10.4654,4983.0,0.805573,1
183.01,183979262,FP,3.4307565,2459063.727306,2018-11-03 00:53:39,2021-12-06 10:10:01,21.650295,-72.748874,8.3291,6270.0,2.72192,0
184.01,300871545,FP,4.8170684,2460186.764732,2018-10-19 23:49:46,2023-11-03 10:08:02,117.657401,-70.533461,10.0433,6380.0,1.44956,0
186.01,279741379,CP,35.6133889,2460985.704053,2018-12-04 21:48:30,2026-04-09 16:00:01,51.750188,-63.500166,6.9934,4628.53,0.71,1
186.02,279741379,CP,7.7897886,2460980.806574,2020-07-09 13:30:18,2026-04-09 16:00:01,51.750188,-63.500166,6.9934,4628.53,0.71,1
189.01,278866211,FP,2.1940616,2460876.857996,2018-10-19 23:49:46,2025-11-05 10:08:02,100.807811,-55.244376,10.2638,6054.0,1.04092,0
193.01,183985250,CP,0.7920645,2460933.175839,2018-11-03 00:53:39,2026-03-05 10:08:02,358.668877,-37.628224,9.1031,5422.0,0.98,1
197.01,441462736,CP,14.2811731,2460927.616153,2018-10-22 19:57:36,2026-02-26 16:00:02,353.033186,-21.801201,7.3566,5105.0,2.90324,1
198.01,12421862,CP,10.2152025,2458356.371864,2018-11-03 01:49:39,2026-01-12 16:00:02,2.271509,-27.121745,9.92801,3763.0,0.447336,1
199.01,309792357,CP,104.8724252,2460877.951041,2018-12-04 21:48:38,2026-04-09 16:00:01,80.105873,-59.895433,10.0391,5350.0,0.88,1
200.01,410214986,CP,8.1382222,2458332.308323,2018-11-09 21:01:14,2024-09-05 10:08:02,354.915467,-69.196043,7.8541,5414.0,0.951985,1
201.01,350618622,CP,52.9787392,2460972.002829,2019-05-07 17:42:42,2026-04-09 16:00:01,87.401782,-54.910423,8.5822,6461.8,1.33031,1
203.01,259962054,FA,51.94509,2459106.86029,2018-10-22 18:35:20,2024-09-05 10:08:02,43.018076,-67.687016,12.2423,3203.0,0.23,0
206.01,55650590,CP,0.7363132,2458325.542536,2019-05-17 18:40:33,2024-01-17 16:02:04,73.73822,-62.521874,12.4312,3358.0,0.351676,1
207.01,260271203,FP,5.6492853,2458330.097007,2019-01-31 17:54:50,2024-09-05 10:08:02,94.218082,-58.229798,13.4734,5963.0,1.21025,0
216.01,55652896,CP,34.5059318,2458331.488563,2019-05-07 17:42:36,2024-09-10 10:08:02,73.980013,-63.26033,11.5748,5025.77,0.801736,1
216.02,55652896,CP,17.3890454,2459340.904719,2019-05-07 17:42:36,2023-11-14 12:02:50,73.980013,-63.26033,11.5748,5025.77,0.801736,1
217.01,260043723,FP,3.1385856,2460982.315462,2018-10-22 18:35:20,2026-04-18 10:08:02,91.608698,-58.953703,8.735,6278.0,1.55,0
219.01,260609205,FP,4.4617755,2460184.852236,2018-10-22 18:35:22,2023-12-20 10:08:02,97.453898,-57.254816,12.7222,6354.0,2.23892,0
220.01,150098860,CP,10.6953065,2460966.946848,2019-05-07 17:42:37,2026-02-17 16:00:01,91.799699,-61.99721,9.6878,5272.71,0.88,1
221.01,316937670,FP,0.62425,2458325.342966,2018-11-14 15:06:55,2022-10-03 16:02:02,356.492464,-56.344047,12.1535,3765.0,0.525,0
222.01,144440290,FP,,2458376.544,2018-11-16 21:15:19,2022-10-03 16:02:02,359.162484,-44.719403,8.7635,5709.0,1.0929,0
223.01,326453034,FA,14.445918,2458355.95751,2018-11-29 21:52:42,2021-10-29 12:59:15,339.677571,-25.631849,10.2733,5063.0,0.87237,0
226.01,47484268,FP,,2458358.500535,2018-11-16 21:15:42,2022-10-03 16:02:02,342.967188,-24.78778,12.4253,3396.0,0.334,0
227.01,2760710,FA,,2458364.102069,2018-11-16 21:15:45,2025-01-14 16:02:02,356.527357,-16.691464,13.8409,2808.0,0.128,0
230.01,160074939,FA,13.340145,2458366.329788,2018-11-29 21:52:42,2025-04-10 12:03:03,346.319169,-36.945639,8.7435,6467.0,1.57943,0
236.01,9727392,FP,4.534451,2458355.325711,2018-11-29 21:52:42,2022-10-20 16:02:02,358.444734,-10.884958,11.2932,6421.5,1.47459,0
237.01,305048087,CP,5.4361667,2458355.241753,2018-11-29 21:52:42,2026-01-12 16:00:02,353.243538,-29.416487,13.4102,3139.0,0.211299,1
238.01,9006668,CP,1.2730965,2460205.747992,2018-11-29 21:52:42,2024-04-26 10:08:02,349.231081,-18.606646,9.926601,5024.0,0.77,1
242.01,120585579,FP,6.340315,2458357.778211,2018-11-29 21:52:42,2022-10-20 16:02:02,4.451423,-38.110855,12.5766,6083.0,1.2666,0
244.01,118327550,CP,7.397216,2458357.364688,2018-11-29 21:52:42,2025-06-04 16:00:01,10.569754,-36.717974,10.3475,3342.0,0.407103,1
251.01,224225541,CP,4.9377227,2458357.305138,2018-11-29 21:52:42,2024-09-09 10:08:01,353.062066,-37.255863,9.3258,5862.0,0.955756,1
254.01,49687222,FA,20.186539,2458360.073308,2018-11-29 21:52:42,2022-10-03 16:02:02,351.705383,-11.725573,9.8343,6101.0,1.01859,0
257.01,200723869,CP,18.3877081,2459121.270086,2019-01-16 19:24:30,2024-09-09 10:08:01,47.517261,-50.832263,7.0286,6382.7,1.76557,1
258.01,350445771,FP,3.1901569,2458326.804271,2018-12-04 21:48:44,2023-11-01 10:08:02,85.467425,-56.740455,11.0932,6474.57,1.98958,0
260.01,37749396,CP,13.4758478,2458392.294018,2018-11-30 22:06:23,2026-01-12 16:00:02,4.773018,-9.96615,8.4991,4111.0,0.618173,1
261.01,63898957,CP,3.3639254,2458383.915624,2018-11-30 22:06:23,2021-10-29 12:59:15,15.218141,-24.423993,9.03971,5890.3,1.28018,1
261.02,63898957,CP,13.0393586,2458389.727185,2018-11-30 22:06:23,2022-01-22 12:02:01,15.218141,-24.423993,9.03971,5890.3,1.31383,1
262.01,70513361,CP,11.1452784,2459136.576258,2018-11-30 22:06:23,2021-12-01 16:02:01,32.534687,-31.070627,8.1345,5302.58,0.848675,1
263.01,120916706,CP,0.5568212,2460934.124059,2018-11-30 22:06:24,2026-04-09 16:00:01,37.108277,-25.097329,15.6198,3116.0,0.439738,1
266.01,164767175,CP,10.7511248,2460973.354682,2018-11-30 22:06:24,2026-04-17 10:08:01,26.209253,-18.401384,9.45661,5784.0,0.918917,1
266.02,164767175,CP,19.6050966,2460986.17995,2018-11-30 22:06:24,2026-04-17 10:08:01,26.209253,-18.401384,9.45661,5784.0,0.918917,1
269.01,220479565,CP,3.6977167,2458381.845549,2019-05-17 18:40:33,2024-02-13 10:08:02,75.846283,-54.177721,12.2958,3607.0,0.397924,1
270.01,259377017,CP,5.6604773,2460982.004741,2019-05-17 18:40:33,2026-04-17 10:08:01,68.41608,-51.957394,10.4981,3551.0,0.374358,1
270.02,259377017,CP,11.3796991,2460984.247091,2019-05-17 18:40:33,2026-04-17 10:08:01,68.41608,-51.957394,10.4981,3551.0,0.374358,1
270.03,259377017,CP,3.3601671,2460987.858405,2019-05-17 18:40:33,2026-03-04 16:00:01,68.41608,-51.957394,10.4981,3551.0,0.374358,1
273.01,279740441,FP,0.7418594,2458386.095087,2018-11-30 22:06:25,2021-12-06 10:10:01,51.504472,-64.548108,11.481,4304.6,0.66174,0
274.01,281979481,FP,0.5417947,2459362.157241,2018-11-30 22:06:25,2026-02-25 16:00:02,130.505379,-75.801869,10.4929,5181.0,0.807298,0
276.01,382188882,FP,4.8000953,2459328.579795,2018-11-30 22:06:26,2023-11-01 10:08:02,81.353084,-55.019925,10.6559,6366.0,1.58083,0
277.01,439456714,CP,3.9934418,2458385.036312,2018-11-30 22:06:26,2023-03-03 12:03:04,19.076698,-20.953277,11.7315,3748.0,0.523113,1
282.01,29781292,CP,56.0045056,2460129.286313,2019-05-07 17:42:35,2023-11-16 16:02:02,65.238307,-68.102688,8.9387,6321.0,1.41189,1
282.02,29781292,FA,31.32312,2459044.82593,2018-12-20 17:40:26,2021-10-29 12:59:15,65.238307,-68.102688,8.9387,6321.0,1.41,0
282.03,29781292,CP,84.2607645,2458355.648726,2019-06-06 20:53:59,2024-02-13 10:08:02,65.238307,-68.102688,8.9387,6321.0,1.41189,1
282.04,29781292,CP,22.8909897,2460954.388955,2021-10-21 22:15:40,2026-04-17 10:08:01,65.238307,-68.102688,8.9387,6321.0,1.41,1
283.01,382626661,CP,17.6174716,2460940.862484,2019-05-07 17:42:43,2026-04-17 10:08:01,118.569306,-65.441482,9.6768,5250.0,0.81,1
284.01,277103955,FP,1.3090665,2460206.239013,2019-01-16 19:24:28,2024-09-18 10:08:02,84.254356,-66.790853,9.2927,4779.8,0.78,0
286.01,150030205,CP,4.5117295,2460980.715227,2019-05-07 17:42:37,2026-04-09 16:00:01,90.984276,-60.666335,9.1059,5245.0,0.79,1
286.02,150030205,CP,39.361947,2460155.028402,2020-03-11 15:13:21,2025-04-21 12:03:49,90.984276,-60.666335,9.1059,5245.0,0.79,1
290.01,201233610,FP,21.05271,2459097.43463,2018-10-03 02:14:37,2025-06-03 16:00:01,359.516588,-49.300838,12.9528,5736.0,1.73,0
291.01,49710555,FP,12.08837,2459109.092,2018-12-20 19:43:30,2022-10-20 16:02:02,352.16451,-10.85962,12.3035,5920.0,1.34,0
294.01,188570092,CP,7.327945,2459457.973621,2018-12-20 19:43:30,2022-09-21 10:10:02,339.02584,-17.000305,11.3875,4521.0,0.79,1
297.01,115242351,FP,5.6748327,2459093.605469,2018-12-20 19:43:30,2026-06-26 16:00:02,6.17695,-36.114458,13.1099,4871.0,1.09429,0
300.01,166697854,FP,2.75753,2458354.42965,2018-12-20 19:43:30,2021-12-06 16:02:02,35.737437,-53.070195,10.8387,5776.5,1.94,0
304.01,262530873,FP,2.24172,2458356.28606,2018-12-20 19:43:30,2021-10-29 12:59:15,20.494025,-44.416747,12.5145,6292.0,1.88,0
313.01,9102327,FP,3.2615,2458354.54332,2018-12-20 19:43:30,2021-12-06 10:10:01,350.779775,-19.41965,11.3018,5963.0,1.13,0
315.01,66356824,FP,3.55562,2459109.39216,2018-12-20 19:43:30,2022-10-20 16:02:02,12.076269,-32.119461,12.4245,5671.0,1.34,0
320.01,188593930,FP,1.46503,2458354.27607,2018-12-20 19:43:30,2021-12-06 16:02:02,345.522623,-16.360699,12.3574,5912.5,0.88,0
321.01,175476629,FP,1.14057,2458354.27156,2018-12-20 19:43:30,2021-12-06 16:02:02,350.977923,-38.225789,12.8509,5349.5,0.84,0
329.01,169765334,CP,5.7042858,2459090.797418,2018-12-20 19:43:30,2024-06-06 10:08:02,351.321095,-15.634631,10.6929,5560.5,1.61148,1
331.01,262531275,FP,2.4843369,2459141.054998,2018-12-20 19:43:30,2025-03-11 16:00:01,20.419256,-42.481783,13.0261,5608.0,1.76,0
332.01,139285832,CP,0.77685,2459062.446886,2018-12-20 19:43:30,2023-12-03 12:03:15,348.058952,-44.876485,11.5273,5190.0,0.96,1
333.01,224245334,CP,3.7852328,2459089.918368,2018-12-20 19:43:30,2025-11-19 12:03:20,353.357499,-41.171521,11.5166,6150.0,1.1289999,1
335.01,41865539,FP,1.26092,2458354.86627,2018-12-20 19:43:30,2021-12-06 16:02:02,21.32225,-39.947872,12.3571,5875.0,1.11,0
336.01,55452495,FP,17.7082945,2460108.108861,2018-10-01 16:12:38,2024-09-19 10:08:01,70.670279,-64.885209,9.9524,7859.0,2.8,0
337.01,155986102,FP,6.87168,2458360.61731,2018-12-20 19:43:30,2021-12-06 16:02:02,7.330079,-50.140052,12.0235,5446.0,1.33,0
339.01,69838258,FP,6.73069,2458354.57336,2018-12-20 19:43:30,2021-12-06 16:02:02,337.921615,-21.945702,12.0885,6048.2,1.66,0
342.01,415969574,FP,10.45776,2458362.57199,2018-12-20 19:43:30,2021-12-06 16:02:02,342.170406,-18.520467,12.8691,5800.0,,0
349.01,382474101,FP,2.6520851,2460184.497818,2018-12-20 19:43:30,2026-02-25 16:00:02,12.274291,-52.046528,10.179,6054.0,,0
357.01,220016044,FP,0.9399664,2459088.390424,2018-12-20 19:43:30,2024-09-19 10:08:01,32.321881,-48.48474,10.3987,6300.3,2.5465,0
360.01,13023738,FP,8.0635,2459104.87232,2018-12-20 19:43:30,2026-02-25 16:00:02,347.08487,-29.590446,12.2524,5657.0,1.71,0
367.01,9033144,FP,4.7150255,2460202.579344,2018-12-20 19:43:30,2023-10-16 10:08:02,349.606266,-19.823843,9.74346,5756.9,1.2,0
368.01,77031413,FP,1.38665,2459110.92156,2018-12-20 19:43:30,2022-10-20 16:02:02,354.170634,-34.611893,11.4996,5444.0,0.93,0
373.01,9032368,FP,1.632,2458355.67942,2018-12-20 19:43:30,2026-03-05 10:08:02,355.901919,-11.26957,13.2889,5997.0,1.11,0
377.01,139285736,FP,1.55028,2458326.05107,2018-12-20 19:43:30,2021-12-06 16:02:02,348.039774,-45.017093,11.9969,5039.5,0.87,0
378.01,20892672,FP,3.10926,2458356.50088,2018-12-20 19:43:30,2021-12-06 16:02:02,1.399014,-19.489511,13.105,5894.0,1.18,0
379.01,220396259,FP,0.91677,2458355.6259,2018-10-01 16:12:38,2025-09-24 16:00:02,68.891541,-56.138849,9.9124,5825.0,1.71,0
381.01,207084429,FP,4.89577,2458356.07068,2018-12-20 19:43:30,2021-12-06 16:02:02,22.757528,-51.215733,7.1995,5883.0,1.77,0
382.01,229091748,FP,0.4568,2458354.59152,2018-12-20 19:43:30,2021-12-06 16:02:02,3.797833,-46.272428,12.7226,5777.0,1.03,0
383.01,167418898,FP,10.9803025,2459367.920446,2019-01-16 19:24:30,2025-05-21 16:00:01,99.609604,-67.656396,10.2401,5951.0,1.27,0
384.01,155995204,FP,9.30734,2458357.58381,2018-12-20 19:43:30,2021-12-07 16:02:02,7.658562,-52.049331,13.5281,5819.0,1.35,0
385.01,300810086,FP,0.6680065,2460192.472902,2018-10-01 16:12:38,2024-09-19 10:08:01,116.813442,-69.030386,9.0567,5159.0,3.77,0
387.01,92359850,FP,4.155,2459167.71222,2019-01-16 19:24:30,2021-10-29 12:59:15,52.225639,-19.979808,9.65521,6270.0,1.57,0
389.01,271900960,FP,13.45913,2458330.37074,2019-01-24 19:35:19,2021-12-07 16:02:02,112.941928,-75.527552,8.2606,6457.7,1.38,0
390.01,250386181,FP,1.470258,2459138.72305,2019-02-08 20:04:48,2024-09-19 10:08:01,30.114481,-4.985686,9.89377,6321.46,1.08,0
393.01,29960109,FP,2.49221,2458411.66942,2019-01-16 19:24:30,2026-03-05 10:08:02,42.250066,-14.537646,11.2003,3450.0,0.45,0
396.01,178155732,CP,5.9739124,2459120.537697,2019-02-08 20:04:48,2021-12-02 16:02:01,42.984978,-30.814061,5.9053,6308.31,1.2845,1
396.02,178155732,CP,3.58529,2459169.27128,2019-02-08 20:04:48,2021-10-29 12:59:15,42.984978,-30.814061,5.9053,6308.31,1.28,1
396.03,178155732,CP,11.2304605,2459117.261055,2020-06-24 15:36:07,2021-12-02 16:02:01,42.984978,-30.814061,5.9053,6308.31,1.2845,1
397.01,219379012,FP,1.5464949,2459168.724537,2019-01-16 19:24:30,2024-09-09 10:08:01,76.833621,-48.115889,10.231,5973.5,1.14,0
399.01,219388773,FP,1.5716819,2458412.383444,2019-01-31 17:54:49,2024-09-19 10:08:01,77.047577,-50.858906,10.6793,4752.8,0.982066,0
401.01,259701242,FP,2.4854887,2460984.002776,2019-01-24 19:35:19,2026-04-18 10:08:02,74.466453,-53.817948,8.235,5928.0,0.96,0
402.01,120896927,CP,4.7559995,2460984.453442,2019-01-31 17:54:46,2026-04-17 16:00:02,36.867885,-27.636117,8.3157,5175.2,0.841842,1
402.02,120896927,CP,17.1796673,2460974.324328,2019-01-31 17:54:46,2026-03-03 10:08:02,36.867885,-27.636117,8.3157,5175.2,0.841842,1
405.01,176984236,FP,1.7560902,2459199.325641,2019-01-16 19:24:29,2021-12-07 16:02:02,101.909492,-66.328317,10.5683,6249.0,1.29,0
406.01,153065527,CP,13.1757294,2458388.56746,2019-05-17 18:40:33,2025-11-08 12:04:05,49.262643,-42.244149,11.2828,3349.0,0.388609,1
406.02,153065527,CP,6.614911,2458385.38837,2021-07-19 00:13:44,2025-11-08 12:04:05,49.262643,-42.244149,11.2828,3349.0,0.388609,1
408.01,176778112,FP,1.33679,2459169.52007,2019-02-08 20:04:48,2021-10-29 12:59:15,47.82774,-35.628068,9.6114,5600.0,0.98,0
409.01,167754523,FP,6.7992776,2459193.22371,2019-01-16 19:24:29,2026-03-05 10:08:02,104.181674,-60.687954,9.1536,4913.8,0.73,0
410.01,206466531,FP,1.42744,2459139.77204,2019-01-24 19:35:19,2021-12-07 16:02:02,56.815012,-52.985207,10.0081,6000.2,1.33,0
411.01,100990000,CP,9.5730787,2460970.919817,2019-05-07 17:42:36,2026-02-18 10:08:02,54.819538,-42.763028,7.757,6101.0,1.11672,1
411.02,100990000,CP,4.0403007,2460987.681578,2019-05-17 18:40:33,2026-02-18 10:08:02,54.819538,-42.763028,7.757,6101.0,1.11672,1
412.01,7624182,FP,1.1096992,2459199.670069,2019-01-31 17:54:44,2024-09-19 10:08:01,64.311488,-38.844171,8.7929,8666.0,3.13,0
414.01,325680697,FP,1.82488,2459168.84301,2019-02-08 20:04:48,2021-12-08 10:10:01,36.853585,-12.03893,9.15779,5773.74,1.23,0
416.01,49899799,FP,7.0114,2459163.41477,2019-01-16 19:24:28,2021-10-29 12:59:15,48.854393,-2.175314,8.28222,6084.8,1.82,0
417.01,339733013,FP,5.62162,2458328.37843,2019-01-16 19:24:28,2021-12-07 16:02:02,110.851802,-58.696738,10.0793,5834.2,1.27,0
419.01,279251651,FP,0.4038426,2458654.122394,2019-01-16 19:24:28,2021-12-07 16:02:02,104.153958,-59.181309,10.5886,4119.1,0.555,0
420.01,408159788,FP,2.300698,2459199.050071,2019-02-08 16:19:52,2021-12-07 16:02:02,78.447702,7.055842,10.6152,5747.3,0.85,0
421.01,94986319,CP,16.067522,2459195.308114,2019-05-17 18:40:33,2025-11-16 12:03:17,81.853282,-14.27674,9.2711,5718.0,0.860124,1
421.02,94986319,CP,5.1976858,2458441.280669,2021-10-21 22:08:38,2022-01-12 12:02:22,81.853282,-14.27674,9.2711,5718.0,0.860124,1
424.01,117979694,FP,1.9784257,2459199.447226,2019-02-08 16:19:52,2025-01-14 16:02:02,71.921274,-17.745004,10.5094,5059.0,0.75,0
425.01,169532369,FP,3.60364,2458440.31143,2019-02-08 16:19:52,2021-12-07 16:02:02,78.098877,-13.605635,11.5781,6896.7,1.62,0
430.01,459942762,FP,0.58644,2458438.83761,2019-02-08 16:19:52,2021-12-07 16:02:02,60.278439,4.540868,8.2482,5997.7,1.0,0
431.01,31374837,CP,12.4610086,2458440.630295,2019-02-08 16:19:52,2024-04-25 10:08:01,83.26925,-26.72387,8.1705,4891.0,0.726632,1
431.02,31374837,CP,0.4900589,2458438.375965,2019-06-06 20:53:59,2024-04-25 10:08:01,83.26925,-26.72387,8.1705,4891.0,0.726632,1
432.01,38686737,FP,2.24704,2458439.97961,2019-02-08 16:19:52,2024-09-19 10:08:01,57.865664,-10.614078,12.6038,6846.0,1.2,0
433.01,188989177,FP,1.17409,2458438.29916,2019-02-08 16:19:52,2022-07-11 16:02:02,78.778396,-15.100464,9.1414,8242.0,3.67,0
436.01,44745077,FP,1.8756,2458411.70271,2019-01-31 16:53:30,2021-12-07 16:02:02,61.639511,-25.094117,13.0734,3549.7,,0
440.01,143350972,FP,1.0817,2458439.13519,2019-01-31 16:53:30,2021-12-07 16:02:02,82.245986,-17.429564,7.6818,5759.2,1.02,0
441.01,316916655,FP,2.87436,2458440.19448,2019-02-08 16:19:52,2021-12-07 16:02:02,74.472782,-13.703709,9.19901,6805.0,1.44,0
442.01,70899085,CP,4.0520368,2459196.115341,2019-02-08 16:19:52,2024-09-10 10:08:02,64.190221,-12.084864,10.7329,3779.0,0.607751,1
444.01,179034327,CP,17.9635083,2458417.605025,2019-05-17 18:40:33,2023-12-03 12:03:15,64.183998,-26.766407,9.0567,5229.0,0.794471,1
448.01,1528696,CP,0.8820624,2458438.402842,2019-02-08 16:19:52,2024-09-10 10:08:02,75.795382,-30.399461,13.1686,4669.0,0.782888,1
451.01,257605131,CP,16.364873,2458416.634939,2019-01-31 16:53:30,2021-10-29 12:59:15,62.966385,-37.93973,10.2666,5481.0,0.856226,1
451.02,257605131,CP,1.8586624,2458410.999327,2021-07-28 20:17:26,2021-10-29 12:59:15,62.966385,-37.93973,10.2666,5481.0,0.856226,1
451.03,257605131,CP,9.1910792,2458411.806253,2021-07-28 20:17:26,2021-10-29 12:59:15,62.966385,-37.93973,10.2666,5481.0,0.856226,1
455.01,98796344,CP,5.358776,2459168.295274,2019-02-08 19:54:07,2021-12-02 16:02:01,45.462478,-16.594496,8.84294,3562.0,0.275953,1
456.01,77228304,FP,0.336826,2458410.95064,2019-06-06 20:53:59,2025-01-14 16:02:02,69.116563,-41.246194,15.7298,5780.0,1.0,0
460.01,9804616,FP,0.5168347,2458411.065871,2019-02-08 19:54:07,2021-12-08 10:10:01,47.64349,-9.276812,14.1118,3274.0,0.273,0
461.01,4646810,CP,10.9245478,2458416.351956,2019-02-08 19:54:07,2025-08-15 16:00:02,38.271253,-10.352178,8.8723,4884.0,0.74413,1
463.01,176831592,FP,2.53405,2459169.21814,2019-02-08 19:54:07,2021-10-29 12:59:15,48.957233,-32.802396,9.1013,6497.8,1.65,0
464.01,398733009,FP,0.8185672,2459116.382318,2019-02-08 19:54:07,2025-08-15 16:00:02,32.169791,-9.046045,15.61,31000.0,0.18,0
467.01,20178111,FP,1.734422,2459198.7024,2019-02-27 22:16:31,2021-12-08 10:10:01,89.897418,-40.395746,10.2767,5890.0,0.94,0
469.01,33692729,CP,13.6308024,2458474.569581,2019-02-27 22:16:31,2024-09-10 10:08:02,93.057845,-14.649317,8.7615,6114.0,1.00528,1
470.01,37770169,CP,12.1914558,2458474.494915,2019-02-27 22:16:31,2024-09-09 10:08:01,94.009904,-25.031411,10.6995,5418.0,0.840971,1
478.01,172464366,FP,2.921685,2458470.046418,2019-02-22 14:51:23,2024-09-19 10:08:01,100.158863,-27.571261,11.0913,6332.0,1.37266,0
480.01,317548889,CP,6.8659582,2458469.562003,2019-02-27 22:16:31,2024-09-10 10:08:02,88.378462,-16.265397,6.7799,6212.63,1.5000401,1
481.01,339672028,CP,10.3311621,2460970.45735,2019-02-22 14:51:24,2026-04-09 16:00:01,110.512686,-57.384998,9.3935,5760.0,1.73,1
482.01,365639282,FP,10.8717,2458472.41279,2019-02-27 22:16:31,2021-12-08 10:10:01,81.399006,8.440499,13.084,3692.0,0.488,0
484.01,427348923,FP,4.728681,2459196.648037,2019-02-27 22:16:31,2021-10-29 12:59:15,83.531883,-0.207762,11.6888,4425.0,0.9,0
485.01,427352241,FP,1.2667147,2459198.437811,2019-02-22 14:51:24,2021-10-29 12:59:15,83.622986,-4.415044,9.9955,6084.0,1.87,0
486.01,260708537,CP,1.7446984,2460985.903551,2019-05-07 17:42:40,2026-04-17 10:08:01,98.454881,-58.525032,9.36854,3445.0,0.426676,1
488.01,452866790,CP,1.1979996,2458492.205829,2019-03-14 21:38:48,2024-02-15 10:08:02,120.593607,3.337163,11.1972,3332.0,0.354529,1
497.01,108645766,FP,2.974175,2458492.914449,2019-03-14 21:38:48,2021-12-08 10:10:01,112.446414,-28.483916,13.2312,3333.0,0.302,0
500.01,134200185,CP,0.5481573,2458468.391033,2019-03-08 14:44:08,2024-02-14 10:08:02,106.559098,-47.587816,9.4022,4590.0,0.751825,1
503.01,186812530,CP,3.6773543,2460257.183851,2019-03-14 21:38:48,2024-01-04 16:02:02,124.320365,12.601322,9.19813,7887.0,1.68,1
504.01,219164808,FP,1.6773063,2459358.890413,2019-03-08 14:44:08,2021-10-29 12:59:15,90.77407,-52.084311,9.6646,6915.0,2.56,0
506.01,274138511,FP,2.774207,2458492.500001,2019-03-14 21:38:48,2021-12-08 10:10:01,116.68702,6.445569,10.4215,5280.0,0.945062,0
509.01,453211454,CP,9.0588209,2460269.974997,2019-03-15 15:42:21,2024-01-04 10:08:02,117.924642,9.385241,7.9259,5560.26,0.96,1
509.02,453211454,CP,21.4003129,2460259.048369,2021-03-11 23:41:25,2024-01-04 10:08:02,117.924642,9.385241,7.9259,5560.26,0.962324,1
512.01,119292328,CP,7.1887332,2458471.218204,2019-03-18 17:05:03,2025-02-21 12:03:22,96.646702,-38.60721,8.9767,5581.0,0.882675,1
513.01,431999925,FP,1.445433,2458492.93007,2019-03-22 22:54:00,2025-08-15 16:00:02,120.789948,-20.010091,14.7095,3266.0,0.269,0
515.01,366622912,CP,3.1148931,2458493.283904,2019-03-22 22:54:00,2024-11-15 16:02:02,128.067093,11.63071,13.7988,4973.0,0.74956,1
517.01,308307606,FP,9.8850244,2458412.729453,2019-03-18 17:05:11,2023-11-01 10:08:02,120.199911,-60.865633,13.2361,5522.0,0.819196,0
519.01,218795833,CP,1.2652338,2458491.877056,2019-03-22 22:54:00,2023-12-18 10:08:01,124.606758,-19.662792,14.4347,3225.0,0.355309,1
521.01,27649847,CP,1.5428486,2458492.716411,2019-03-22 22:54:00,2025-09-18 12:03:32,123.344257,12.222108,12.4029,3439.0,0.420028,1
522.01,19451711,FA,0.3969687,2458491.722787,2019-03-22 22:54:00,2025-12-11 10:08:01,124.602684,-7.571238,7.3645,7381.0,1.86219,0
523.01,93125144,FA,9.91102,2458472.959693,2019-03-28 00:07:14,2021-10-29 12:59:15,84.846558,-19.55834,9.6833,4692.0,0.941705,0
524.01,365690646,FA,12.983175,2458471.143375,2019-03-28 00:07:14,2025-08-15 16:00:02,81.54323,6.912307,10.094,6962.64,1.67983,0
526.01,200593988,FP,7.6787462,2460263.52322,2019-03-28 00:07:14,2026-03-05 16:00:01,85.335762,11.194448,12.3069,3617.0,0.45,0
528.01,403693875,FP,3.5248693,2458469.695633,2019-03-28 00:07:14,2026-03-05 16:00:01,105.006164,11.043248,13.3675,3965.0,0.613,0
529.01,438490744,FP,1.665878,2458468.4958,2019-03-28 00:07:14,2021-10-29 12:59:15,100.255965,16.588795,14.1396,3021.0,0.172,0
530.01,387690507,CP,6.3875739,2458470.202595,2019-03-28 00:07:14,2024-11-15 16:02:02,103.412833,12.881578,13.5287,3688.0,0.544769,1
531.01,302895996,FP,0.567995,2458468.847149,2019-03-28 00:07:14,2021-10-29 12:59:15,83.11641,15.555883,13.8097,3462.0,0.368,0
532.01,144700903,CP,2.32664,2458470.580837,2019-03-28 00:07:14,2024-11-14 17:22:21,85.080054,11.562637,12.6785,3946.0,0.623609,1
538.01,237751146,FP,1.669769,2459203.397714,2019-03-28 00:07:14,2021-10-29 12:59:15,104.33198,4.028698,14.1477,3411.0,0.433512,0
540.01,200322593,CP,1.2391534,2459175.141647,2019-05-07 17:42:38,2024-09-10 10:08:02,76.309695,-47.937539,11.5045,3042.0,0.197117,1
543.01,53593457,FP,0.530893,2458468.332102,2019-03-28 00:07:14,2025-08-15 16:00:02,100.306094,-3.925831,15.0404,3085.0,0.193,0
544.01,50618703,CP,1.5483542,2458469.756983,2019-03-28 00:07:14,2021-10-29 12:59:15,82.290072,-0.342898,9.6504,4665.0,0.663414,1
549.01,32830028,FP,0.516278,2458468.344415,2019-03-28 00:07:14,2021-10-29 12:59:15,86.752182,-24.842642,14.2321,3009.0,0.169,0
550.01,311183180,FP,13.24981,2459168.32491,2019-04-03 17:54:53,2021-12-08 10:10:01,55.031969,5.874619,9.1073,5076.0,0.69,0
550.02,311183180,FP,10.043245,2458447.398548,2019-04-03 17:54:53,2021-10-29 12:59:15,55.031969,5.874619,9.1073,5076.0,0.670549,0
552.01,44737596,CP,2.788654,2458413.060435,2019-05-17 18:40:33,2024-09-10 10:08:02,60.949392,-25.408921,13.8231,3654.0,0.587106,1
553.01,161477033,FA,14.058151,2458443.221518,2019-02-26 16:21:07,2024-05-03 10:08:02,73.261286,-45.540405,10.0614,5465.0,0.839854,0
554.01,407966340,CP,7.0491608,2458442.61543,2019-04-03 17:54:53,2025-04-21 12:03:49,60.748336,9.207768,6.4386,6337.87,1.42717,1
554.02,407966340,CP,3.0440441,2458438.475888,2022-04-20 20:40:06,2025-04-21 12:03:49,60.748336,9.207768,6.4386,6337.87,1.42717,1
555.01,170849515,CP,1.9416366,2458438.147508,2019-04-03 17:54:53,2024-09-10 10:08:02,70.339767,-32.320417,14.857,3837.0,0.633668,1
556.01,59003115,FP,2.294185,2458439.0759,2019-04-03 17:54:53,2021-12-08 10:10:01,57.225546,13.483139,11.3075,5062.0,0.707445,0
558.01,207110080,CP,14.5728985,2459133.407241,2019-04-04 21:13:03,2024-09-07 10:08:02,42.291509,-58.024683,10.9923,6025.8,1.76095,1
559.01,209459275,CP,6.9839072,2459166.185995,2019-04-04 21:13:03,2024-04-01 10:08:02,46.818616,-31.162995,10.5704,5972.0,1.21,1
560.01,101011575,CP,6.3980642,2459982.845399,2019-04-05 20:18:16,2023-03-10 16:02:01,129.688303,-13.256527,8.5925,4695.0,0.63,1
560.02,101011575,CP,18.8792871,2459987.337647,2021-07-19 00:13:44,2023-04-06 12:03:40,129.688303,-13.256527,8.5925,4695.0,0.63,1
561.01,377064495,CP,10.778833,2460273.231624,2019-04-13 04:39:13,2024-01-03 16:02:01,148.185152,6.216103,9.5273,5391.0,0.84,1
561.02,377064495,CP,0.4465713,2460285.469459,2019-04-13 04:39:13,2024-01-03 16:02:01,148.185152,6.216103,9.5273,5391.0,0.84,1
561.03,377064495,CP,25.7122157,2458521.899814,2019-04-13 04:39:13,2024-05-02 10:08:02,148.185152,6.216103,9.5273,5391.0,0.840576,1
561.04,377064495,CP,,2458538.197642,2024-11-14 22:34:13,2024-11-23 12:03:04,148.185152,6.216103,9.5273,5391.0,0.840576,1
562.01,413248763,CP,3.9306027,2460011.629018,2019-04-13 04:39:13,2023-04-12 16:02:02,144.007464,-21.665063,8.74094,3505.0,0.36,1
564.01,1003831,CP,1.6511456,2458518.203428,2019-04-05 20:18:16,2024-02-15 10:08:02,130.295154,-16.036327,10.6701,5752.0,1.12196,1
566.01,1133072,FP,0.846542,2458517.531592,2019-04-13 04:58:29,2021-12-08 10:10:01,131.086145,-28.07677,12.625,3380.0,0.325,0
568.01,37575651,FP,9.5971977,2458521.909289,2019-04-05 20:18:16,2025-12-03 12:04:45,135.340486,-28.324589,8.2866,5780.0,,0
569.01,123482865,CP,6.5562078,2459270.500253,2019-04-05 20:18:16,2024-04-26 10:08:02,115.102779,-42.154663,9.4727,6845.0,1.47,1
570.01,126733133,FP,1.4687098,2460774.858936,2019-04-05 20:18:17,2025-12-11 10:08:01,136.955524,-51.867213,10.027,5973.0,1.31,0
575.01,386435344,FP,19.3721051,2459977.658863,2019-04-13 04:58:29,2023-10-30 16:02:01,127.99531,-16.885121,8.77728,6529.0,1.88186,0
576.01,408310006,CP,5.4435354,2460010.494875,2019-04-05 20:18:18,2023-04-12 16:02:02,144.875105,-20.982419,8.86849,6313.0,1.25,1
581.01,180987952,FP,1.38917,2460746.8335,2019-04-13 05:20:07,2025-11-03 10:08:02,130.261455,-41.442796,9.5287,10585.0,1.84,0
582.01,287474726,FP,3.7442007,2459230.051423,2019-04-13 05:20:07,2021-10-29 12:59:15,127.128062,-28.359254,9.3994,9988.0,4.23822,0
584.01,74482749,FP,1.2622658,2460744.737404,2019-04-13 05:20:07,2025-09-25 16:00:01,137.518351,-43.924957,9.1103,9255.0,2.9098899,0
586.01,131979339,FP,22.6384642,2459986.476263,2019-04-13 05:20:07,2023-05-23 16:02:02,118.913661,-37.857713,8.2268,9511.0,2.42,0
587.01,294090620,FP,8.044239,2459968.122746,2019-04-13 05:20:07,2024-12-14 12:02:56,130.395919,-22.194298,7.81307,9333.0,2.0411401,0
589.01,412961700,FP,2.5183846,2459230.346492,2019-04-13 05:20:07,2023-11-13 10:08:02,127.222618,-20.950461,6.725,10817.0,5.7888398,0
590.01,270841724,FP,18.90372,2458522.02359,2019-04-13 05:20:07,2021-10-29 12:59:15,132.068717,-47.114757,10.441,,,0
591.01,146261607,FP,8.4915117,2459262.045754,2019-04-01 16:52:03,2021-10-29 12:59:15,123.581899,-34.819322,10.1749,9365.0,4.18,0
592.01,196286587,FP,10.4137962,2459974.937344,2019-04-13 05:20:07,2023-03-23 16:02:01,125.557166,-25.06947,10.1985,6439.3,1.97,0
593.01,128463355,FP,13.9086,2458493.08509,2019-04-01 16:52:02,2021-10-29 12:59:15,118.059584,-29.714072,10.1078,6333.0,2.29,0
595.01,287329267,FP,7.6434423,2460976.583516,2019-04-01 16:51:56,2026-04-18 10:08:02,109.783542,-59.302042,9.9959,6258.1,2.94,0
596.01,144956678,FP,1.5136003,2459228.947101,2019-04-13 05:20:07,2021-10-29 12:59:15,122.068635,-35.559433,9.9071,6017.0,2.93328,0
597.01,146208651,FP,6.5197781,2460735.958212,2019-04-01 16:51:56,2025-08-15 16:00:02,133.457963,-48.81268,9.796,4951.7,2.65,0
598.01,81429971,FP,3.0432421,2459986.020072,2019-04-13 05:20:07,2024-09-09 10:08:01,123.178216,-42.93501,10.1356,8000.0,3.59,0
599.01,145982812,FP,0.82967,2458518.4693,2019-04-13 05:20:07,2021-10-29 12:59:15,133.145204,-50.008798,10.4708,6991.1,2.65,0
600.01,134396419,FP,4.3652608,2459984.851254,2019-04-13 05:20:07,2024-09-19 10:08:01,122.272933,-37.06186,10.2681,9156.5,,0
603.01,262746281,CP,16.1798603,2460271.218286,2019-04-13 05:20:07,2024-02-13 12:03:01,141.107854,5.766056,9.74179,5900.8,1.63,1
604.01,145027461,FP,1.07242,2458492.72655,2019-04-01 16:52:04,2026-05-18 10:08:02,122.257466,-30.787939,10.4029,5001.6,7.97,0
606.01,122262940,FP,2.0034063,2460010.482867,2019-04-01 16:52:05,2023-04-12 16:02:02,133.238613,-57.940623,10.2688,6514.0,2.27,0
607.01,153651591,FP,2.1456324,2459230.769216,2019-04-13 05:20:07,2024-09-19 10:08:01,121.009264,-26.165676,10.5259,9389.0,2.80165,0
610.01,80275202,FP,3.6649528,2459983.317258,2019-04-13 05:20:07,2023-03-08 10:10:02,121.526219,-44.375085,10.4989,7889.0,1.61,0
611.01,154459165,FP,3.1471655,2459983.664716,2019-04-01 16:51:58,2025-12-11 10:08:01,122.034347,-28.066189,10.4259,4869.0,0.79,0
614.01,118021229,FP,0.88501,2458518.2814,2019-04-13 05:20:07,2021-10-29 12:59:15,128.475094,-20.940646,9.947331,5362.0,2.15,0
615.01,190496853,CP,4.6616079,2460010.013606,2019-04-13 05:20:07,2023-04-12 16:02:02,133.408689,-40.543701,10.3015,7437.0,1.7,1
617.01,141227133,FP,2.42232,2458518.70004,2019-04-13 05:20:07,2021-10-29 12:59:15,129.315369,-47.38349,10.251,2838.0,,0
619.01,267527924,FP,1.8080364,2460011.60482,2019-04-13 05:20:07,2023-04-12 16:02:02,114.050732,-48.063487,10.1853,5354.5,,0
620.01,296739893,CP,5.0988038,2458518.004514,2019-04-13 14:19:49,2024-10-10 10:08:04,142.173446,-12.167165,10.2139,3633.0,0.547453,1
622.01,83092282,CP,6.4025295,2460006.078147,2019-04-10 17:25:16,2024-02-15 10:08:02,125.305054,-46.484296,8.5615,7056.0,1.4072,1
623.01,101395259,FP,7.574675,2458523.943374,2019-04-10 17:25:16,2024-09-09 10:08:01,148.720293,-23.332118,10.1913,6422.0,1.4885499,0
624.01,399870368,CP,2.7443216,2459197.007544,2019-04-23 16:01:54,2024-01-03 10:08:03,74.552333,9.997979,9.3371,8730.0,1.97,1
625.01,379929661,CP,4.786958,2459979.75103,2019-04-23 16:01:54,2023-03-28 16:02:02,130.505638,3.710566,9.6129,7668.6,1.91,1
626.01,65412605,CP,4.4010465,2459980.873931,2019-04-23 16:01:54,2023-03-28 16:02:02,108.123114,-24.95356,9.50712,8489.0,2.32,1
627.01,365781372,FP,1.13889,2458469.22408,2019-04-23 16:24:11,2021-10-29 12:59:15,81.92358,7.918525,10.0267,7852.8,2.79,0
628.01,281408474,CP,3.4076,2458469.2352,2019-04-23 16:24:11,2022-01-12 12:02:22,99.263061,1.76755,9.65646,6174.0,1.38,1
629.01,293853437,CP,8.7179665,2459221.689296,2019-04-23 16:24:11,2024-09-10 10:08:02,95.827908,0.883347,8.69437,9165.0,2.38,1
631.01,97158538,FP,2.5950747,2459229.708439,2019-04-23 16:24:11,2021-10-29 12:59:15,105.945472,-30.726357,8.783341,6852.0,2.24201,0
632.01,349790953,FP,1.5521101,2459387.579573,2019-04-11 19:30:41,2021-10-29 12:59:15,113.454773,-61.292453,10.3357,4997.1,12.23,0
633.01,348755723,FP,4.503645,2458517.809802,2019-04-23 16:40:29,2021-10-29 12:59:15,134.088088,-12.934871,13.9036,3267.0,1.0,0
634.01,344926234,FA,0.49359,2458517.428167,2019-04-23 16:40:29,2021-10-29 12:59:15,151.55755,3.946493,9.1299,5872.0,1.02918,0
635.01,286132427,FA,0.493379,2458517.43594,2019-04-23 16:40:29,2025-09-03 16:00:01,146.72453,-4.29824,8.1075,5914.0,1.00635,0
636.01,146463781,FP,0.417921,2458517.476816,2019-04-11 19:30:28,2021-10-29 12:59:15,123.885413,-31.556521,14.7034,3278.0,0.275,0
638.01,78154865,FA,0.493826,2458517.42793,2019-04-23 16:40:29,2025-09-03 16:00:01,147.86736,-4.123323,8.9225,6030.0,1.08524,0
639.01,82362447,FP,2.819817,2458517.560677,2019-04-23 16:40:29,2021-10-29 12:59:15,124.250133,-47.651954,15.2474,3601.0,0.441,0
640.01,147977348,CP,5.0037758,2459250.338129,2019-05-06 17:51:17,2024-09-08 10:08:02,99.734594,-36.64613,10.0367,6442.0,2.09,1
643.01,432008938,FP,9.653456,2458522.349321,2019-04-11 19:30:45,2026-04-15 10:08:02,120.69393,-23.696727,13.7006,3359.0,0.315,0
644.01,63303499,FP,1.9271328,2459202.295987,2019-05-06 17:51:17,2024-09-08 10:08:02,104.922683,-24.883877,10.194,5952.0,1.25,0
645.01,157568289,FP,1.8361503,2459250.993237,2019-05-06 17:51:17,2025-05-21 16:00:01,106.767434,-36.770799,10.4091,5710.5,2.43,0
646.01,238197709,FP,13.7252522,2459184.759271,2019-08-15 15:39:14,2021-10-29 12:59:15,57.265805,-72.947299,10.3001,6104.0,1.86397,0
648.01,78672342,FP,2.9795358,2458471.26899,2019-05-06 17:51:17,2026-04-15 10:08:02,103.00276,-18.95443,10.1347,6492.5,3.56,0
650.01,349373192,FP,0.76983,2458326.31528,2019-03-21 15:42:33,2023-08-07 10:10:02,110.261044,-60.155475,9.7839,8658.0,,0
652.01,22221375,CP,3.9846589,2460013.591733,2019-05-07 15:39:33,2023-04-12 16:02:02,149.123515,-24.099186,7.3635,5903.0,1.03,1
653.01,33153766,FP,0.68831,2458544.60377,2019-05-07 15:39:33,2021-12-08 10:10:01,144.77363,-45.426185,8.5234,6054.0,3.13,0
654.01,35009898,CP,1.5275639,2458543.433731,2019-05-07 15:39:33,2025-04-21 12:03:49,164.724551,-5.547545,12.2255,3433.0,0.427953,1
657.01,48103627,CP,4.5696698,2459283.031579,2019-05-07 15:39:33,2024-09-10 10:08:02,147.4067,-33.218503,12.4399,6122.0,1.28306,1
658.01,48476907,FP,4.7192734,2460030.273032,2019-05-07 15:39:33,2025-07-22 12:04:25,150.152654,-34.681865,9.5359,6521.0,1.6,0
662.01,54085154,FP,1.0014437,2460037.452461,2019-05-07 15:39:33,2024-09-19 10:08:01,160.180141,-31.927233,8.2046,6380.0,1.18,0
663.01,54962195,CP,2.5989031,2458544.387711,2019-05-07 15:39:33,2025-04-21 12:03:49,160.065852,-8.511083,11.7602,3719.0,0.512361,1
663.02,54962195,CP,4.6955986,2458543.405068,2019-05-07 15:39:33,2025-07-10 10:08:01,160.065852,-8.511083,11.7602,3719.0,0.512361,1
663.03,54962195,CP,7.1024749,2458547.138797,2021-07-08 23:15:54,2024-02-16 10:08:02,160.065852,-8.511083,11.7602,3719.0,0.512361,1
665.01,73723286,FP,14.066109,2458547.302488,2019-05-06 19:17:04,2023-10-25 16:02:02,155.637125,-40.516347,9.1116,6157.0,1.47641,0
669.01,124573851,CP,3.9451359,2460013.733784,2019-05-06 19:17:04,2025-04-21 12:03:49,158.900701,-5.181374,10.1755,5581.9,0.99,1
670.01,147660201,FP,0.579398,2458543.348205,2019-05-07 15:39:33,2026-05-07 10:08:02,163.9091,-42.84928,11.1557,5688.0,0.950534,0
672.01,151825527,CP,3.6335834,2458546.478904,2019-05-07 15:39:33,2025-07-09 10:08:02,167.990863,-39.328115,11.6739,3765.0,0.544068,1
673.01,151959065,FP,10.5426254,2458551.634917,2019-05-06 19:17:04,2023-10-25 16:02:02,168.998428,-36.459406,11.955,6114.0,1.65817,0
674.01,158588995,CP,1.9771658,2459301.778142,2019-05-07 15:39:33,2024-02-15 10:08:02,164.586559,-36.858109,11.8764,3467.0,0.421944,1
677.01,280206394,CP,11.2365977,2460030.705344,2019-05-06 19:17:05,2023-05-11 16:02:02,144.119359,-50.463093,9.271401,6446.0,1.29,1
679.01,308050066,FP,11.1755425,2460004.893282,2019-05-06 19:17:05,2025-02-26 12:03:25,155.436002,-17.224364,9.99028,6655.0,1.91,0
682.01,429304876,CP,6.8392388,2460037.259934,2019-05-06 19:17:06,2023-05-11 10:10:01,167.88543,-22.07278,9.2231,5085.0,1.08,1
688.01,339636032,FP,6.8787507,2459986.414867,2019-04-30 16:55:01,2023-03-08 16:02:02,110.194274,-55.379531,8.5885,6636.0,1.98,0
689.01,445822015,FP,1.66402,2458545.05695,2019-05-07 15:39:33,2026-04-15 16:00:01,147.005591,-48.320751,10.7014,4841.3,0.78,0
690.01,101497191,FP,3.64376,2458547.35119,2019-05-07 15:39:33,2026-04-15 16:00:01,149.225807,-33.799397,10.298,5463.2,,0
691.01,156991337,FP,6.9055908,2460684.183192,2019-05-02 15:06:42,2025-05-02 16:00:02,99.953812,-42.045199,10.234,5846.0,,0
692.01,320417762,FA,1.03604,2458491.74051,2019-05-17 19:12:59,2021-10-29 12:59:15,118.004229,10.249288,9.0188,9622.0,2.74,0
693.01,458589703,FA,,2458506.49374,2019-05-02 15:06:42,2026-07-25 16:00:02,124.274902,8.248819,11.2248,4654.2,0.72,0
694.01,55383975,FP,48.0511988,2458366.772014,2019-04-30 13:04:27,2023-11-13 16:02:01,77.383578,-64.026083,11.2595,5354.96,1.0417,0
696.01,77156829,CP,0.8602406,2458411.473627,2019-05-17 19:12:59,2024-09-10 10:08:02,68.178987,-39.790874,10.4276,3450.0,0.33819,1
696.02,77156829,CP,3.6942604,2458411.067517,2019-05-17 19:12:59,2021-10-29 12:59:15,68.178987,-39.790874,10.4276,3450.0,0.33819,1
696.03,77156829,CP,4.9652069,2458414.562933,2021-07-08 23:15:54,2024-09-10 10:08:02,68.178987,-39.790874,10.4276,3450.0,0.33819,1
700.01,150428135,CP,16.051106,2459303.157062,2019-04-30 13:04:28,2024-02-15 10:08:02,97.095717,-65.578615,10.9102,3482.0,0.419457,1
700.02,150428135,CP,37.4236838,2458330.486155,2019-04-30 13:04:28,2024-02-15 10:08:02,97.095717,-65.578615,10.9102,3482.0,0.419457,1
700.03,150428135,CP,9.977273,2458331.349645,2019-07-23 18:22:48,2024-02-15 10:08:02,97.095717,-65.578615,10.9102,3482.0,0.419457,1
700.04,150428135,CP,27.8096898,2458352.99952,2021-11-19 01:00:23,2024-02-15 10:08:02,97.095717,-65.578615,10.9102,3482.0,0.419457,1
701.01,219239945,FP,13.697384,2458389.366552,2019-05-17 19:12:59,2021-10-29 12:59:15,64.52165,-53.80127,10.966,5837.0,1.10089,0
704.01,260004324,CP,3.8143009,2458327.416979,2019-04-30 13:04:28,2024-09-19 10:08:01,91.089986,-55.311538,10.1428,3625.0,0.504068,1
708.01,391821647,FP,1.995837,2458327.629889,2019-04-30 13:04:30,2026-04-15 10:08:02,82.764859,-70.357179,10.8623,6636.0,0.975121,0
710.01,309402106,FP,216.24584,2458343.942146,2019-05-20 19:32:05,2021-12-08 10:10:01,124.748703,-65.278089,8.488401,7053.0,1.59688,0
712.01,150151262,CP,9.5313801,2460978.080561,2019-05-20 19:32:04,2026-04-09 16:00:01,92.936106,-65.825839,9.9059,4504.0,0.72,1
712.02,150151262,CP,51.6991905,2460807.570093,2019-05-24 15:31:12,2026-04-09 16:00:01,92.936106,-65.825839,9.9059,4504.0,0.72,1
712.03,150151262,FA,53.746482,2458417.120619,2019-05-24 15:31:12,2021-11-03 10:10:02,92.936106,-65.825839,9.9059,4504.0,0.842645,0
712.04,150151262,CP,84.83869,2460082.804195,2021-07-08 23:15:53,2023-10-16 16:02:02,92.936106,-65.825839,9.9059,4504.0,0.72,1
715.01,271971130,CP,19.2879579,2458327.552087,2019-05-24 15:31:12,2025-07-09 16:00:02,113.852328,-73.577409,13.5308,3075.0,0.229824,1
716.01,119081096,FP,0.83707,2458518.10991,2019-05-24 15:54:20,2021-10-29 12:59:15,136.238912,-18.502674,12.4268,3776.0,0.52,0
717.01,275248683,FP,0.53079,2458518.26617,2019-05-24 15:54:20,2021-12-07 16:02:02,147.970536,2.116647,11.4407,3788.4,,0
718.01,150247134,FA,12.8650769,2459144.828069,2019-05-24 15:54:20,2021-10-29 12:59:15,94.167445,-62.648403,11.4845,5031.0,0.81,0
719.01,184952758,FP,4.109953,2460007.695053,2019-05-24 15:54:20,2023-03-29 16:02:02,128.144178,-36.346818,9.0349,5653.0,0.97,0
720.01,131419878,FP,3.16043,2458494.08915,2019-05-24 15:54:20,2021-12-07 16:02:02,118.037196,-37.799016,8.8154,6482.3,1.52,0
725.01,410245915,FP,0.9889446,2459986.360794,2019-05-24 18:24:57,2023-03-08 10:10:02,133.964876,-20.274779,10.2658,6173.3,1.5,0
726.01,174143743,FP,0.46132,2458492.31313,2019-05-24 18:24:57,2021-10-29 12:59:15,113.88333,-36.386962,10.1007,6629.0,1.21,0
728.01,96097215,FA,1.60245,2458518.94089,2019-05-24 18:24:57,2026-07-25 16:00:02,146.891712,-7.33087,10.5656,5648.0,0.98,0
729.01,144138509,FA,,2458564.817795,2019-05-15 18:24:34,2025-12-11 10:08:01,176.035412,-9.948864,10.5568,6023.2,1.23299,0
730.01,11561667,CP,3.0876297,2458543.868539,2019-06-06 16:40:58,2024-02-15 10:08:02,149.823667,-27.392817,14.9181,4105.0,0.69386,1
731.01,34068865,CP,0.3219233,2460013.7131,2019-06-06 16:40:58,2023-04-12 16:02:02,146.121464,-45.779016,8.031941,3518.0,0.46,1
732.01,36724087,CP,0.7683904,2459988.468158,2019-06-06 16:40:58,2023-10-05 14:31:09,154.644903,-11.717801,10.5848,3329.0,0.374139,1
732.02,36724087,CP,12.2534308,2459992.612785,2019-06-06 16:40:58,2023-10-02 16:02:02,154.644903,-11.717801,10.5848,3329.0,0.374139,1
733.01,106402532,CP,4.8847937,2460030.757093,2019-06-06 16:40:58,2023-05-05 16:02:01,159.409318,-40.888259,8.8411,5969.0,0.94,1
734.01,146846569,FP,4.7535388,2458545.448428,2019-06-06 16:40:58,2025-09-04 16:00:02,160.889636,-44.621815,15.173,3010.0,0.20128,0
735.01,150271680,FP,2.593694,2458543.967327,2019-05-15 18:24:34,2026-04-23 16:00:02,94.754704,-63.864708,9.5215,5316.6,1.28725,0
736.01,181804752,CP,4.9899176,2458546.508066,2019-06-06 16:40:58,2024-02-15 10:08:02,165.690484,-16.406444,13.5571,2940.0,0.17143,1
736.02,181804752,CP,0.9479945,2458543.558006,2019-06-06 16:40:58,2024-01-17 10:08:02,165.690484,-16.406444,13.5571,2940.0,0.17143,1
737.01,219189765,CP,1.7318529,2458544.430655,2019-06-06 16:40:58,2024-02-13 10:08:02,171.014792,-19.556959,14.7599,3394.0,0.615219,1
741.01,359271092,CP,7.5768334,2460006.41417,2019-06-06 16:40:58,2025-04-21 12:03:49,140.399376,-60.281169,7.66874,3766.0,0.53,1
742.01,373424049,FP,0.961917,2460745.307622,2019-06-06 16:40:58,2025-10-21 16:00:01,140.056794,-53.119685,8.6333,8688.0,1.82039,0
755.01,73228647,CP,2.5404679,2460066.437431,2019-06-11 20:03:40,2023-06-28 10:10:02,190.036564,-44.312078,9.4628,6003.0,0.99,1
756.01,73649615,CP,1.2392569,2458570.647157,2019-06-05 19:57:31,2025-10-17 12:03:54,192.103738,-45.470471,12.5554,3614.0,0.507628,1
757.01,130924120,CP,17.4682298,2460039.192903,2019-06-11 20:03:40,2025-04-21 12:03:49,187.994843,-35.554452,9.0498,5499.0,0.76,1
758.01,131081852,FP,13.2735914,2458575.745477,2019-06-11 20:03:40,2025-12-11 10:08:01,189.76217,-31.992266,9.957501,6072.0,1.26126,0
762.01,178709444,CP,3.4716808,2459329.505631,2019-06-11 20:03:40,2025-04-21 12:03:49,166.074742,-47.821496,13.6615,3399.0,0.426785,1
763.01,178819686,CP,5.6057748,2460046.424157,2019-06-11 20:03:40,2024-01-30 16:02:02,194.468098,-39.758061,9.5275,5767.0,0.906761,1
763.02,178819686,CP,12.2772444,2460046.212045,2019-06-11 20:03:40,2024-01-30 16:02:02,194.468098,-39.758061,9.5275,5767.0,0.906761,1
765.01,219401954,FA,0.861484,2458570.226021,2019-06-11 20:03:40,2026-07-25 16:00:02,78.165188,-53.743438,9.647,5724.7,1.45505,0
771.01,277634430,CP,2.3260077,2459335.352285,2019-06-05 19:57:34,2025-04-21 12:03:49,164.11389,-72.985174,12.0874,3231.0,0.241857,1
775.01,304042899,FP,12.4458741,2459313.56423,2019-06-05 19:57:34,2021-10-29 12:59:15,164.799978,-59.23397,9.5369,6746.0,1.5288,0
776.01,306996324,CP,15.6653322,2458572.599749,2019-06-11 20:03:40,2024-10-03 10:08:02,178.577997,-37.553357,9.73597,3806.0,0.533024,1
776.02,306996324,CP,8.2466133,2458571.415963,2019-06-11 20:03:40,2024-10-03 10:08:02,178.577997,-37.553357,9.73597,3806.0,0.533024,1
778.01,335630746,CP,4.6336155,2459574.942709,2019-06-11 20:03:40,2024-09-10 10:08:02,199.33385,-15.273705,8.69009,6780.0,1.68,1
782.01,429358906,CP,8.0239811,2458577.042174,2019-06-11 20:03:40,2025-04-21 12:03:49,183.920361,-18.910338,12.2875,3331.0,0.406516,1
784.01,460984940,CP,2.7970316,2460038.66554,2019-06-05 19:57:36,2023-06-29 12:02:52,159.341221,-63.655692,8.7537,5849.0,0.9,1
791.01,306472057,CP,139.3048512,2458427.621432,2019-06-14 18:35:01,2026-07-03 12:03:34,118.434757,-69.701736,10.7525,6572.0,1.42962,1
791.02,306472057,CP,928.0455814,2458583.273564,2024-03-14 22:31:28,2026-07-03 12:03:34,118.434757,-69.701736,10.7525,6572.0,1.42962,1
792.01,294780517,FP,15.6477055,2458416.495917,2019-06-14 18:35:01,2023-04-04 16:02:02,71.245764,-67.98105,11.7345,5107.98,0.835807,0
793.01,300013921,FP,54.6616036,2459236.957286,2019-06-14 18:35:01,2023-04-04 16:02:02,107.133952,-68.368778,10.8578,5379.0,0.8,0
796.01,277099925,FA,0.8086308,2458325.966891,2019-05-24 18:30:47,2021-10-29 12:59:15,83.986551,-67.459594,10.721,5780.0,1.0,0
803.01,143526444,FP,15.3050693,2459974.31761,2019-06-14 18:35:01,2023-03-08 16:02:02,125.645029,-19.254613,9.3309,5370.0,4.16,0
804.01,41227743,FP,1.4188153,2458326.243939,2019-06-14 18:35:01,2025-12-11 10:08:01,91.519783,-69.420238,10.714,5988.0,,0
813.01,55525572,CP,83.8962434,2459125.846913,2019-06-21 19:07:29,2023-12-05 10:08:02,72.69401,-60.905461,9.8467,5823.7,2.04354,1
814.01,255760319,FP,7.21048,2458359.73394,2019-06-21 19:17:58,2021-12-07 16:02:02,99.714619,-53.107598,8.9944,5920.4,2.14,0
815.01,102840239,CP,11.1972769,2460026.624284,2019-06-21 19:21:00,2025-03-25 12:03:48,155.871938,-43.834925,9.36,4953.9,0.76,1
815.02,102840239,CP,734.4987702,2460023.129913,2023-04-27 20:49:13,2025-03-25 12:03:48,155.871938,-43.834925,9.36,4953.9,0.76,1
816.01,175180796,FP,1.55747,2458493.44312,2019-06-21 19:23:11,2021-10-29 12:59:15,116.010481,-36.996503,11.143,4146.6,0.62,0
817.01,30312676,FP,1.10223,2459126.7692,2019-06-17 17:15:50,2022-02-15 16:02:02,74.286788,-66.390334,11.3029,8747.0,2.23767,0
821.01,125405602,FA,13.8233035,2458606.784642,2019-06-17 17:15:51,2026-07-25 16:00:02,209.615851,-23.277572,11.1825,3669.0,0.477,0
822.02,127530399,CP,1.0115336,2458597.575673,2021-10-28 01:48:14,2022-06-01 12:04:12,217.6092,-46.159516,11.1116,4775.0,0.789877,1
824.01,193641523,CP,1.3929721,2458597.813432,2019-06-17 17:15:52,2024-02-15 10:08:02,222.16547,-57.588867,10.0732,4452.0,0.729635,1
832.01,350332997,FP,1.9160221,2459357.079526,2019-06-17 17:15:54,2024-09-09 10:08:01,84.081627,-54.191199,11.7611,5623.0,2.09,0
833.01,362249359,CP,1.041889,2458544.120496,2019-06-17 17:15:55,2024-02-15 10:08:02,145.645472,-62.475886,10.1461,3965.0,0.603336,1
836.01,440887364,CP,8.5954792,2459356.164023,2019-06-17 17:15:56,2024-09-09 10:08:01,225.079883,-24.454202,8.6486,4476.0,0.69,1
836.02,440887364,CP,3.8167262,2459355.705342,2019-06-17 17:15:56,2024-09-09 10:08:01,225.079883,-24.454202,8.6486,4476.0,0.69,1
837.01,460205581,CP,8.3249172,2460022.80686,2019-06-17 17:15:57,2023-05-05 16:02:01,157.037281,-64.505211,9.9322,6513.0,1.01,1
838.01,461271719,FP,7.6246239,2458603.195906,2019-06-27 18:48:45,2024-09-09 10:08:01,203.166643,-38.845947,8.7823,7313.0,2.6298299,0
844.01,380886535,FP,8.9066251,2459451.724033,2019-07-10 19:36:45,2022-03-11 12:02:52,19.461136,0.346971,11.7952,5829.6,1.51595,0
845.01,32283946,FP,7.06181,2458389.0024,2019-07-10 19:36:45,2026-04-15 10:08:02,24.172722,-31.670795,11.7582,5818.3,1.49,0
846.01,229141709,FP,14.20489,2458363.76296,2019-07-10 19:36:45,2021-10-29 12:59:15,26.376875,-51.296821,11.766,6316.3,1.21,0
848.01,42015200,FP,9.77742,2458391.66318,2019-07-10 19:36:45,2022-07-28 10:10:02,24.216097,-39.142583,11.6818,4513.0,2.87,0
849.01,33595516,CP,0.76566,2458384.01956,2019-07-10 19:36:45,2021-10-29 12:59:15,28.715796,-29.421709,11.5485,5311.0,0.92,1
858.01,198008005,CP,3.2797206,2459088.312108,2019-07-10 19:36:45,2025-06-04 10:08:01,60.199826,-54.592918,10.6444,5857.0,1.29747,1
861.01,372913430,FP,6.7391601,2460894.248512,2019-07-12 15:24:44,2026-03-11 16:00:02,119.533518,-60.780499,8.3502,10341.0,3.39,0
866.01,381976956,FA,22.338916,2458330.873539,2019-07-12 16:20:28,2024-09-09 10:08:01,77.546589,-57.586679,9.0099,4866.0,7.56825,0
868.01,271596418,FP,0.556109,2458325.748771,2019-07-12 16:20:28,2021-10-29 12:59:15,108.568016,-74.970528,10.7109,5670.45,1.18329,0
869.01,200807066,FA,26.2588239,2458404.072952,2019-07-12 16:20:28,2024-09-09 10:08:01,53.178982,-51.788532,8.9043,5908.0,1.24841,0
871.01,219344917,CP,14.362738,2458417.051084,2019-07-12 16:20:28,2025-04-21 12:03:49,74.737626,-50.627415,9.7607,4939.0,0.732189,1
878.01,219380235,FA,3.9773904,2459196.628398,2019-07-12 19:27:36,2021-10-29 12:59:15,76.761786,-51.766957,10.8239,5518.3,1.77,0
879.01,37084932,FP,6.58454,2458470.64431,2019-07-12 19:27:36,2021-10-29 12:59:15,98.123772,-3.54484,9.5254,8829.0,,0
880.02,34077285,CP,2.5735943,2460663.874669,2021-02-19 00:26:39,2025-05-28 16:00:02,94.164473,-13.987337,9.2563,4935.0,0.816999,1
881.01,237808867,FP,0.56708,2458468.86467,2019-07-12 19:27:36,2021-10-29 12:59:15,104.479884,5.748028,9.792,5274.0,9.78,0
882.01,92013169,FP,2.3552639,2460282.512522,2019-07-12 19:27:36,2024-01-17 16:02:04,89.16524,14.785575,9.73965,7069.0,2.37,0
884.01,167031605,FP,2.7809,2458468.69741,2019-07-12 19:27:36,2022-07-11 16:02:02,93.921031,11.832621,9.9534,11246.0,5.45,0
886.01,120269103,FP,20.4276727,2459203.108337,2019-07-12 19:27:36,2024-09-09 10:08:01,101.693856,-6.144778,8.26522,8844.0,3.25795,0
888.01,438295981,FP,3.96643,2458472.15837,2019-07-12 19:27:36,2021-10-29 12:59:15,96.666044,13.29938,9.52621,6565.2,1.9,0
889.01,284288080,FP,1.83485,2458469.90719,2019-07-12 19:27:36,2021-10-29 12:59:15,106.649775,-53.546434,10.8457,6466.0,1.68,0
891.01,33690636,FP,4.99915,2458468.9545,2019-07-12 19:27:36,2024-09-09 10:08:01,93.122299,-16.792043,11.0427,4696.0,0.79,0
892.01,66561343,CP,10.6265837,2459219.552074,2019-07-12 19:27:36,2021-10-29 12:59:15,86.738228,-11.23534,10.9739,7723.0,1.35,1
894.01,42755801,FP,4.3433389,2459225.901334,2019-07-12 19:27:36,2024-09-09 10:08:01,96.793934,-4.7801,9.1672,9900.0,3.83,0
895.01,250484865,FP,0.76189,2458468.75811,2019-07-12 19:27:36,2021-10-29 12:59:15,94.205654,-2.92914,8.7973,5998.0,1.11,0
896.01,102283403,FA,3.52985,2458471.13285,2019-07-12 19:27:36,2026-07-25 16:00:02,89.15458,10.551759,9.08959,6627.0,1.37,0
897.01,229384040,FP,1.2980202,2459211.72088,2019-07-12 19:27:36,2024-09-09 10:08:01,98.59774,8.413625,9.11269,6128.0,1.62,0
898.01,124543547,FP,,2458487.5,2019-03-21 15:42:32,2025-08-15 16:00:02,104.480707,-9.924849,10.5672,5652.0,2.74,0
904.01,261257684,CP,10.8772748,2458626.968411,2019-07-15 19:20:08,2024-08-15 10:08:02,89.371273,-83.129726,10.846,3992.0,0.532439,1
904.02,261257684,CP,83.9993991,2458630.353329,2022-04-20 20:59:59,2024-08-15 10:08:02,89.371273,-83.129726,10.846,3992.0,0.532439,1
905.01,261867566,CP,3.7395716,2458628.349689,2019-07-15 19:20:08,2024-02-15 10:08:02,227.658675,-71.361632,10.5721,5565.0,1.00018,1
907.01,305424003,CP,4.5849129,2458627.05684,2019-07-15 19:20:10,2025-04-21 12:03:49,262.183407,-62.840383,9.9444,6272.0,2.0597899,1
908.01,350153977,CP,3.1837789,2458626.550518,2019-07-15 19:20:11,2024-03-14 16:54:32,53.159427,-81.250745,10.6513,5500.0,1.0523601,1
909.01,364107753,FP,3.9043855,2460119.573617,2019-07-15 19:20:12,2023-08-07 16:02:01,251.362526,-71.839588,7.0514,6059.06,1.31,0
910.01,369327947,CP,2.0291067,2458626.204389,2019-07-15 19:20:12,2024-08-15 10:08:02,290.23794,-82.559788,10.1508,3194.0,0.287497,1
912.01,406941612,CP,4.678059,2458628.407636,2019-07-22 19:45:36,2025-09-18 12:03:32,229.328567,-80.473345,10.4904,3566.0,0.426465,1
913.01,407126408,CP,11.099348,2458625.210727,2019-07-15 19:20:13,2024-11-14 17:22:21,234.572324,-80.803427,9.6181,4948.0,0.732535,1
914.01,153027658,FP,2.3374921,2458384.9247,2019-07-23 18:22:48,2021-10-29 12:59:15,48.726093,-44.961855,10.2413,5963.4,1.54,0
915.01,259389219,FP,2.3250156,2459199.865578,2019-07-23 18:22:48,2024-09-09 10:08:01,68.803771,-51.396562,11.2486,5753.0,2.05,0
916.01,348844154,FP,29.17362,2458343.2066,2019-07-23 18:22:48,2021-12-07 16:02:02,105.956649,-60.297493,11.2532,5493.2,1.89,0
918.01,294869729,FP,1.1140067,2459199.904943,2019-07-23 18:22:48,2025-07-10 10:08:01,71.799228,-68.985641,11.2716,5614.0,2.94,0
920.01,271722899,FP,19.2998,2458335.23411,2019-07-23 18:22:48,2021-10-29 12:59:15,110.312488,-73.453234,11.191,3818.0,,0
922.01,278199349,FP,9.46516,2458418.21857,2019-07-23 18:22:48,2021-10-29 12:59:15,110.890427,-79.504188,11.499,4120.0,,0
923.01,301051430,FP,3.2744665,2459117.395284,2019-07-23 18:22:48,2024-08-15 10:08:02,50.036337,-45.061851,11.0264,6049.0,1.2460999,0
925.01,300599466,FP,13.17741,2458331.86537,2019-07-23 18:22:48,2022-07-11 16:02:02,113.047662,-68.012289,11.3377,5027.7,10.05,0
927.01,261258875,FP,2.5852,2458327.45003,2019-07-09 14:50:03,2021-10-29 12:59:15,89.730768,-79.743374,9.2691,6639.0,2.66,0
928.01,300557619,FP,30.57908,2458350.32222,2019-01-18 16:50:41,2021-12-07 16:02:02,112.599235,-71.595463,11.4124,5848.0,1.13,0
935.01,260476837,FP,2.23294,2458327.85012,2019-07-15 19:20:08,2024-09-07 10:08:02,96.248202,-59.804574,12.7918,4814.0,0.804149,0
937.01,425163745,FP,0.27664,2458438.55668,2019-07-24 14:30:01,2021-12-07 16:02:02,58.896845,-2.505949,10.855,5341.6,1.78,0
942.01,146520535,CP,4.32765,2458441.57167,2019-07-24 14:30:01,2021-10-29 12:59:15,76.649617,-20.245613,11.0462,4945.0,0.91,1
944.01,434234955,FP,6.0588453,2459196.69943,2019-07-24 14:30:01,2024-09-07 10:08:02,63.811095,14.944839,11.3818,7011.0,3.6,0
946.01,219205407,FP,6.1253092,2459356.387875,2019-04-01 16:52:00,2024-09-07 10:08:02,92.833906,-51.466622,10.8732,5008.3,1.05,0
949.01,189013222,FP,1.3228701,2459199.159811,2019-07-24 14:30:01,2022-01-25 16:02:02,79.101853,-15.512686,10.2892,5136.1,0.84,0
950.01,245947683,FA,1.14288,2458439.35452,2019-07-24 14:30:01,2021-10-29 12:59:15,70.375099,14.815533,10.2098,6706.0,1.51,0
951.01,449050247,FP,2.96845,2458441.2993,2019-07-24 14:30:01,2021-12-07 16:02:02,67.551337,5.298825,10.0938,5761.5,1.4,0
953.01,449050248,FP,2.96844,2458441.29935,2019-07-24 14:30:01,2023-03-15 12:03:11,67.552495,5.298431,9.87405,5772.0,1.54,0
954.01,44792534,CP,3.68497,2459167.32483,2019-07-24 14:30:01,2024-04-25 10:08:01,61.941059,-25.208803,9.77919,5756.0,1.93,1
955.01,146467675,FP,1.6375303,2459199.705849,2019-07-24 14:30:01,2024-09-07 10:08:02,76.081839,-20.731341,9.70467,5888.8,1.72,0
956.01,146434840,FP,17.95473,2458445.26599,2019-07-24 14:30:01,2021-12-07 16:02:02,75.360839,-22.382135,9.49344,6029.5,1.77,0
957.01,249067445,FP,0.8317937,2459198.9042,2019-07-24 14:30:01,2024-09-07 10:08:02,79.432431,-0.370122,8.95699,8897.0,1.82,0
959.01,279999655,FP,1.54104,2458492.69541,2019-07-24 15:58:33,2021-10-29 12:59:15,114.012456,4.715116,10.649,8264.0,,0
960.01,5109298,FP,1.6187107,2459202.960241,2019-07-24 15:58:33,2023-08-10 16:02:02,107.59809,-5.432679,10.6698,9385.0,2.22468,0
961.01,265077027,FP,4.79586,2458496.16829,2019-07-24 15:58:33,2021-10-29 12:59:15,127.178328,4.038553,10.6596,5782.5,1.3,0
962.01,141776043,FP,4.06269,2458493.35787,2019-07-24 15:58:33,2021-10-29 12:59:15,117.712497,-21.015735,11.2295,,,0
964.01,179155220,FP,0.60274,2458491.88882,2019-07-24 15:58:33,2021-10-29 12:59:15,109.106905,-8.329732,10.6659,5146.2,0.83,0
965.01,179159972,FP,1.37101,2458491.95227,2019-07-24 15:58:33,2021-10-29 12:59:15,109.056276,-9.893473,10.6124,5947.5,1.15,0
967.01,445586472,FP,1.7393631,2459230.004598,2019-07-24 15:58:33,2021-10-29 12:59:15,117.084021,-57.236311,10.5704,7051.0,2.40368,0
968.01,453209605,FP,2.80944,2458493.61746,2019-07-24 15:58:33,2021-10-29 12:59:15,116.914289,11.980797,10.5766,4968.3,,0
969.01,280437559,CP,1.8237371,2459248.377773,2019-07-24 15:58:33,2022-11-28 12:02:29,115.136686,2.098588,10.5424,4249.1,0.82,1
971.01,177722855,FP,2.3960724,2459225.430047,2019-07-24 15:58:33,2024-09-09 10:08:01,107.42144,-11.328877,10.5224,5743.0,1.37,0
972.01,125894957,FP,2.67425,2458493.15026,2019-07-24 15:58:33,2022-07-11 16:02:02,115.280389,-26.070939,10.5484,4770.0,36.51,0
973.01,409459226,FP,1.27997,2458491.82839,2019-07-24 15:58:33,2022-07-11 16:02:02,109.950322,-11.942687,10.5816,3435.0,102.03,0
974.01,333821572,FP,2.8259491,2459985.027628,2019-07-24 15:58:33,2023-03-08 16:02:02,116.274911,-17.17511,10.4337,8192.0,1.84,0
975.01,133654092,FP,1.97353,2458493.1271,2019-07-24 15:58:33,2021-10-29 12:59:15,121.185099,-41.559812,10.4527,2828.0,,0
976.01,347098457,FP,3.1510408,2459230.210781,2019-07-24 15:58:33,2021-10-29 12:59:15,117.470237,-16.023413,10.4856,4240.0,49.1612,0
977.01,268371979,FP,2.78102,2458492.39581,2019-07-24 15:58:33,2021-10-29 12:59:15,105.063071,-2.347448,10.5153,4538.0,0.74,0
979.01,5772442,FP,1.10578,2458492.50181,2019-07-24 15:58:33,2021-10-29 12:59:15,111.766458,-7.129696,10.351,5650.4,2.62,0
980.01,93594834,FP,1.3387555,2459228.778145,2019-07-24 15:58:33,2024-09-09 10:08:01,114.420797,-7.33674,10.3138,5322.0,1.96337,0
981.01,127476180,FP,1.6038093,2460715.502404,2019-07-24 15:58:33,2025-07-31 10:39:19,117.113226,-28.204828,10.2957,6711.0,1.48129,0
982.01,177126182,FP,6.3037582,2459216.0127,2019-07-24 15:58:33,2024-09-09 10:08:01,106.405063,-11.979855,10.3075,8502.0,3.08,0
983.01,148659924,FP,7.3816254,2459973.559152,2019-07-24 15:58:33,2023-03-08 10:10:02,114.864422,-32.903754,10.3437,9260.2,,0
984.01,33091633,FP,7.52118,2458495.71336,2019-07-24 15:58:33,2021-10-29 12:59:15,104.87593,-4.812169,10.2763,6184.6,0.52,0
985.01,425220920,FP,8.76905,2458494.52201,2019-07-24 15:58:33,2021-10-29 12:59:15,111.644015,7.01633,10.2462,5906.8,1.59,0
986.01,320536216,FP,0.5476699,2460716.58341,2019-07-24 15:58:33,2025-12-11 10:08:01,120.105441,10.343871,10.1796,8274.5,1.65,0
987.01,52548453,FP,5.2146757,2460686.110094,2019-07-24 15:58:33,2025-05-16 16:00:02,100.9257,-30.491967,10.1887,6080.0,2.27,0
988.01,113553629,FP,4.30438,2458491.91542,2019-07-24 15:58:33,2021-10-29 12:59:15,113.424039,-30.996054,10.1989,6056.9,4.82,0
992.01,108835813,FP,4.76516,2458494.06581,2019-07-24 15:58:33,2021-10-29 12:59:15,112.616704,-26.080682,10.0813,9412.5,,0
994.01,93963408,FP,2.396722,2459229.899754,2019-07-24 15:58:33,2021-10-29 12:59:15,115.046333,-9.084269,10.0267,10393.0,1.87739,0
995.01,317951248,FP,3.4438,2458493.5283,2019-07-24 15:58:33,2021-10-29 12:59:15,110.811443,5.56285,10.0781,4805.2,,0
996.01,142918609,FP,14.5378,2458494.77797,2019-07-24 15:58:33,2021-10-29 12:59:15,119.349948,-19.516015,9.7925,8007.0,2.05,0
997.01,341729521,FP,8.4134856,2459230.149086,2019-07-24 15:58:33,2024-09-09 10:08:01,121.319521,-59.579798,9.7727,5786.0,0.926261,0
998.01,54390047,FP,0.941436,2459229.569561,2019-07-24 15:58:33,2024-09-09 10:08:01,118.319555,-14.218823,9.6952,8322.0,2.34986,0
999.01,341186896,FP,1.5078959,2459985.987965,2019-07-24 15:58:33,2024-09-09 10:08:01,118.864086,-58.22206,9.6171,6635.0,1.3,0
1000.01,50365310,FP,2.1713484,2459229.630046,2019-07-24 15:58:33,2024-09-09 10:08:01,112.357708,-12.69596,9.604,10249.0,2.16986,0
1002.01,124709665,FP,1.8675574,2459224.687802,2019-07-24 15:58:33,2022-07-11 16:02:02,104.726966,-10.580455,9.299501,8924.0,5.73,0
1003.01,106997505,FP,2.74323,2458493.3957,2019-07-24 15:58:33,2022-02-23 10:10:02,110.559945,-25.207017,9.3003,5388.5,,0
1004.01,238597883,FP,3.5730141,2459987.047262,2019-07-24 15:58:33,2024-09-09 10:08:01,122.178195,-48.802811,9.1355,9219.0,2.15,0
1005.01,169904935,FP,4.5505945,2459985.156855,2019-07-24 15:58:33,2025-07-08 10:08:01,120.704811,-11.101521,9.1309,5613.0,1.09,0
1006.01,156115721,FP,2.5047918,2459229.984579,2019-07-24 15:58:33,2021-10-29 12:59:15,124.359239,-27.273521,9.2386,6616.0,1.53429,0
1008.01,440801822,FP,2.0483755,2460258.236122,2019-07-24 15:58:33,2023-12-08 16:02:02,109.382839,13.395219,8.9362,6858.5,1.57,0
1010.01,139853601,FP,0.6808702,2459228.878101,2019-07-24 15:58:33,2021-10-29 12:59:15,112.293981,-21.832912,8.45086,9438.0,1.0,0
1013.01,97700520,FP,5.4255548,2459232.248322,2019-07-24 15:58:33,2021-10-29 12:59:15,107.286063,-31.933523,7.6095,8868.7,,0
1014.01,96246348,FP,1.4095184,2459985.657041,2019-07-24 15:58:33,2023-11-20 10:08:02,103.561602,-34.22282,7.678,9307.0,,0
1015.01,155044736,FP,1.3730466,2459963.610065,2019-04-01 16:51:56,2023-12-20 16:02:19,122.895964,-27.971896,10.7069,4897.0,6.7996101,0
1016.01,175310067,FP,12.6889415,2459238.831138,2019-04-01 16:52:03,2024-09-09 10:08:01,116.110771,-36.098285,10.6257,7601.0,1.53641,0
1017.01,182943944,FP,1.10422,2458518.96536,2019-07-24 17:08:12,2021-10-29 12:59:15,124.726411,-37.78325,10.6019,6995.2,1.61,0
1018.01,291555748,FP,4.95912,2458492.78078,2019-04-01 16:52:01,2021-10-29 12:59:15,111.716019,-50.266567,10.6254,5889.0,2.0,0
1020.01,140706664,FP,3.28892,2458521.29108,2019-07-24 17:08:12,2021-10-29 12:59:15,128.381976,-43.828421,10.7173,8734.2,,0
1021.01,143994283,FP,1.90879,2458492.90429,2019-07-24 17:08:12,2021-10-29 12:59:15,119.30075,-42.999149,10.5551,6022.6,1.22,0
1022.01,47384844,FA,3.09574,2458547.448,2019-06-04 14:32:44,2023-06-06 12:02:56,162.96491,-5.788708,8.72924,6084.0,1.41,0
1023.01,238374636,FP,1.3214483,2459303.303969,2019-07-24 18:44:12,2021-12-07 16:02:02,120.837688,-51.345626,9.697,5050.8,2.99,0
1024.01,141482386,FP,18.0157,2458339.72276,2019-07-24 18:44:12,2021-10-29 12:59:15,86.820714,-72.422611,10.0814,4709.0,7.61,0
1025.01,297967252,FP,9.6837908,2460733.686688,2019-07-24 18:44:12,2025-12-11 10:08:01,142.521159,-51.517114,5.5324,8598.7,,0
1026.01,388624270,FP,14.2628757,2460720.807674,2019-06-11 14:45:00,2025-09-02 16:00:02,125.434634,-51.759442,9.9138,5690.0,0.853898,0
1028.01,447283466,FP,1.01606,2458544.48066,2019-07-24 18:44:12,2021-10-29 12:59:15,157.098337,-51.705409,7.9059,4634.0,0.68,0
1029.01,374908020,FP,36.22214,2458365.89313,2019-06-11 14:45:03,2021-12-07 16:02:02,88.73909,-65.958839,6.841,,,0
1030.01,464296022,FP,12.1246519,2460054.783937,2019-07-24 18:44:12,2023-05-31 10:10:01,155.831478,-57.590248,9.5706,4807.6,1.07,0
1031.01,304021498,FP,5.652623,2459304.837939,2019-06-25 15:58:39,2024-09-19 10:08:01,140.88389,-67.026006,9.7318,6415.4,1.92,0
1033.01,149601557,FP,29.0161646,2460717.39858,2019-06-11 14:45:00,2025-10-08 16:00:02,87.282586,-60.498444,10.0163,6113.1,2.01,0
1034.01,400595342,FP,3.6404389,2460768.617427,2019-07-24 18:44:12,2025-09-05 10:08:01,134.441752,-49.000578,9.8174,9810.0,1.60776,0
1037.01,363260203,FP,1.2025238,2459331.124512,2019-07-24 18:44:12,2024-09-07 10:08:02,147.385172,-63.306478,9.0211,9158.0,1.74,0
1038.01,90544017,FP,3.2235985,2459273.371643,2019-07-24 18:44:12,2021-10-29 12:59:15,128.454638,-49.940347,8.7157,8904.0,2.17,0
1040.01,310483807,FP,2.55555,2460756.129789,2019-07-24 18:44:12,2025-11-06 16:00:01,128.61421,-61.488262,8.3854,10037.0,6.04,0
1041.01,385624852,FP,8.30792,2459261.801216,2019-07-24 18:44:12,2021-10-29 12:59:15,138.402252,-55.19791,8.0981,9081.0,3.05,0
1042.01,360286627,FP,0.758082,2459281.337956,2019-07-24 18:44:12,2025-12-11 10:08:01,141.975215,-61.33004,9.718,9917.0,3.5086601,0
1043.01,90448944,FP,1.4415577,2459985.770425,2019-07-24 18:44:12,2024-09-09 10:08:01,128.302319,-52.714202,9.5719,6902.0,1.52,0
1045.01,54044474,FP,3.7039994,2459301.544126,2019-07-24 18:44:12,2021-12-07 16:02:02,159.887704,-32.51188,9.6306,7013.8,1.9,0
1046.01,309787037,FP,1.3042553,2460177.867195,2019-07-24 18:44:12,2024-09-19 10:08:01,126.419468,-60.907514,10.0119,6762.0,1.75,0
1047.01,370745311,FP,0.62627,2458544.79061,2019-07-24 18:44:12,2021-10-29 12:59:15,144.581535,-67.505097,10.2355,5622.0,0.93,0
1048.01,384549882,FP,0.30412,2458518.376,2019-07-24 18:44:12,2021-10-29 12:59:15,136.527702,-54.903922,8.802,11892.0,2.52,0
1051.01,259863352,FA,21.701669,2458657.736625,2019-08-16 20:20:45,2024-09-17 10:08:02,40.365939,-71.462749,7.1278,5625.0,1.56486,0
1052.01,317060587,CP,9.139804,2458332.941229,2019-08-16 20:20:47,2023-07-24 12:03:31,337.510274,-75.646561,9.0197,5958.2,1.58,1
1053.01,112395568,FP,5.742625,2458657.999179,2019-08-16 20:20:42,2024-09-19 10:08:01,290.977117,-33.351416,8.8849,5664.0,3.86959,0
1054.01,366989877,CP,15.5077855,2460122.700139,2019-08-16 20:20:48,2023-09-14 16:02:01,302.114174,-54.317501,8.4362,6122.0,1.17,1
1055.01,320004517,CP,17.4713078,2458661.062711,2019-08-16 20:20:47,2024-10-01 10:08:01,293.286615,-54.532728,8.0888,5783.54,0.974669,1
1061.01,253990973,FP,0.540933,2458654.253249,2019-08-16 20:20:44,2021-10-29 12:59:15,284.688908,-41.242483,9.7345,5525.0,1.21935,0
1062.01,299799658,CP,4.1150576,2460177.200429,2019-08-16 20:20:47,2023-10-16 16:02:02,38.120968,-78.023683,9.478,5394.0,0.89,1
1064.01,79748331,CP,6.4438657,2458656.668478,2019-08-16 20:20:42,2024-04-25 10:08:01,296.003935,-47.56203,10.0059,4803.0,0.737189,1
1064.02,79748331,CP,12.2265595,2458664.490132,2019-08-16 20:20:42,2024-04-25 10:08:01,296.003935,-47.56203,10.0059,4803.0,0.737189,1
1070.01,31858844,FP,2.9776152,2458655.579241,2019-08-16 20:20:41,2021-10-29 12:59:15,289.478541,-32.861327,15.7114,5740.0,1.28,0
1072.01,140830390,FP,12.8379689,2459211.732146,2019-08-16 20:20:43,2021-10-29 12:59:15,75.627307,-72.913998,11.7106,5765.0,2.4494,0
1073.01,158297421,CP,3.9228016,2459036.472812,2019-08-16 20:20:43,2021-12-09 10:10:02,287.484402,-49.664942,13.6699,4444.0,0.6983,1
1075.01,351601843,CP,0.6047392,2458654.249503,2019-08-16 20:20:48,2024-09-09 10:08:01,309.971209,-65.449699,11.1186,4046.0,0.580337,1
1078.01,370133522,CP,0.5182425,2458654.10332,2019-08-16 20:20:48,2024-09-09 10:08:01,306.928646,-56.462287,10.1165,3325.0,0.390989,1
1080.01,161032923,CP,3.9652485,2458654.060577,2019-08-16 20:20:43,2026-03-03 12:06:51,276.368325,-52.214573,12.7067,3296.0,0.199988,1
1087.01,426077080,FP,9.30992,2458630.77194,2019-08-06 19:30:24,2021-10-29 12:59:15,238.001011,-76.49349,9.4142,6907.0,3.09,0
1088.01,343648136,FA,1.15395,2458626.38955,2019-08-06 19:30:24,2021-10-29 12:59:15,272.311383,-76.300955,10.4613,6093.0,1.4,0
1089.01,129319156,FP,4.73703,2458643.10264,2019-08-06 19:30:00,2021-10-29 12:59:15,228.84306,-52.885989,10.3918,11600.0,2.48,0
1090.01,361034196,FP,2.19296,2458628.96316,2019-08-06 19:30:00,2021-10-29 12:59:15,242.016315,-68.588832,10.0196,7009.8,2.95,0
1092.01,387079085,FP,1.1923,2458601.38096,2019-08-06 19:29:59,2021-10-29 12:59:15,217.022882,-64.634285,9.0039,6534.0,2.04,0
1093.01,382331352,FP,11.47606,2458601.33791,2019-08-06 19:29:59,2021-10-29 12:59:15,215.805264,-63.045983,10.0067,,,0
1096.01,375225453,FP,0.9209526,2459307.93577,2019-08-12 16:22:54,2021-10-29 12:59:15,133.826684,-73.173308,10.11,6553.0,2.8908899,0
1097.01,360630575,CP,9.188506,2459376.410518,2019-08-12 16:22:54,2024-09-10 10:08:02,189.775859,-74.57402,8.7215,5876.0,0.98,1
1097.02,360630575,CP,13.9028391,2459344.461827,2022-03-24 22:19:26,2023-03-03 12:03:04,189.775859,-74.57402,8.7215,5876.0,0.983215,1
1098.01,383390264,CP,10.1826983,2458629.909082,2019-08-16 20:20:49,2024-02-13 10:08:02,192.589285,-88.121111,8.7581,6153.0,1.14582,1
1099.01,290348383,CP,6.441006,2460140.220927,2019-08-16 20:20:46,2023-12-03 12:03:15,328.718171,-77.338802,7.3661,4867.0,0.8,1
1100.01,318608749,FP,20.0731588,2459044.494531,2019-08-15 15:39:13,2024-10-18 10:08:02,9.126138,-83.567067,10.5135,6033.0,1.14849,0
1101.01,271581073,FP,2.66903,2459058.79277,2019-08-15 15:39:15,2024-09-07 10:08:02,319.551469,-77.529113,10.5891,5803.5,1.56,0
1102.01,311890977,FP,6.63371,2458627.80423,2019-08-15 15:39:15,2024-09-07 10:08:02,263.003209,-76.858265,10.5652,4138.1,0.63,0
1104.01,451599528,FP,341.2791676,2458702.256022,2019-08-15 15:39:15,2025-12-11 16:00:01,279.721286,-85.709137,7.5622,6058.6,1.39203,0
1107.01,394561119,CP,4.0782392,2459336.073646,2019-08-15 15:39:15,2024-02-15 10:08:02,155.607863,-82.218869,10.0068,6501.0,1.74836,1
1108.01,295599256,FP,7.14386,2458655.54872,2019-08-15 15:39:15,2021-10-29 12:59:15,274.221618,-68.197779,9.941,7860.0,1.91,0
1109.01,50309953,FP,7.04083,2459083.35168,2019-08-15 15:39:14,2024-09-07 10:08:02,30.198486,-77.610376,9.7906,5317.0,0.91,0
1110.01,446549905,FP,2.4545635,2460146.990136,2019-08-15 15:39:14,2023-08-28 10:08:02,286.791829,-58.697242,9.6789,6610.0,1.64,0
1111.01,412014494,FP,11.4756978,2460131.889805,2019-08-15 15:39:14,2023-09-14 16:02:01,291.373783,-60.941042,9.3871,7262.0,2.13,0
1112.01,369864738,FP,2.7817956,2460879.801151,2019-08-15 15:39:13,2026-07-15 16:00:02,163.628917,-87.269735,9.5162,6819.0,2.21,0
1113.01,290348382,FP,6.4410082,2460140.221205,2019-08-15 15:39:14,2023-08-30 10:08:02,328.710839,-77.337433,9.66865,3469.0,0.53,0
1118.01,90919952,FP,4.13812,2458660.16316,2019-08-22 14:42:10,2021-10-29 12:59:15,277.432937,-44.625506,10.5084,4898.4,,0
1120.01,143257766,FP,1.66226,2458656.45082,2019-08-22 14:42:11,2022-07-14 16:02:02,293.389272,-45.892667,10.4063,7301.0,1.64,0
1121.01,24094603,FP,4.07611,2458658.61052,2019-08-22 14:42:11,2024-09-18 10:08:02,269.648642,-46.065523,11.0605,,,0
1122.01,304774444,FP,3.6245513,2460115.852574,2019-08-22 14:42:11,2023-08-02 16:02:01,281.369481,-52.262928,10.2934,6317.0,1.38,0
1126.01,405862830,FP,1.6268695,2460122.432108,2019-08-22 14:42:11,2023-08-02 16:02:01,279.062469,-43.620606,10.3579,5034.0,0.73,0
1127.01,269450900,FP,2.32439,2458657.63073,2019-08-22 14:42:11,2024-09-07 10:08:02,292.195297,-36.00026,7.3163,8268.5,,0
1128.01,425721385,FP,13.5499,2458663.15245,2019-08-22 14:42:11,2021-10-29 12:59:15,289.761799,-43.074223,9.7298,6209.0,1.63,0
1129.01,91576611,FP,4.43651,2458659.06927,2019-08-22 14:42:10,2021-10-29 12:59:15,284.157959,-29.398357,8.7823,7101.9,2.32,0
1130.01,254113311,CP,8.34998,2460144.137122,2019-08-22 14:42:11,2025-07-22 12:04:25,286.376004,-41.43764,10.1429,4236.0,0.74,1
1130.02,254113311,CP,4.0686405,2460126.924264,2019-09-03 17:42:04,2025-07-22 12:04:25,286.376004,-41.43764,10.1429,4236.0,0.741921,1
1132.01,267489265,FP,1.5502952,2460351.800169,2019-08-27 16:09:23,2024-03-04 10:08:01,298.781281,54.781445,9.2293,7851.0,1.86,0
1133.01,69997672,FP,1.80709,2458684.2349,2019-09-03 15:31:11,2021-10-29 12:59:15,294.824079,31.958037,9.11458,6244.0,2.2,0
1134.01,122220263,FP,18.6922101,2460333.437983,2019-09-03 15:31:11,2024-03-08 10:08:02,290.02096,36.637774,9.03609,6277.0,1.65,0
1135.01,154872375,CP,8.0277326,2460658.97426,2019-08-27 16:09:24,2025-07-18 16:00:01,193.39637,85.129495,9.02855,5962.7,1.15,1
1136.01,142276270,CP,12.5187279,2459612.447691,2019-08-27 12:09:00,2024-05-16 10:08:02,192.184898,64.855276,8.9361,5729.0,0.98,1
1136.02,142276270,CP,6.2586065,2460366.026514,2019-10-17 00:30:12,2024-05-08 10:08:01,192.184898,64.855276,8.9361,5729.0,0.98,1
1136.03,142276270,CP,26.3208756,2459594.183463,2019-11-15 23:57:09,2024-05-16 10:08:02,192.184898,64.855276,8.9361,5729.0,0.98,1
1136.04,142276270,CP,18.795547,2458697.755807,2020-07-16 04:56:45,2024-09-17 10:08:02,192.184898,64.855276,8.9361,5729.0,0.977727,1
1138.01,110428269,FP,0.64971,2458684.20504,2019-09-03 15:31:11,2021-10-29 12:59:15,291.463084,25.189437,8.90601,9994.0,2.59,0
1140.01,320525204,FP,13.7431084,2460637.861679,2019-08-27 16:09:25,2025-07-23 10:08:02,264.961539,56.078974,8.88797,5941.5,1.34,0
1141.01,159510109,FP,16.9487087,2460289.874408,2019-08-27 16:09:25,2024-05-17 10:08:01,247.534722,80.307766,8.8523,5894.7,1.1179,0
1142.01,284450803,FP,3.3686634,2460335.937572,2019-08-27 16:09:26,2024-03-04 10:08:01,290.708965,56.615386,8.64028,7518.0,2.68,0
1143.01,160268701,FP,11.2071839,2460352.734057,2019-08-27 16:09:26,2024-03-04 10:08:01,182.538652,77.352264,8.63287,6152.0,2.24,0
1145.01,350995812,FP,2.97164,2458685.81643,2019-09-03 15:31:11,2022-02-16 12:02:11,291.92142,36.529898,8.5011,8562.5,,0
1146.01,21755546,FP,0.660179,2459420.415267,2019-09-03 15:31:11,2022-02-16 10:10:02,292.286802,30.297329,8.40386,8598.7,2.62432,0
1147.01,288391628,FP,10.9278415,2460331.315598,2019-08-27 16:09:23,2024-03-04 10:08:01,266.962207,83.428826,8.36544,6259.0,2.92,0
1152.01,237184773,FA,6.5011911,2459392.715052,2019-09-03 15:31:12,2022-08-15 16:02:01,283.489697,37.380825,8.0348,5485.0,,0
1155.01,161450762,FP,1.32003,2458683.92594,2019-09-03 15:31:11,2021-10-29 12:59:15,309.275852,32.471019,9.711,,,0
1156.01,117256577,FP,1.6865822,2459443.850453,2019-09-03 15:31:12,2022-02-16 12:02:11,300.419309,26.971662,9.7032,,,0
1157.01,147576037,FP,13.0727479,2459603.765773,2019-08-27 16:09:25,2022-08-18 12:02:41,144.341393,68.458705,9.6043,5709.8,3.59,0
1158.01,379931600,FP,2.9258727,2459446.175877,2019-09-03 15:31:11,2024-09-12 10:08:02,293.427359,29.596296,9.5967,4884.5,1.3,0
1159.01,48188920,FP,0.73774,2458683.94707,2019-08-27 16:09:26,2021-10-29 12:59:15,282.42081,48.098942,9.5937,6449.5,2.1,0
1160.01,89510024,FP,2.3664127,2459446.146751,2019-09-03 15:31:10,2022-10-05 16:02:02,301.317709,30.67067,9.577,,,0
1164.01,16102323,FP,3.2077145,2459822.312844,2019-09-03 15:31:11,2022-10-03 16:02:02,307.336613,37.508561,9.329701,,,0
1166.01,138361973,FP,1.8824539,2460556.103196,2019-09-03 15:31:12,2024-10-08 10:08:02,293.764981,37.53859,9.7604,5900.4,1.13,0
1167.01,232967666,FP,15.196,2458689.11633,2019-08-27 16:09:25,2021-10-29 12:59:15,198.152378,71.618139,10.3874,5807.0,1.14,0
1168.01,41330864,FP,2.1358631,2460363.632024,2019-09-03 15:31:11,2024-04-10 10:08:02,301.710466,38.431023,10.381,5969.0,1.5,0
1170.01,294176967,FP,1.8296155,2460556.995021,2019-08-27 16:09:24,2024-12-17 16:02:02,300.805115,52.040842,10.349,7875.0,3.5,0
1171.01,101929303,FP,11.1876137,2460541.381489,2019-09-03 15:31:11,2024-10-08 10:08:02,299.273862,35.988359,10.3075,7266.0,2.05,0
1172.01,1717732429,FP,7.8513949,2460634.945689,2019-08-27 16:09:24,2025-07-23 16:00:01,282.474539,55.26639,10.3018,,,0
1173.01,232967440,CP,7.0643978,2460341.784305,2019-08-27 16:09:26,2024-03-29 10:08:02,197.683097,70.768012,10.2938,5429.6,0.96,1
1174.01,154089169,CP,8.9534775,2460355.403307,2019-08-27 16:09:26,2025-04-20 12:03:53,209.217175,68.618211,10.2549,5029.5,0.76,1
1175.01,30329585,FP,7.5022708,2459437.549479,2019-09-03 15:31:12,2024-05-17 10:08:01,289.238688,31.323574,10.2026,6229.0,1.27,0
1177.01,169177766,FP,1.692892,2460556.672243,2019-09-03 15:31:11,2024-10-10 10:08:04,297.30004,41.326844,10.1617,9121.5,2.1,0
1178.01,359496368,FP,2.6652007,2460646.783967,2019-08-27 16:09:26,2025-07-23 16:00:01,279.101036,55.391781,10.1358,4043.4,0.56,0
1180.01,158002130,CP,9.6867516,2460473.411486,2019-08-27 16:09:25,2025-04-20 12:03:53,214.555774,82.193764,10.112,4738.1,0.73,1
1181.01,229510866,CP,2.1031647,2460556.242383,2019-08-27 16:09:24,2024-11-14 10:08:02,297.215817,64.354351,10.079,6122.0,1.93,1
1182.01,341544930,FP,7.6416041,2460386.22206,2019-08-27 16:09:26,2024-05-23 10:08:02,201.614657,65.306346,10.0049,6496.7,2.05,0
1183.01,258777137,FP,5.9294088,2460654.565628,2019-08-27 16:09:27,2025-07-23 10:08:02,286.74712,71.712377,9.9478,5095.6,1.06,0
1184.01,233087860,CP,5.7484439,2460558.350441,2019-08-27 16:09:26,2025-04-20 12:03:53,272.20452,60.678785,9.9469,4534.0,0.69,1
1185.01,83210867,FP,1.1967018,2460532.182655,2019-09-03 15:31:12,2024-09-10 10:08:02,297.459433,34.829667,9.94025,5997.0,1.73,0
1186.01,289539327,FP,11.2464616,2460649.2545,2019-08-27 16:09:25,2025-07-23 10:08:02,251.633465,65.715035,9.92402,6115.7,2.01,0
1188.01,15247229,FP,8.5112,2458687.19253,2019-09-03 15:31:12,2021-10-29 12:59:15,306.730853,38.93227,9.886581,8156.0,,0
1191.01,237185205,FP,15.7335693,2459441.423236,2019-08-27 16:09:24,2021-10-29 12:59:15,283.526697,37.720014,9.7831,6800.0,2.21,0
1193.01,89643259,FP,2.2219839,2460337.368138,2019-09-03 15:31:12,2024-03-18 10:08:02,301.41088,33.049205,10.4813,7166.8,1.87,0
1194.01,147950620,CP,2.3106428,2460367.07216,2019-08-27 16:09:25,2025-04-20 12:03:53,167.821481,69.964775,10.4782,5339.9,0.99,1
1195.01,24364065,FP,4.05135,2458686.84696,2019-09-03 15:31:11,2021-10-29 12:59:15,291.12047,33.273702,10.4717,4974.4,3.85,0
1199.01,99869022,CP,3.6714717,2460360.434669,2019-08-27 16:09:24,2024-05-08 10:08:01,166.880658,61.352572,10.4221,5618.0,1.54,1
1200.01,288185138,FP,0.8352406,2460365.995576,2019-08-27 16:09:24,2024-04-18 10:08:02,222.841424,82.952258,10.402,6105.0,1.24,0
1201.01,29960110,CP,2.4919771,2458411.670877,2019-01-31 17:54:44,2024-05-17 10:08:01,42.2477,-14.537283,10.9473,3948.0,0.482388,1
1202.01,327017634,FP,,2458614.434411,2019-08-26 21:37:01,2024-05-17 10:08:01,210.427355,-63.852645,8.386,3773.0,0.577983,0
1203.01,23434737,CP,25.5195307,2458553.062116,2019-08-26 21:36:04,2025-07-28 12:04:23,168.226736,-34.406937,7.9995,5742.22,1.17321,1
1206.01,308034948,FP,0.831542,2458569.713498,2019-08-26 21:36:57,2021-10-29 12:59:15,180.325704,-60.200439,8.6014,5824.0,1.1512,0
1210.01,33878688,FP,79.3739596,2459187.361317,2019-08-26 21:36:08,2024-09-18 10:08:02,66.221959,-73.333516,11.1762,5168.33,0.77,0
1213.01,399144800,FP,27.2149622,2458576.189436,2019-08-26 21:37:16,2024-09-18 10:08:02,163.198824,-67.387472,10.6392,6270.0,0.989667,0
1221.01,349095149,CP,91.6827832,2458404.181466,2019-08-26 21:37:04,2024-09-07 10:08:02,107.921025,-65.508857,10.0564,5802.0,1.01814,1
1223.01,382437043,FP,14.64319,2458337.747012,2019-08-26 21:37:13,2024-09-19 10:08:01,117.214876,-63.720125,9.3109,6516.0,2.04178,0
1224.01,299798795,CP,4.1782656,2458327.705053,2019-08-26 21:36:51,2025-04-20 12:03:53,37.197836,-80.899105,11.556,3442.0,0.404403,1
1224.02,299798795,CP,17.9453645,2458329.862603,2024-03-14 22:31:28,2025-04-20 12:03:53,37.197836,-80.899105,11.556,3442.0,0.404403,1
1227.01,360156606,CP,27.3613778,2458617.479256,2019-08-26 21:37:09,2024-02-15 10:08:02,186.767363,-72.45185,13.802,3050.0,0.44128,1
1228.01,300038935,CP,29.0496801,2460904.701871,2019-08-26 19:21:33,2026-04-09 16:00:01,107.843685,-68.83334,9.0963,8208.0,1.8,1
1230.01,287156968,CP,25.0571312,2458620.316686,2019-08-26 19:21:33,2024-02-15 10:08:02,118.129594,-83.825063,9.6245,5696.0,1.15281,1
1231.01,447061717,CP,24.2454967,2458563.890468,2019-08-26 19:21:34,2024-09-18 10:08:02,156.74726,-52.467872,10.2565,3535.0,0.465271,1
1232.01,364395234,CP,14.2545623,2460938.773643,2019-08-26 19:20:39,2026-05-21 10:08:02,116.501399,-61.879794,11.7835,5739.0,1.09597,1
1233.01,260647166,CP,14.1758947,2459308.481159,2019-08-26 19:21:33,2024-07-03 12:03:06,186.574063,-51.363052,8.6522,5723.87,0.864173,1
1233.02,260647166,CP,19.5901578,2459311.402774,2019-08-26 19:21:33,2024-07-03 12:03:06,186.574063,-51.363052,8.6522,5723.87,0.864173,1
1233.03,260647166,CP,6.2036219,2459310.632995,2019-08-26 19:21:33,2024-07-03 12:03:06,186.574063,-51.363052,8.6522,5723.87,0.864173,1
1233.04,260647166,CP,3.79589,2458572.107559,2019-08-26 19:21:33,2022-03-30 16:02:02,186.574063,-51.363052,8.6522,5723.87,0.864173,1
1234.01,90504905,FP,2.2645386,2458685.613152,2019-10-17 00:30:12,2023-09-08 12:03:07,290.57223,26.319493,13.7991,3443.0,0.411471,0
1235.01,103633434,CP,3.4447015,2460333.631473,2019-10-17 00:30:12,2024-04-02 10:08:02,152.218255,69.27662,9.91924,3912.0,0.63,1
1238.01,153951307,CP,3.2947689,2458684.28731,2019-10-17 00:30:12,2025-08-01 10:05:58,201.382339,68.836068,11.2582,3853.0,0.62326,1
1238.02,153951307,CP,0.7645807,2458684.104681,2019-11-15 23:57:09,2025-08-01 10:05:58,201.382339,68.836068,11.2582,3853.0,0.62326,1
1243.01,219698776,CP,4.6595169,2459598.143164,2019-10-17 00:30:12,2026-01-14 12:03:42,135.732641,71.636416,11.1966,3489.0,0.490729,1
1244.01,219850915,CP,6.4002807,2459913.810947,2019-10-17 00:30:12,2025-04-20 12:03:53,256.279559,69.519093,11.0157,4599.0,0.720551,1
1246.01,230127302,CP,18.6548829,2459733.643821,2019-10-17 00:30:12,2023-02-24 10:10:01,251.11587,70.429992,11.1802,5141.0,0.876154,1
1246.02,230127302,CP,4.3074513,2459737.587215,2019-10-17 00:30:12,2023-06-13 16:02:07,251.11587,70.429992,11.1802,5141.0,0.876154,1
1246.03,230127302,CP,5.9041278,2459740.304262,2019-11-15 23:57:09,2023-06-13 16:02:07,251.11587,70.429992,11.1802,5141.0,0.876154,1
1246.04,230127302,CP,37.9251983,2458700.697302,2020-07-16 04:56:45,2023-06-13 16:02:07,251.11587,70.429992,11.1802,5141.0,0.876154,1
1247.01,232540264,CP,15.9234883,2460311.844914,2019-10-17 00:30:12,2025-04-20 12:03:53,227.867864,71.841296,8.4724,5711.85,1.08,1
1248.01,232612416,CP,4.3601536,2458687.1215,2019-10-17 00:30:12,2025-04-20 12:03:53,259.023592,63.105607,11.1153,5227.0,0.874131,1
1249.01,232976128,CP,13.0791581,2460342.349121,2019-10-17 00:30:12,2025-04-20 12:03:53,200.561576,66.308533,10.2108,5453.0,1.0,1
1250.01,233059608,FA,1.4415044,2458683.642967,2019-10-17 00:30:12,2023-05-10 10:10:02,269.807391,64.142644,6.895,6603.0,1.58365,0
1253.01,233684822,FP,4.6756655,2460658.633557,2019-10-17 00:30:12,2025-07-23 10:08:02,260.902889,64.862363,9.89947,5779.0,1.45,0
1255.01,237222864,CP,10.288886,2460646.544681,2019-10-17 00:30:12,2025-07-23 10:08:02,296.24462,74.062858,9.1416,5126.0,0.87,1
1256.01,274762761,FP,1.0332441,2458683.947476,2019-10-17 00:30:12,2021-10-29 12:59:15,301.346363,38.228325,13.5608,2972.0,0.156193,0
1259.01,288735205,CP,3.4779776,2459764.874089,2019-10-17 00:30:12,2023-06-13 16:02:07,282.100166,79.256476,11.1534,4699.0,0.765001,1
1260.01,355867695,CP,3.1274634,2459634.760516,2019-10-17 00:30:12,2022-11-09 16:02:01,157.144071,65.854199,10.8116,4225.0,0.693431,1
1260.02,355867695,CP,7.4931613,2458686.119718,2019-10-17 00:30:12,2022-11-09 16:02:01,157.144071,65.854199,10.8116,4225.0,0.693431,1
1260.03,355867695,CP,49.825166,2458879.323459,2022-02-28 23:51:55,2022-12-09 12:02:39,157.144071,65.854199,10.8116,4225.0,0.693431,1
1266.01,467179528,CP,10.8948421,2459649.751299,2019-10-17 00:30:12,2022-11-09 16:02:01,197.996583,65.833697,11.0402,3618.0,0.435666,1
1266.02,467179528,CP,18.8016111,2459630.046434,2019-11-15 23:57:09,2022-11-09 16:02:01,197.996583,65.833697,11.0402,3618.0,0.435666,1
1268.01,142394656,CP,8.157721,2460359.607231,2019-10-17 00:30:12,2024-05-08 10:08:01,198.388583,62.30538,10.1495,5091.2,0.9,1
1269.01,198241702,CP,4.2529641,2458686.60881,2019-10-17 00:30:12,2025-04-20 12:03:53,249.69664,64.559181,10.9897,5591.0,0.848906,1
1270.01,237200747,FP,14.3034613,2459695.445887,2019-10-17 00:30:12,2022-08-18 12:02:41,293.032494,74.891073,11.463,5056.6,0.83,0
1272.01,417948359,CP,3.3159772,2459661.401357,2019-10-17 00:30:12,2023-03-03 12:03:04,199.196204,49.861059,11.0244,4972.7,0.81,1
1273.01,445859771,CP,4.6313014,2459684.920137,2019-10-17 00:30:12,2024-02-13 12:03:01,214.120856,58.390253,10.418,5736.0,1.07,1
1275.01,13499636,FA,11.3246821,2458714.596964,2019-10-17 00:30:12,2023-06-18 12:02:58,320.201905,28.055829,10.5954,5518.0,0.824734,0
1276.01,43064903,FA,6.261169,2459770.682182,2019-10-17 00:30:12,2022-10-06 16:02:01,302.669134,40.668628,12.5405,3145.0,0.211257,0
1277.01,153949511,FA,,2458729.542462,2019-10-17 00:30:12,2022-11-15 16:02:02,172.747799,66.796529,9.76775,5544.0,0.857648,0
1278.01,163539739,CP,14.4751062,2459826.540249,2019-10-17 00:30:12,2023-06-13 16:02:07,320.478444,35.648625,11.7819,3841.0,0.55035,1
1279.01,224297258,CP,9.6141636,2459659.673503,2019-10-17 00:30:12,2025-04-20 12:03:53,185.062873,56.201409,9.99454,5477.0,0.840608,1
1284.01,267561446,FP,1.283251,2458711.815604,2019-10-17 00:30:12,2021-10-29 12:59:15,311.513651,56.86715,12.5313,3855.0,0.560391,0
1285.01,274662200,FP,1.2284388,2458712.3664,2019-10-17 00:30:12,2021-10-29 12:59:15,316.86724,46.865373,10.9313,3526.0,0.53023,0
1288.01,365733349,CP,2.6998294,2460445.649979,2019-10-17 00:30:12,2024-08-24 10:08:02,313.167029,65.608783,9.93119,6180.0,0.92,1
1289.01,408203470,FP,0.581322,2458711.410631,2019-10-17 00:30:12,2021-10-29 12:59:15,307.210941,33.413959,12.9984,3446.0,0.38621,0
1292.01,199688472,FP,1.4412175,2460351.142333,2019-10-17 00:30:12,2024-03-04 10:08:01,253.14033,57.97415,9.84566,5672.9,1.46,0
1294.01,219015370,CP,3.9152737,2459663.161776,2019-10-17 00:30:12,2024-02-13 12:03:01,223.092641,70.476557,10.9458,5714.0,1.58,1
1295.01,219852584,CP,3.1968838,2459913.379043,2019-10-17 00:30:12,2025-04-20 12:03:53,256.672203,67.871503,10.7973,6470.0,1.59715,1
1296.01,219854185,CP,3.9443668,2459766.962599,2019-10-17 00:30:12,2023-06-13 16:02:07,256.770639,70.238481,10.8041,5494.0,1.75475,1
1297.01,229536616,FP,3.93034,2458686.93866,2019-10-17 00:30:12,2021-10-29 12:59:15,195.821133,67.823436,10.9873,6292.0,1.37,0
1298.01,237104103,CP,4.5371361,2459764.419877,2019-10-17 00:30:12,2023-06-13 16:02:07,241.322901,70.19004,10.9585,5731.0,1.48668,1
1299.01,258777134,FP,5.929405,2459599.130762,2019-10-17 00:30:12,2022-02-07 16:02:02,286.74788,71.7136,10.451,,,0
1301.01,356867115,CP,6.0964074,2459710.294209,2019-10-17 00:30:12,2025-04-20 12:03:53,275.862543,71.581748,10.5216,4820.4,0.731699,1
1303.01,185405474,FP,1.56029,2458684.13635,2019-10-17 00:30:12,2021-10-29 12:59:15,301.717674,45.499227,9.87278,6897.0,2.29,0
1304.01,186000935,FP,8.8735214,2460552.790682,2019-10-17 00:30:12,2024-10-08 10:08:02,303.072972,44.495878,9.76577,5992.0,1.18,0
1305.01,232679662,FP,7.8513774,2460650.647652,2019-10-17 00:30:12,2025-07-23 10:08:02,282.474539,55.26639,10.3018,,,0
1306.01,233735068,FP,7.6869063,2459852.045455,2019-10-17 00:30:12,2022-11-07 16:02:02,277.476856,61.049501,10.0194,5147.3,3.07,0
1308.01,277014266,FP,1.3797091,2459446.290468,2019-10-17 00:30:12,2022-02-16 12:02:11,306.425841,53.561615,10.6168,5924.0,2.67,0
1309.01,287190564,FP,1.49861,2458684.76284,2019-10-17 00:30:12,2021-10-29 12:59:15,292.50517,54.108503,10.6229,8590.0,,0
1310.01,294179389,FP,2.6796,2458685.4705,2019-10-17 00:30:12,2021-10-29 12:59:15,300.83864,53.29562,10.5742,5938.0,1.32,0
1312.01,405904232,FP,11.0765063,2460549.082741,2019-10-17 00:30:12,2024-12-14 12:02:56,301.562631,52.164181,10.1098,6460.0,1.86,0
1313.01,11111899,FP,0.6193401,2460557.800973,2019-10-17 00:30:12,2024-10-10 10:08:04,303.824831,36.651807,9.6996,7812.5,1.79,0
1314.01,136848581,FP,2.6400663,2460365.8222,2019-10-17 00:30:12,2024-04-17 10:08:01,317.7479,43.551895,9.90482,5155.0,2.72,0
1315.01,137284119,FP,2.5778717,2459820.409101,2019-10-17 00:30:12,2022-10-03 16:02:02,318.235161,46.26809,9.14819,8321.0,3.16,0
1316.01,15565627,FP,3.80509,2458684.06072,2019-10-17 00:30:12,2021-10-29 12:59:15,307.016647,39.87713,10.3332,6555.5,2.35,0
1317.01,165523947,FP,2.99041,2458711.85776,2019-10-17 00:30:12,2024-10-10 10:08:04,316.813885,40.167172,10.2918,8542.0,3.56,0
1319.01,167098530,FP,0.890967,2459823.85374,2019-10-17 00:30:12,2022-10-03 10:10:02,318.627107,40.017017,9.3213,5159.2,0.87,0
1321.01,195199644,FP,1.19888,2458712.25971,2019-10-17 00:30:12,2021-10-29 12:59:15,313.536475,37.789356,10.0849,7315.0,5.46,0
1323.01,256886630,FP,2.03905,2458713.20059,2019-10-17 00:30:12,2021-10-29 12:59:15,329.385067,41.449509,8.26618,9003.0,2.68,0
1324.01,266688542,FP,2.9424142,2460389.230214,2019-10-17 00:30:12,2024-05-16 10:08:02,321.02381,46.384673,10.1894,6854.0,1.79,0
1325.01,274942910,FP,1.0793011,2460393.552555,2019-10-17 00:30:12,2024-05-16 10:08:02,322.92657,41.797465,9.9809,4349.3,0.67,0
1326.01,275111900,FP,8.0428575,2459823.091016,2019-10-17 00:30:12,2023-08-14 16:02:02,323.206851,39.072196,8.6746,8286.0,,0
1328.01,330332501,FP,4.0157492,2459819.789519,2019-10-17 00:30:12,2023-05-24 12:02:59,315.110366,46.060449,10.3599,6585.0,2.07,0
1329.01,345996087,FP,2.01976,2458712.72322,2019-10-17 00:30:12,2021-10-29 12:59:15,327.480039,44.08006,10.2835,7274.6,1.72,0
1330.01,357457104,FP,1.748054,2459852.148977,2019-10-17 00:30:12,2023-02-06 10:10:02,315.540896,45.775741,9.521,,,0
1331.01,387664866,FP,2.65646,2458712.51758,2019-10-17 00:30:12,2021-10-29 12:59:15,323.548627,50.481445,9.08409,6135.4,3.98,0
1332.01,387664868,FP,2.65688,2458712.51369,2019-10-17 00:30:12,2021-10-29 12:59:15,323.550356,50.481865,10.8823,,,0
1333.01,395171208,CP,4.7201912,2459847.968306,2019-10-17 00:30:12,2026-06-10 12:04:06,325.014536,48.406767,9.03527,6696.0,1.8,1
1334.01,42123111,FP,4.03349,2458686.4671,2019-10-17 00:30:12,2021-10-29 12:59:15,302.220069,38.245221,9.5526,11348.0,6.37,0
1335.01,89759617,FP,3.3295394,2459817.659426,2019-10-17 00:30:12,2022-10-03 10:10:02,301.564685,35.588396,10.4806,7965.0,2.35,0
1336.01,92783821,FP,3.8615978,2459442.068334,2019-10-17 00:30:12,2022-02-16 12:02:11,303.017318,35.524628,10.2115,7396.0,2.45,0
1338.01,260128333,CP,95.174,2459238.21949,2019-10-29 00:00:00,2024-08-13 12:02:59,92.133096,-59.540985,11.4881,5723.2,1.51811,1
1339.01,269701147,CP,8.8803281,2460651.26694,2019-10-30 15:08:00,2025-07-23 10:08:02,302.025625,66.850301,8.2929,5555.7,0.92,1
1339.02,269701147,CP,28.580474,2460612.35145,2019-10-30 15:08:00,2025-07-23 10:08:02,302.025625,66.850301,8.2929,5555.7,0.920435,1
1339.03,269701147,CP,38.3511223,2460661.127783,2019-11-15 23:57:09,2025-07-23 10:08:02,302.025625,66.850301,8.2929,5555.7,0.920435,1
1340.01,233681149,FP,8.5865509,2458683.690471,2019-10-30 21:47:36,2026-05-26 16:00:01,260.36481,65.012281,10.8037,5929.0,0.987583,0
1341.01,233390838,FP,6.4474918,2459820.572994,2019-10-30 21:47:36,2022-12-05 16:02:02,301.559262,59.490771,9.53591,6477.6,1.69,0
1342.01,256621916,FP,1.4136455,2460352.578093,2019-10-30 21:47:36,2024-04-22 10:08:02,300.488392,60.246367,10.4243,5869.0,,0
1343.01,358631536,FP,3.4040139,2460552.940939,2019-10-30 21:47:36,2024-10-11 10:08:01,317.575459,48.464282,10.0062,9622.0,1.65,0
1344.01,1400770435,FP,13.7432169,2460637.867682,2019-10-30 21:47:36,2025-07-23 16:00:01,264.961539,56.078974,8.88797,5941.5,1.4,0
1346.01,219852882,CP,5.5025577,2459766.224945,2019-10-30 21:47:36,2025-08-09 12:03:57,256.622675,68.843303,10.7261,4965.0,0.784109,1
1346.02,219852882,CP,1.7622537,2459741.887113,2020-02-21 21:35:16,2025-08-09 12:03:57,256.622675,68.843303,10.7261,4965.0,0.784109,1
1347.01,229747848,CP,0.8474218,2459664.026959,2019-10-30 21:47:36,2025-04-20 12:03:53,280.326681,70.290054,10.7157,5300.0,0.846387,1
1347.02,229747848,CP,4.8420438,2459656.582609,2020-07-16 04:56:45,2025-04-20 12:03:53,280.326681,70.290054,10.7157,5300.0,0.846387,1
1348.01,229770036,FP,2.14056,2458684.50173,2019-10-30 21:47:36,2021-10-29 12:59:15,282.173361,70.840191,10.6666,4567.0,0.84,0
1353.01,279177746,FP,4.4350025,2460551.553803,2019-10-30 21:47:36,2024-11-14 10:08:02,313.885156,46.502085,10.1503,9706.0,1.87,0
1354.01,365683032,FP,1.4287976,2460556.601695,2019-10-30 21:47:36,2024-10-01 10:08:01,312.179957,51.910696,8.78822,9224.0,1.65,0
1357.01,357972447,FP,0.33759,2460393.796914,2019-10-30 21:47:36,2024-05-13 10:08:02,316.955806,50.500883,10.2193,7387.0,1.37,0
1358.01,275501623,FP,1.67346,2458739.59911,2019-10-30 21:47:36,2021-10-29 12:59:15,320.116115,61.12025,8.63701,10445.0,2.45,0
1359.01,416624606,FP,2.5152549,2459821.804188,2019-10-30 21:47:36,2022-10-03 16:02:02,310.038053,50.323742,10.2732,5915.0,2.11,0
1360.01,330468175,FP,0.70902,2458739.28,2019-10-30 21:47:36,2022-02-13 12:02:14,315.166199,47.785991,10.0146,8999.0,2.36,0
1363.01,230017325,FP,9.6926509,2460649.216907,2019-10-30 21:47:36,2025-07-23 10:08:02,291.469121,61.776068,10.3843,6012.0,3.51,0
1365.01,367099243,FP,1.8286961,2460421.898853,2019-10-30 21:47:36,2024-07-26 10:08:01,317.729186,72.615356,10.4849,6046.3,1.23,0
1366.01,120602501,FP,14.8626982,2459830.772785,2019-10-30 21:47:36,2023-08-18 16:02:02,337.686813,40.003763,8.48216,5705.0,1.73364,0
1367.01,129539786,FP,2.0881134,2459850.248203,2019-10-30 21:47:36,2022-11-07 16:02:02,343.953614,39.645117,9.24102,6255.8,1.7,0
1368.01,136971594,FP,1.25562,2458711.81369,2019-10-30 21:47:36,2021-10-29 12:59:15,317.966114,43.592849,9.1384,5717.0,1.72,0
1369.01,155005217,FP,7.6047417,2459867.206961,2019-10-30 21:47:36,2023-05-24 12:02:59,345.243825,42.549318,10.4216,9139.0,1.8,0
1370.01,155114483,FP,5.2651271,2459877.368408,2019-10-30 21:47:36,2022-12-05 16:02:02,345.748458,44.564848,9.25068,8728.0,1.7,0
1372.01,164150539,FP,6.1600888,2459850.543759,2019-10-30 21:47:36,2022-11-07 16:02:02,335.753569,30.572726,10.3126,5772.0,1.55,0
1374.01,190430205,FP,1.06884,2458712.06866,2019-10-30 21:47:37,2021-10-29 12:59:15,324.922517,46.220215,9.8261,9222.0,4.94,0
1375.01,190442486,FP,5.4561177,2459850.13104,2019-10-30 21:47:37,2022-11-07 16:02:02,324.935562,41.950794,10.4568,7465.0,1.51,0
1376.01,190743990,FP,1.7380504,2460582.487167,2019-10-30 21:47:37,2024-12-18 16:02:01,325.787112,45.646806,10.2566,6026.0,1.45,0
1377.01,240613164,FP,1.99143,2458712.05324,2019-10-30 21:47:37,2021-10-29 12:59:15,326.305217,45.812547,10.1441,9458.2,,0
1378.01,249812036,FP,5.7785318,2460561.395306,2019-10-30 21:47:37,2024-11-21 10:08:02,339.785541,49.426562,9.624,8224.0,2.92,0
1380.01,274170255,FP,1.41072,2458712.04951,2019-10-30 21:47:37,2021-10-29 12:59:15,316.446344,46.845151,9.32845,5197.0,3.84,0
1382.01,276360911,FA,0.44482,2458738.89623,2019-10-30 21:47:37,2021-10-29 12:59:15,329.05345,55.740977,9.62426,7184.0,1.88,0
1383.01,313506357,FP,1.532703,2459880.029372,2019-10-30 21:47:37,2022-12-12 16:02:01,347.757547,45.93369,9.5621,6023.1,1.39,0
1384.01,328167090,FP,0.7131492,2459880.756663,2019-10-30 21:47:37,2022-12-12 16:02:01,331.663464,55.686255,10.0009,5128.9,1.93,0
1385.01,329864959,FP,4.52318,2458739.96744,2019-10-30 21:47:37,2021-10-29 12:59:15,333.245043,53.98452,8.437,,,0
1386.01,343019899,CP,25.8386422,2460561.017924,2019-10-30 21:47:37,2024-12-12 16:02:02,334.504103,54.319045,10.0618,5769.0,1.03,1
1387.01,343442463,FP,0.78381,2458739.5222,2019-10-30 21:47:37,2021-10-29 12:59:15,341.518718,55.162935,8.95861,7842.0,1.72,0
1390.01,365389353,FP,2.6380089,2460605.160178,2019-10-30 21:47:37,2024-12-17 16:02:02,323.86462,51.323577,10.3093,7495.0,2.5,0
1391.01,389182138,FP,2.7260173,2460610.162144,2019-10-30 21:47:37,2024-12-04 16:02:02,343.635061,54.161814,10.4602,5256.0,0.79,0
1392.01,416987878,FP,2.86876,2458712.7665,2019-10-30 21:47:37,2021-10-29 12:59:15,322.892141,50.320713,10.399,8342.0,2.65,0
1393.01,430528566,FP,0.5590256,2460405.442909,2019-10-30 21:47:37,2024-05-21 10:08:02,333.171245,52.900886,10.1993,,1.35,0
1394.01,431156009,FP,2.958148,2460403.663304,2019-10-30 21:47:37,2024-05-16 10:08:02,340.395784,51.965285,9.44275,6294.0,1.58,0
1395.01,468472950,FP,0.98736,2458712.35831,2019-10-30 21:47:37,2022-08-19 12:02:36,321.283221,40.887821,10.1277,6301.3,1.69,0
1396.01,468845640,FP,3.99307,2458741.72914,2019-10-30 21:47:37,2021-10-29 12:59:15,337.8341,53.796052,10.3217,4731.1,0.93,0
1397.01,64553698,FP,8.6795072,2458965.050909,2019-10-30 21:47:37,2022-12-12 16:02:01,338.452968,57.563539,10.1799,6057.0,1.14,0
1399.01,66783360,FP,1.3812787,2459881.30632,2019-10-30 21:47:37,2023-05-24 12:02:59,341.970903,49.918072,10.2107,6483.0,1.38,0
1400.01,258801269,FP,5.48923,2458689.02568,2019-10-30 21:47:37,2021-10-29 12:59:15,287.025089,66.290697,10.938,6004.0,1.62,0
1401.01,259126549,FP,7.3845072,2459658.948928,2019-10-30 21:47:37,2022-07-12 16:02:02,291.411851,69.11298,10.9828,6149.2,1.43,0
1402.01,259129875,FP,0.43889,2458684.09715,2019-10-30 21:47:37,2021-10-29 12:59:15,291.880247,68.014695,10.5896,7111.0,2.32,0
1403.01,328750515,FP,2.3359622,2459825.344785,2019-10-30 21:47:37,2022-12-08 10:10:02,332.287103,57.938972,10.7387,7577.0,2.0780001,0
1405.01,387834907,FP,12.64001,2458739.88011,2019-10-30 21:47:37,2022-07-18 16:02:01,315.669109,70.0803,8.4239,5195.1,,0
1406.01,231736113,CP,10.5739824,2459218.231402,2019-10-31 22:56:30,2021-10-29 12:59:15,82.127963,-48.409067,11.4266,6519.0,1.27,1
1408.01,364186197,CP,4.4247042,2460661.181674,2019-11-06 20:55:18,2025-07-23 16:00:01,313.511047,72.580646,8.82374,6594.0,1.49,1
1410.01,199444169,CP,1.2168732,2459850.737058,2019-11-06 20:55:18,2025-04-20 12:03:53,334.882849,42.560314,10.1917,4634.6,0.78,1
1411.01,116483514,CP,1.4520486,2460447.085367,2019-11-06 20:55:18,2024-08-15 10:08:02,232.946047,47.055551,9.1043,4184.0,0.69,1
1416.01,158025009,CP,1.0697621,2460423.263435,2019-11-06 20:55:18,2024-11-15 16:02:02,216.923489,41.952986,9.0739,4946.0,0.8,1
1417.01,164173105,CP,3.0726434,2459827.0017,2019-11-06 20:55:18,2023-06-13 16:02:07,335.825303,35.03492,8.51017,7164.0,1.55831,1
1418.01,224600500,FA,0.6763235,2458684.277966,2019-11-06 20:55:18,2022-10-04 16:02:02,254.958579,58.462633,6.76754,8475.0,2.9486499,0
1420.01,321857016,CP,6.9561134,2459830.458192,2019-11-06 20:55:18,2025-04-20 12:03:53,322.941809,66.349005,11.2287,5387.0,0.940037,1
1421.01,329277372,FP,2.8879675,2459854.509943,2019-11-06 20:55:18,2025-11-14 12:03:41,332.630396,57.282437,10.5998,5780.0,,0
1422.01,333473672,CP,13.001789,2459864.063759,2019-11-06 20:55:19,2023-06-13 16:02:07,354.240829,39.639279,10.1308,5914.0,1.00826,1
1423.01,346418409,FP,2.7556532,2458740.961818,2019-11-06 20:55:19,2022-09-23 12:03:10,344.609651,39.658712,10.9243,4993.0,0.696945,0
1424.01,418959198,FP,4.8962484,2459827.504099,2019-11-06 20:55:19,2025-10-24 12:03:57,344.907267,36.517666,10.5152,4528.99,0.799965,0
1426.01,128501004,FP,0.78999,2458739.0012,2019-11-12 16:59:56,2021-10-29 12:59:15,339.03342,37.841042,9.76952,5558.0,1.1,0
1427.01,2041563029,FP,12.80758,2458747.00971,2019-11-12 16:59:56,2021-10-29 12:59:15,346.517442,43.898633,10.0526,5094.4,0.63,0
1428.01,377304435,FP,11.35626,2458691.56061,2019-11-12 16:59:56,2021-10-29 12:59:15,287.050161,55.303691,10.8475,6314.0,2.14,0
1429.01,138968089,FP,0.6412558,2458711.558151,2019-11-14 17:07:14,2021-10-29 12:59:15,295.101088,40.986723,11.6459,5854.65,1.47292,0
1430.01,293954617,CP,7.4341456,2460549.311109,2019-11-14 17:07:14,2024-11-14 10:08:02,300.615453,53.377442,8.3879,5064.0,0.78,1
1431.01,375506058,CP,2.650232,2460554.58625,2019-11-14 17:07:14,2024-11-06 10:08:02,316.203692,55.588022,7.79824,7400.0,1.94,1
1437.01,198356533,CP,18.840891,2460660.183368,2019-11-14 17:07:15,2025-05-02 16:23:22,256.138751,56.842549,8.69378,6093.0,1.22,1
1438.01,229650439,CP,5.1396666,2460641.839847,2019-11-14 17:07:15,2025-09-01 12:32:45,280.923784,74.937833,10.3237,5374.0,0.815924,1
1438.02,229650439,CP,9.4280902,2460632.101735,2020-02-21 21:35:16,2025-09-01 12:32:45,280.923784,74.937833,10.3237,5374.0,0.82,1
1439.01,232982558,CP,27.6438617,2460638.545561,2019-11-14 17:07:15,2025-07-23 10:08:02,241.763937,67.87764,9.98671,5873.0,1.62,1
1442.01,235683377,CP,0.4090681,2459768.708421,2019-11-14 17:07:15,2023-02-23 10:10:02,287.292101,74.174276,12.4934,3328.0,0.308799,1
1443.01,237232044,CP,23.5407467,2460623.584541,2019-11-14 17:07:15,2025-07-23 10:08:02,297.398678,76.139178,9.9377,5236.0,0.75,1
1444.01,258514800,CP,0.4702719,2458711.369295,2019-11-14 17:07:15,2025-08-21 15:10:09,305.474925,70.943705,10.1522,5466.0,0.92499,1
1447.01,298073824,FA,1.2273079,2458684.362799,2019-11-14 17:07:15,2024-11-21 10:08:02,201.336817,75.982713,8.1033,6906.0,4.12041,0
1448.01,343628284,CP,8.0970819,2459857.185608,2019-11-14 17:07:15,2025-04-20 12:03:53,316.324003,57.771095,13.1717,3391.0,0.381586,1
1449.01,356158613,FA,,2458713.009359,2019-11-14 17:07:15,2023-03-15 10:10:02,300.708664,39.668371,10.745,5780.0,0.604385,0
1450.01,377293776,CP,2.0439268,2459662.335574,2019-11-14 17:07:15,2025-04-20 12:03:53,286.854063,59.086625,10.0306,3407.0,0.473603,1
1451.01,417931607,CP,16.5379864,2460348.107581,2019-11-14 17:07:15,2024-05-17 10:08:01,186.524282,61.258929,8.9989,5781.0,1.03,1
1452.01,420112589,CP,11.0619937,2459731.359311,2019-11-14 17:07:15,2023-06-13 16:02:07,290.173974,73.195108,12.295,3248.0,0.275364,1
1453.01,198390247,CP,6.5886877,2460660.40937,2019-11-14 17:11:15,2025-07-08 10:08:01,258.22327,57.197778,10.1426,4920.0,0.71,1
1453.02,198390247,CP,4.3135263,2460583.434908,2020-02-21 21:35:16,2025-07-21 10:08:04,258.22327,57.197778,10.1426,4920.0,0.71,1
1456.01,199376584,CP,18.712253,2460544.753267,2019-11-21 21:28:29,2024-11-14 10:08:02,306.741134,33.744388,8.0417,6125.0,1.27,1
1459.01,16920150,FA,9.155934,2458765.545981,2019-12-05 16:42:06,2023-07-05 12:02:59,19.361773,26.745951,10.1583,5219.0,0.82204,0
1460.01,17005768,FP,6.8424983,2458765.265116,2019-12-05 16:42:06,2024-11-18 12:03:12,20.610639,26.925729,9.9176,5766.0,1.1282001,0
1462.01,188768068,CP,2.1779407,2460338.523071,2019-12-05 16:42:06,2024-04-02 10:08:02,261.349585,52.790472,5.8961,5801.89,1.26,1
1467.01,240968774,CP,5.9711357,2458766.989118,2019-12-05 16:42:06,2025-04-20 12:03:53,19.114644,49.233138,10.5977,3834.0,0.490737,1
1468.01,243185500,CP,15.5324385,2459450.356025,2019-12-05 16:42:06,2023-03-03 12:03:04,16.653872,19.224919,10.8858,3382.0,0.369306,1
1468.02,243185500,CP,1.880531,2459448.308156,2019-12-05 16:42:06,2023-03-03 12:03:04,16.653872,19.224919,10.8858,3382.0,0.369306,1
1470.01,284441182,CP,2.5272822,2459883.443614,2019-12-05 16:42:06,2023-06-16 12:02:57,10.089143,61.213387,11.4752,3624.0,0.49012,1
1471.01,306263608,CP,20.7724316,2460221.503439,2019-12-05 16:42:06,2023-12-06 16:02:01,30.905006,21.281327,8.5725,5625.56,0.97,1
1471.02,306263608,CP,52.5637056,2459462.51672,2022-03-24 21:52:14,2023-12-06 16:02:01,30.905006,21.281327,8.5725,5625.56,0.97,1
1472.01,306955329,CP,6.3634106,2459885.568784,2019-12-05 16:42:06,2025-04-20 12:03:53,14.114261,48.637517,10.5508,5103.0,0.859483,1
1473.01,352413427,CP,5.2544884,2460608.852345,2019-12-05 16:42:06,2025-05-02 16:23:22,15.598144,37.185439,8.297,5958.0,0.99,1
1474.01,427654774,FP,5.222621,2458765.042474,2019-12-05 16:42:06,2021-10-29 12:59:15,349.289072,70.190576,14.1431,3453.0,0.275946,0
1478.01,409794137,CP,10.1802014,2459982.236347,2019-12-05 19:41:20,2023-03-27 10:10:16,126.433743,-13.559548,10.2042,5623.0,1.04,1
1479.01,421308357,FP,16.6828999,2460319.940069,2019-12-05 21:41:08,2024-03-04 10:08:01,288.818098,57.760569,10.364,6423.0,2.63,0
1480.01,335483600,FP,3.354053,2459855.711367,2019-12-05 21:41:09,2023-08-02 16:02:01,332.613639,63.55055,8.7514,8181.0,,0
1481.01,197650870,FP,2.1853174,2460422.845579,2019-12-05 21:41:09,2024-07-25 10:08:02,336.705071,52.227842,10.3209,8332.0,4.02,0
1483.01,452803785,FP,5.0037857,2459844.552858,2019-12-05 21:41:09,2022-11-07 16:02:02,338.435039,52.636337,10.4935,6109.0,1.09,0
1484.01,67309890,FP,1.1623941,2460422.616427,2019-12-05 21:41:09,2024-07-16 10:08:01,343.156204,48.55001,10.2108,5843.7,2.23,0
1485.01,377191482,FA,2.9551881,2459673.206852,2019-12-05 21:41:09,2022-08-18 12:02:41,285.937105,59.164074,8.8052,5054.0,6.17,0
1486.01,233541860,FP,0.2666485,2459635.536646,2019-12-05 21:41:09,2024-09-27 10:08:02,281.197877,62.685644,9.9592,4154.0,0.71,0
1487.01,459978312,FA,23.28798,2458684.88739,2019-12-05 21:41:09,2024-09-18 10:08:02,255.565408,64.600893,5.28906,5047.0,8.95,0
1488.01,198457103,FA,0.4721054,2458683.442832,2019-12-05 21:41:09,2023-05-02 16:02:02,261.921033,57.510557,8.07023,7269.0,1.93752,0
1489.01,219751469,FA,6.98301,2458690.04921,2019-12-05 21:41:09,2023-02-07 12:02:47,261.199848,61.423521,8.2285,5118.0,8.4,0
1492.01,354594208,FP,0.86673,2458765.22813,2019-12-05 21:41:09,2021-10-29 12:59:15,1.887805,32.43753,9.76119,5904.0,1.25,0
1493.01,15692883,CP,5.147905,2460602.632371,2019-12-05 21:41:09,2025-05-02 16:23:22,17.47474,25.681649,9.7116,6064.0,2.9,1
1494.01,411608801,CP,5.0267996,2459856.416547,2019-12-05 21:41:09,2023-06-13 16:02:07,18.995312,21.616906,10.3002,6434.0,1.4782799,1
1495.01,431148743,FP,2.6277641,2459879.808473,2019-12-05 21:41:09,2022-12-07 10:10:02,334.981312,53.662497,8.706101,3294.0,,0
1496.01,384045439,FP,10.82661,2458743.87066,2019-12-05 21:41:09,2021-10-29 12:59:15,327.275942,53.293768,10.0478,5113.0,0.68,0
1497.01,371673488,FP,0.8165295,2460422.205821,2019-12-05 21:41:09,2024-07-25 10:08:02,343.233217,59.850951,9.95717,8911.0,1.85,0
1498.01,316402246,FP,1.4014167,2459836.924148,2019-12-05 21:41:09,2022-12-12 16:02:01,321.97348,54.519818,9.6788,8014.0,1.6,0
1499.01,414870287,FP,4.95898,2458740.8589,2019-12-05 21:41:09,2021-10-29 12:59:15,336.872671,59.43379,7.8165,3295.0,,0
1500.01,377420580,FP,1.4147363,2460422.256983,2019-12-05 21:41:09,2024-06-13 10:08:01,341.964758,60.173635,10.1871,4980.0,,0
1501.01,329145325,FP,1.077774,2459882.024875,2019-12-05 21:41:09,2022-12-12 16:02:01,332.712572,59.650554,10.4089,7274.0,1.58,0
1502.01,410528770,FP,2.7536237,2459847.780759,2019-12-05 21:41:09,2022-11-07 16:02:02,328.215897,60.569156,10.4824,5647.0,2.41,0
1503.01,428065977,FP,1.6534102,2459881.652761,2019-12-05 21:41:09,2022-12-12 16:02:01,339.120372,52.115714,10.2347,6928.0,1.46,0
1504.01,326114850,FP,1.2456423,2460406.048311,2019-12-05 21:41:09,2024-05-08 10:08:01,331.569908,52.701917,9.98645,6194.0,1.5,0
1505.01,331034236,FP,3.4272549,2459826.907985,2019-12-05 21:41:09,2023-05-19 16:02:01,326.091506,58.551567,9.27116,6338.0,2.0707099,0
1506.01,64836837,FP,10.9115374,2460423.070964,2019-12-05 21:41:09,2024-07-25 10:08:02,338.796529,55.031026,9.8115,9195.0,3.37,0
1507.01,430677414,FP,0.46741,2458738.93048,2019-12-05 21:41:09,2021-10-29 12:59:15,333.669705,53.239557,8.41718,7960.5,1.77,0
1508.01,415741431,FP,2.1575124,2459878.866866,2019-12-05 21:41:09,2023-05-24 12:02:59,339.14435,58.276061,10.471,8326.0,3.87,0
1509.01,272828463,FP,1.577609,2460423.100949,2019-12-05 21:41:09,2024-07-26 10:08:01,356.588834,60.487025,9.42218,7856.0,2.91,0
1510.01,377739433,FP,1.23852,2458764.82522,2019-12-05 21:41:09,2021-10-29 12:59:15,348.574188,65.957972,10.1975,6524.0,3.4,0
1511.01,376682699,FP,1.1025238,2460422.249162,2019-12-05 21:41:10,2024-06-13 10:08:01,340.352259,69.074447,10.381,9218.0,2.0,0
1512.01,434718964,FP,1.597226,2459854.931268,2019-12-05 21:41:10,2023-05-19 16:02:01,345.488066,64.067337,10.262,,,0
1513.01,269509393,FP,1.76589,2458764.84417,2019-12-05 21:41:10,2021-10-29 12:59:15,350.373796,60.175637,10.2866,6221.0,1.55,0
1514.01,270238522,FP,1.36991,2458765.47636,2019-12-05 21:41:10,2021-10-29 12:59:15,351.648417,64.304699,7.5586,7339.8,3.64,0
1515.01,470709084,FP,3.66505,2458768.56858,2019-12-05 21:41:10,2024-07-16 10:08:01,357.368097,61.682819,10.4433,6370.0,2.32,0
1516.01,376637093,CP,2.0560153,2460449.201388,2019-12-05 21:41:10,2026-07-27 12:04:29,340.08462,69.503731,10.377,6485.0,1.24,1
1517.01,455962313,FP,2.25505,2460418.994282,2019-12-05 21:41:10,2024-06-13 10:08:01,340.036593,65.439728,9.599,,,0
1518.01,427761355,CP,1.902606,2459854.41458,2019-12-05 21:41:10,2023-06-13 16:02:07,352.267521,67.034806,8.75127,9918.0,1.82241,1
1519.01,272049972,FP,1.0960111,2458981.242084,2019-12-05 21:41:10,2022-12-12 16:02:01,355.416664,62.921485,10.1914,6083.0,1.58,0
1520.01,269238073,FP,6.1461734,2459878.512429,2019-12-05 21:41:10,2025-08-12 12:03:45,350.232731,62.161179,9.68805,6153.0,1.5,0
1521.01,366074069,FP,4.1812866,2459905.397712,2019-12-05 21:41:10,2024-08-06 10:08:01,356.770579,69.049522,9.78876,6146.0,2.31,0
1522.01,367102581,FP,2.9798592,2459739.798591,2019-12-05 21:41:10,2022-09-28 16:02:02,314.269036,78.674917,9.39575,9024.0,1.89,0
1523.01,387413037,FP,6.72694,2458738.95028,2019-12-05 21:41:10,2021-10-29 12:59:15,311.236535,69.151807,10.3197,6745.0,1.53,0
1524.01,314338017,FP,10.9554897,2459837.025075,2019-12-05 21:41:10,2022-11-07 16:02:02,319.144978,58.772809,9.1325,8522.0,6.79,0
1525.01,276380902,FP,0.6171788,2460421.693989,2019-12-05 21:41:10,2024-07-26 10:08:01,308.065776,58.328901,10.3202,9603.0,3.14,0
1526.01,313761775,FP,1.5309799,2460421.872558,2019-12-05 21:41:10,2024-06-14 10:08:02,318.347586,56.943732,9.693811,6298.0,2.38,0
1529.01,312259170,FP,0.8229,2458764.94054,2019-12-05 21:41:10,2021-10-29 12:59:15,11.042775,59.464498,10.4049,8078.0,,0
1530.01,312469860,FP,0.50261,2458764.79362,2019-12-05 21:41:10,2021-10-29 12:59:15,12.881425,55.710926,9.9475,6941.0,1.67,0
1533.01,345143460,CP,3.6458046,2460446.421805,2019-12-05 21:41:10,2024-08-21 10:08:02,355.246721,57.485242,10.1128,5053.0,0.88,1
1534.01,354600221,FP,1.41853,2458764.81698,2019-12-05 21:41:10,2021-10-29 12:59:15,6.074676,57.881718,9.867621,6329.0,1.68,0
1535.01,420288086,FP,6.5344463,2459906.577796,2019-12-05 21:41:10,2023-01-18 16:02:01,10.962717,61.835626,10.4397,7715.3,2.67,0
1536.01,445137888,FP,2.013653,2459882.951315,2019-12-05 21:41:10,2023-08-02 16:02:01,11.3024,56.070058,10.3654,10310.0,2.67713,0
1539.01,252636888,FP,2.590266,2459880.28094,2019-12-05 21:41:10,2022-12-12 16:02:01,346.518266,52.787014,10.4116,5855.0,3.22,0
1540.01,318746829,FP,5.2273176,2460421.233495,2019-12-05 21:41:10,2024-06-13 10:08:01,349.718625,56.008598,10.4234,3593.0,,0
1541.01,319068154,FP,3.7983639,2460423.401581,2019-12-05 21:41:10,2024-06-13 10:08:01,350.108816,55.52411,9.7436,9500.0,2.36,0
1542.01,367607434,FA,8.2916,2458744.44353,2019-12-05 21:41:10,2021-10-29 12:59:15,348.874923,46.576022,8.40348,5119.0,3.1,0
1543.01,431585347,FP,5.13664,2458766.20793,2019-12-05 21:41:10,2021-10-29 12:59:15,357.674034,50.354962,10.06,9238.0,2.32,0
1545.01,127425841,FP,1.5166573,2459880.31948,2019-12-05 21:41:10,2022-12-07 10:10:02,6.030617,40.165571,9.83204,6905.3,2.0,0
1547.01,409520860,FP,0.71933,2458765.11416,2019-12-05 21:41:11,2021-10-29 12:59:15,355.451893,37.186566,10.3973,5758.0,1.44,0
1548.01,440100539,FA,12.6017,2458769.32363,2019-12-05 21:41:11,2023-06-18 12:02:58,4.358519,42.282204,8.7282,5861.6,1.21,0
1549.01,191146556,FP,2.5798051,2459881.330991,2019-12-05 21:41:11,2022-12-12 16:02:01,8.304382,46.340305,10.3959,6116.5,1.49,0
1550.01,241065596,FP,1.6256942,2459907.94901,2019-12-05 21:41:11,2025-03-07 11:45:34,21.736201,49.388653,10.2936,6628.0,3.96,0
1552.01,326919774,FP,7.57193,2458771.77219,2019-12-05 21:41:11,2023-01-24 12:02:47,22.972973,46.399826,8.19,9146.0,4.72,0
1555.01,441732151,FP,2.09989,2458712.08879,2019-12-19 20:58:20,2024-06-13 10:08:01,257.876742,72.135555,10.1688,6025.3,1.04,0
1556.01,405794804,FP,1.44127,2458740.21873,2019-12-19 20:58:20,2022-12-05 16:02:02,324.714399,65.039172,9.79455,8009.0,1.65,0
1557.01,320506985,FP,1.08697,2458765.31897,2019-12-19 20:58:20,2021-10-29 12:59:15,8.163572,54.654594,10.4925,5751.0,1.69,0
1558.01,117322779,FP,0.68601,2458791.07301,2019-12-19 20:58:20,2021-10-29 12:59:15,48.352264,49.783757,10.485,,,0
1561.01,245462406,FP,2.27456,2458791.81704,2019-12-19 20:58:20,2021-10-29 12:59:15,38.821696,55.703217,10.2948,6777.0,3.35,0
1562.01,249862365,FP,0.98999,2458791.5299,2019-12-19 20:58:20,2021-10-29 12:59:15,38.123017,52.704091,9.10226,6208.0,1.84,0
1566.01,256414077,FP,3.01106,2458793.38207,2019-12-19 20:58:20,2021-10-29 12:59:15,15.606503,60.715521,10.5907,6516.0,1.63,0
1567.01,259151170,FP,,2458808.52242,2019-12-19 20:58:20,2023-08-10 12:03:04,50.345888,52.692112,10.374,4503.5,0.86,0
1568.01,284050395,FP,1.35932,2458765.47569,2019-12-19 20:58:20,2021-10-29 12:59:15,8.989872,65.026035,9.74734,5421.0,0.94,0
1569.01,285666479,FP,1.71614,2458791.98363,2019-12-19 20:58:21,2025-01-08 12:03:11,43.61065,52.07103,10.424,5511.5,4.92,0
1570.01,285674856,FP,1.74626,2458790.81038,2019-12-19 20:58:21,2022-01-08 12:02:54,53.196298,51.884502,9.4883,8348.0,1.8,0
1571.01,285677945,FP,1.2427,2458791.56106,2019-12-19 20:58:21,2021-10-29 12:59:15,53.098973,50.49904,10.2353,5624.8,2.14,0
1572.01,292321872,FP,8.66698,2458794.15217,2019-12-19 20:58:21,2021-10-29 12:59:15,31.902189,45.500156,10.4562,6322.2,2.52,0
1574.01,307111282,FP,,2458804.60057,2019-12-19 20:58:21,2021-10-29 12:59:15,14.640115,50.936428,10.2978,5791.0,1.21,0
1575.01,316254876,FP,2.4611008,2459935.126364,2019-12-19 20:58:21,2023-01-25 10:10:01,51.988839,54.865617,10.3775,5429.5,1.63,0
1576.01,327011842,FP,0.783879,2459883.106456,2019-12-19 20:58:21,2023-08-29 12:02:51,23.466893,45.010329,9.7828,4975.0,5.3874698,0
1577.01,332154944,FP,0.99837,2458791.36882,2019-12-19 20:58:21,2021-10-29 12:59:15,19.278636,57.514232,9.60027,6082.0,1.13,0
1578.01,348135793,FP,1.97741,2458791.58678,2019-12-19 20:58:21,2021-10-29 12:59:15,34.376965,56.42149,10.1042,6742.0,2.11,0
1579.01,354400186,FP,9.07768,2458794.28172,2019-12-19 20:58:21,2021-10-29 12:59:15,27.738026,48.352316,9.7745,8393.7,,0
1581.01,370759867,FP,,2458810.30671,2019-12-19 20:58:21,2025-08-27 12:03:56,28.16355,55.185971,9.76978,5865.0,0.97,0
1582.01,374400599,FP,1.8932775,2460649.11744,2019-12-19 20:58:21,2025-03-07 11:45:34,34.69789,64.356382,10.0188,6904.3,2.04,0
1583.01,403256331,FP,3.77188,2458765.82123,2019-12-19 20:58:21,2021-10-29 12:59:15,4.249336,58.679253,9.5425,10097.0,4.62,0
1584.01,418987806,FP,0.88654,2460633.085787,2019-12-19 20:58:21,2025-03-07 11:45:34,6.519425,63.319412,9.27904,6919.0,4.27,0
1585.01,444415148,FP,1.83641,2458764.8746,2019-12-19 20:58:21,2021-10-29 12:59:15,6.308908,62.543115,8.9676,9542.0,5.03,0
1587.01,458914949,FP,12.5343031,2459924.681114,2019-12-19 20:58:21,2023-02-03 16:02:02,48.423422,61.907831,10.2543,7275.0,2.51,0
1589.01,52041724,FP,35.4028219,2458942.422274,2019-12-19 20:58:21,2024-08-06 10:08:01,14.119486,65.679038,9.87542,7455.0,1.78,0
1590.01,71854745,FP,3.10315,2458793.51014,2019-12-19 20:58:21,2021-10-29 12:59:15,26.299423,54.56844,10.2146,9050.3,,0
1591.01,82010657,FP,,2458807.93693,2019-12-19 20:58:21,2021-10-29 12:59:15,48.753158,60.238195,9.64805,7519.0,1.7,0
1592.01,186599508,FP,5.6318074,2458794.89641,2019-12-19 20:58:21,2022-10-22 12:02:35,45.08847,39.068266,9.76636,5669.9,1.38826,0
1593.01,192372961,FP,2.06313,2458792.29644,2019-12-19 20:58:21,2022-10-18 12:02:25,45.598372,43.183802,9.1222,6716.5,4.77,0
1594.01,201154493,FP,1.51233,2458792.1989,2019-12-19 20:58:21,2021-10-29 12:59:15,56.143332,41.064351,9.7479,9447.0,4.35,0
1595.01,385105624,FP,1.7498117,2460662.169629,2019-12-19 20:58:21,2025-03-07 11:45:34,50.808098,46.682113,10.4511,6222.3,1.53,0
1596.01,431899140,FP,1.9734615,2459928.934925,2019-12-19 20:58:21,2024-01-29 10:08:02,56.222542,45.507188,10.0888,7962.9,3.62,0
1597.01,68152139,FP,0.73772,2458792.46525,2019-12-19 20:58:21,2021-10-29 12:59:15,44.401798,40.016703,10.1342,6001.0,1.49,0
1600.01,187029841,FP,0.361112,2459909.805131,2019-12-19 20:58:22,2025-02-28 16:00:02,34.555963,38.478824,9.66027,6056.9,1.95,0
1601.01,139375960,CP,5.33155,2458793.27728,2019-12-19 20:58:22,2022-01-12 12:02:22,38.361569,41.013432,10.1035,5917.0,2.22,1
1602.01,129991079,FA,6.15952,2458792.50412,2019-12-19 20:58:22,2023-01-16 12:02:39,37.13241,40.891254,10.4375,6175.9,1.09,0
1604.01,118301361,FP,3.46608,2458793.39828,2019-12-19 20:58:22,2021-10-29 12:59:15,34.195855,29.570473,9.08054,7249.8,3.02,0
1605.01,101037590,CP,8.7094632,2459896.132645,2019-12-19 20:58:22,2024-02-13 12:03:01,54.48089,33.079897,9.62924,5597.0,1.59,1
1607.01,26433869,FP,1.0357235,2459471.339568,2019-12-19 20:58:22,2021-10-29 12:59:15,56.814344,30.149498,8.4107,4963.0,7.83,0
1608.01,138017750,FP,2.4727425,2460632.178917,2019-12-19 20:58:22,2025-03-07 11:45:34,50.80115,33.078133,7.42812,6057.7,2.13,0
1609.01,229951289,FA,13.3118,2458692.73536,2019-12-19 20:58:22,2021-10-29 12:59:15,288.675423,60.670948,10.2572,6011.0,0.98,0
1611.01,264678534,CP,16.2016817,2460643.486453,2019-12-19 20:58:22,2025-07-23 10:08:02,325.201645,84.333761,7.5825,5071.0,0.78,1
1613.01,272625214,FP,5.2469991,2458979.490719,2019-12-19 20:58:22,2022-12-07 16:02:01,356.318574,62.142699,10.4641,6651.0,1.44,0
1614.01,317397615,FP,0.7438074,2460479.137922,2019-12-19 20:58:22,2024-08-20 10:08:02,349.796329,75.017864,10.2351,5182.0,4.04,0
1615.01,317507345,FP,3.9401791,2460473.279498,2019-12-19 20:58:22,2024-08-16 10:08:02,351.174718,77.627113,9.68708,7170.0,1.51,0
1617.01,322202434,FP,1.4013505,2460420.948154,2019-12-19 20:58:22,2024-06-14 10:08:02,325.32505,68.807202,10.2505,5521.0,0.94,0
1618.01,376838000,FP,2.1679,2458765.05965,2019-12-19 20:58:22,2021-10-29 12:59:15,340.909648,69.091928,9.9272,10596.0,2.0,0
1619.01,377144784,FP,2.3866952,2460447.12743,2019-12-19 20:58:22,2024-07-26 10:08:01,342.443925,68.251071,10.0552,5017.0,4.73,0
1622.01,388076005,FP,1.7126115,2459880.690181,2019-12-19 20:58:22,2022-12-12 16:02:01,318.049804,68.05247,9.39435,5932.2,1.0,0
1623.01,407394748,FP,0.7522775,2460311.882875,2019-12-19 20:58:22,2024-01-31 16:02:01,5.420651,77.880071,9.5287,7325.2,1.77,0
1624.01,461387302,FP,5.8089284,2460630.611572,2019-12-19 20:58:22,2025-01-08 10:08:01,3.021798,66.650523,10.2763,6406.0,1.27,0
1625.01,470852531,FP,1.49446,2458765.53404,2019-12-19 20:58:22,2021-10-29 12:59:15,359.741171,61.554089,10.2918,6587.0,1.43,0
1630.01,317597583,CP,12.0557353,2460654.567185,2020-01-14 19:46:38,2025-07-23 10:08:02,352.016676,75.552607,8.9943,5504.0,0.83,1
1632.01,51024887,FP,8.2491871,2458797.344998,2020-01-14 19:46:38,2021-10-29 12:59:15,42.155188,62.18926,14.9885,2990.0,0.165066,0
1633.01,165551882,FA,12.1582804,2458798.104217,2020-01-14 19:46:38,2025-03-12 16:00:02,266.767331,57.226662,12.5441,3429.0,0.3232,0
1634.01,201186294,CP,0.98933,2458791.515001,2020-01-14 19:46:38,2021-10-29 12:59:15,56.39061,37.11228,11.0136,3455.0,0.465258,1
1635.01,230086768,FP,34.9270483,2458736.130762,2020-01-14 19:46:38,2024-09-18 10:08:02,246.624072,66.144224,13.4447,3496.0,0.389199,0
1636.01,269892793,FP,1.7729239,2459882.483425,2020-01-14 19:46:38,2023-08-21 10:08:02,44.292951,33.312657,11.9056,4769.0,0.687841,0
1637.01,286355915,FP,4.076684,2459885.666366,2020-01-14 19:46:38,2025-01-08 12:03:11,37.893241,34.368925,10.6479,6531.44,1.64302,0
1639.01,348673213,FP,0.901465,2458791.468047,2020-01-14 19:46:38,2021-10-29 12:59:15,35.807322,56.570014,12.974,3896.0,0.611023,0
1640.01,396562848,CP,1.9495403,2459767.373106,2020-01-14 19:46:38,2024-01-31 12:03:06,44.338874,76.551405,11.0548,3414.0,0.260187,1
1644.01,22843856,FP,1.8497201,2459521.618633,2020-01-24 23:33:41,2021-12-08 10:10:01,39.006522,25.588461,9.8203,6019.0,1.24,0
1645.01,184679932,FP,2.1721416,2458791.425546,2020-01-24 23:33:41,2021-12-08 16:02:02,32.294112,40.401942,9.25319,6198.0,1.30937,0
1646.01,387527558,FA,3.623909,2458794.103356,2020-01-24 23:33:41,2021-12-08 16:02:02,312.32708,70.796604,13.0367,3514.0,0.414101,0
1647.01,154927364,FP,6.9744232,2460334.944097,2020-01-29 22:18:55,2024-03-04 10:08:01,207.874218,84.071615,10.249,5821.7,1.86,0
1648.01,376353509,CP,7.3315684,2460467.880926,2020-01-29 22:18:55,2025-12-03 12:04:45,45.401179,69.229924,9.5831,4871.6,0.84,1
1649.01,116608612,FP,3.4557863,2460310.718475,2020-01-29 22:18:55,2025-08-21 15:10:09,85.66321,35.185708,9.17041,8170.0,1.78,0
1650.01,122485078,FP,9.1505,2458822.09874,2020-01-29 22:18:55,2021-10-29 12:59:15,76.851285,36.275085,10.0106,7719.0,3.02,0
1652.01,154867950,FP,0.6664948,2458870.507719,2020-01-29 22:18:55,2025-03-05 12:03:45,188.3547,84.678957,8.68013,5329.0,1.99,0
1657.01,27677846,FP,5.6309047,2459936.359525,2020-01-29 22:18:55,2023-01-25 10:10:01,66.370139,46.365902,9.5668,5304.0,0.79,0
1658.01,286561122,FP,0.6803433,2459910.5579,2020-01-29 22:18:55,2023-08-10 12:03:04,65.876229,35.495109,10.2674,7325.5,2.97877,0
1659.01,288631580,CP,5.8775548,2459757.356321,2020-01-29 22:18:55,2025-04-20 12:03:53,277.925194,82.305949,9.56906,5977.0,1.00568,1
1660.01,311121985,FP,1.3561596,2460309.854705,2020-01-29 22:18:55,2024-02-09 10:08:02,85.581285,49.513452,9.00007,6375.0,1.86,0
1661.01,312122956,FP,2.0492064,2459547.065465,2020-01-29 22:18:55,2022-03-11 12:02:52,88.475966,30.446042,10.1283,,,0
1662.01,339538183,FP,2.6093167,2459935.390685,2020-01-29 22:18:55,2023-01-23 16:02:01,93.318904,63.685008,9.7053,7235.0,1.78,0
1663.01,353367071,FP,2.37532,2458819.39874,2020-01-29 22:18:55,2021-10-29 12:59:15,89.934847,33.506969,9.84095,7895.7,2.11,0
1665.01,354006740,FP,1.76406,2458819.00417,2020-01-29 22:18:55,2021-10-29 12:59:15,88.369051,37.339411,6.4018,6481.7,2.03,0
1666.01,368536386,FP,1.69433,2458818.74012,2020-01-29 22:18:55,2021-10-29 12:59:15,89.420179,36.765805,10.3693,7185.0,2.0,0
1667.01,409183335,FP,3.32125,2458818.22815,2020-01-29 22:18:55,2021-10-29 12:59:15,81.807832,38.597453,9.7229,7174.0,1.76,0
1668.01,417705690,FP,2.363311,2460311.61688,2020-01-29 22:18:55,2024-01-31 10:08:02,348.607533,76.93432,10.0233,5420.0,1.04,0
1669.01,428679607,CP,2.6800536,2460660.823683,2020-01-29 22:18:55,2025-07-23 16:00:01,45.956474,83.587427,9.52906,5550.0,1.07,1
1670.01,441739020,CP,40.7501028,2460503.136603,2020-01-29 22:18:55,2024-11-14 10:08:02,259.017252,72.161181,9.4682,6453.0,1.31,1
1670.02,441739020,CP,10.9836724,2460468.361028,2020-07-16 04:56:45,2024-08-24 10:08:02,259.017252,72.161181,9.4682,6453.0,1.31,1
1671.01,459903429,FA,8.13664,2458821.04876,2020-01-29 22:18:55,2021-10-29 12:59:15,130.969393,86.228398,8.71289,4913.0,3.96,0
1672.01,468828873,FP,3.8954139,2459957.440794,2020-01-29 22:18:55,2023-02-13 10:10:02,91.872047,66.857699,10.045,6064.0,1.89,0
1673.01,470315428,FP,1.08625,2458818.19746,2020-01-29 22:18:55,2021-10-29 12:59:15,64.648489,52.865034,10.2851,5562.6,1.4,0
1674.01,73104318,FP,7.45494,2458822.59324,2020-01-29 22:18:55,2021-10-29 12:59:15,61.721603,58.465452,9.46925,5029.7,2.45,0
1678.01,96291218,FP,13.7058173,2459917.090821,2020-01-29 22:18:56,2024-10-10 10:08:04,73.034809,30.280386,10.3614,8001.0,2.05,0
1679.01,9837861,FP,0.6565741,2460312.310541,2020-01-29 22:18:56,2024-01-31 10:08:02,70.54858,54.292058,9.9021,5235.5,2.68,0
1680.01,259168516,CP,4.8026561,2459657.394071,2020-01-30 21:16:42,2023-07-21 12:03:15,292.313979,65.973802,13.3081,3231.0,0.213459,1
1683.01,58542531,CP,3.057524,2458816.411524,2020-01-30 21:16:42,2025-04-20 12:03:53,65.97965,27.82237,9.794,4402.0,0.695095,1
1685.01,28900646,CP,0.6691449,2459910.938093,2020-01-30 21:16:42,2023-06-13 16:02:07,68.593953,43.03704,11.1117,3457.0,0.462408,1
1688.01,121966220,FP,6.7171913,2459914.901064,2020-01-30 21:16:42,2025-01-08 12:03:11,75.797813,41.785784,10.8001,5843.0,2.3529,0
1689.01,198384408,FA,9.1238101,2458823.255936,2020-01-30 21:16:42,2023-05-26 16:02:02,257.78508,56.658901,6.3196,5470.16,1.1485,0
1690.01,267574918,CP,1.4079369,2459419.987351,2020-01-30 21:16:42,2023-06-13 16:02:07,284.415675,53.509024,16.338,5780.0,,1
1691.01,268334473,CP,16.7368995,2460458.306487,2020-01-30 21:16:42,2025-04-20 12:03:53,272.404118,86.860343,9.52636,5759.0,1.0,1
1693.01,353475866,CP,1.766692,2458817.684965,2020-01-30 21:16:42,2024-06-06 10:08:02,90.308345,34.77309,10.6714,3474.0,0.46126,1
1694.01,396740648,CP,3.7701296,2458843.657627,2020-01-30 21:16:42,2022-09-16 12:02:25,97.74871,66.360596,10.7424,5058.0,0.81833,1
1695.01,422756130,CP,3.1342946,2458791.519137,2020-01-30 21:16:42,2023-05-23 10:10:02,21.921735,72.296615,11.0294,3575.0,0.516105,1
1696.01,470381900,CP,2.5005291,2459911.832125,2020-01-30 21:16:42,2023-03-06 16:02:02,65.280648,48.819831,13.9664,3181.0,0.280475,1
1700.01,23650642,FP,1.12355,2458843.38029,2020-02-19 00:44:40,2021-10-29 12:59:15,126.088625,42.104735,10.8219,5524.0,1.01,0
1702.01,371210825,FP,0.40312,2458842.74962,2020-02-19 00:44:40,2021-10-29 12:59:15,111.559352,32.383825,10.9894,4252.9,0.89,0
1704.01,95129101,FP,3.929983,2459575.195833,2020-02-19 00:44:40,2022-03-11 12:02:52,114.932863,28.120146,10.8508,6621.9,1.34,0
1705.01,137500798,FP,13.2054538,2460328.287633,2020-02-19 00:44:40,2024-03-04 10:08:01,132.635012,82.92712,10.3042,6653.0,1.67,0
1707.01,240148934,FP,2.02365,2458843.26677,2020-02-19 00:44:40,2022-03-10 16:02:01,101.382168,31.465533,10.3135,6582.0,1.48,0
1710.01,445805961,CP,24.2833782,2460439.666809,2020-02-19 00:44:40,2024-08-29 10:08:02,94.283837,76.21102,8.9134,5675.0,0.98,1
1711.01,461662295,FP,10.2558,2458844.85466,2020-02-19 00:44:40,2021-10-29 12:59:15,124.446664,51.01037,9.92871,5326.0,0.97,0
1712.01,67926921,FP,3.566276,2459606.849596,2020-02-19 00:44:40,2023-02-06 12:03:46,127.945702,44.832314,9.9841,6831.4,3.17,0
1715.01,142090065,FP,2.8269356,2459738.517459,2020-02-19 23:47:13,2024-01-09 12:02:55,79.073505,79.737727,9.01249,7072.0,1.50581,0
1716.01,14336130,CP,8.082354,2460298.678071,2020-02-19 23:47:13,2025-08-21 15:10:09,105.083329,56.824194,8.82897,5878.6,1.24,1
1723.01,71431780,CP,13.7270395,2460307.768558,2020-02-19 23:47:13,2025-04-20 12:03:53,116.797198,68.476685,9.09942,5777.0,1.09,1
1724.01,81212286,FP,0.6850808,2458843.027821,2020-02-19 23:47:13,2021-10-29 12:59:15,127.032597,56.427529,12.507,3541.0,0.380019,0
1726.01,130181866,CP,7.107934,2458845.373051,2020-02-19 23:47:13,2024-11-15 16:02:02,117.47937,27.363134,6.2683,5694.11,0.902932,1
1726.02,130181866,CP,20.5438153,2459583.637103,2020-02-20 19:59:15,2024-02-01 16:02:02,117.47937,27.363134,6.2683,5694.11,0.902932,1
1728.01,285048486,CP,3.4913952,2459604.399093,2020-02-19 23:47:13,2022-06-28 16:02:02,120.611679,64.797153,10.7921,3907.0,0.63,1
1729.01,298666530,FP,0.5732797,2458738.738252,2020-02-19 23:47:13,2026-05-28 16:00:01,278.399911,58.205529,18.3324,5780.0,,0
1730.01,318022259,CP,6.2262315,2459952.635271,2020-02-19 23:47:13,2026-02-14 12:03:40,107.865826,48.327933,10.3595,3691.0,0.53,1
1730.02,318022259,CP,2.1555232,2459961.132517,2020-02-19 23:47:13,2026-02-14 12:03:40,107.865826,48.327933,10.3595,3691.0,0.53,1
1730.03,318022259,CP,12.5739572,2459598.372283,2022-03-01 00:21:55,2026-02-14 12:03:40,107.865826,48.327933,10.3595,3691.0,0.53,1
1733.01,53427308,FP,5.80322,2458844.7654,2020-02-20 00:14:52,2021-10-29 12:59:15,118.881765,54.596601,10.379,5846.0,1.5,0
1736.01,408618999,CP,7.0731057,2460660.093314,2020-02-27 22:12:18,2025-07-23 16:00:01,43.434461,69.101345,8.3302,5656.0,1.41,1
1739.01,159418353,CP,8.3033493,2460661.435023,2020-02-27 22:12:18,2025-07-18 16:00:01,240.172481,83.258659,9.812,4814.0,0.78,1
1742.01,219857012,CP,21.2690422,2460660.830697,2020-02-27 22:12:18,2025-07-21 16:00:02,257.328868,71.876672,8.2865,5707.0,1.16,1
1743.01,219860288,CP,4.2660553,2459660.494212,2020-02-27 22:12:18,2025-07-22 12:04:25,257.747332,71.872204,12.4251,3281.0,0.32,1
1744.01,229455001,CP,22.3417286,2460623.320439,2020-02-27 22:12:18,2025-07-23 10:08:02,294.291071,60.881302,9.01932,6179.0,1.14,1
1749.01,233602827,CP,4.4891367,2459763.323055,2020-02-27 22:12:18,2023-06-13 16:02:07,282.737228,64.419466,12.2574,3959.0,0.561356,1
1749.02,233602827,CP,9.0447039,2459647.515197,2020-02-27 22:12:18,2023-06-03 10:10:01,282.737228,64.419466,12.2574,3959.0,0.561356,1
1751.01,287080092,CP,37.4685042,2460607.061003,2020-02-27 22:12:19,2025-07-23 10:08:02,243.488853,63.53353,8.80616,6114.0,1.27,1
1752.01,287139872,CP,0.9351891,2459662.731174,2020-02-27 22:12:19,2026-04-20 12:03:50,253.461486,60.70962,12.7463,3652.0,0.526987,1
1752.02,287139872,CP,32.7135406,2458704.636574,2022-02-28 23:51:58,2023-05-19 16:02:01,253.461486,60.70962,12.7463,3652.0,0.526987,1
1753.01,289580577,CP,5.3846239,2459653.733754,2020-02-27 22:12:19,2025-04-20 12:03:53,252.469835,61.173577,11.2078,5700.0,0.959022,1
1758.01,367858035,CP,20.7051499,2460421.696841,2020-02-27 22:12:19,2025-04-20 12:03:53,354.741581,75.685232,10.0907,5169.0,0.81,1
1759.01,408636441,CP,18.8500438,2460404.266149,2020-02-27 22:12:19,2024-11-15 16:02:02,326.851662,62.753816,9.92838,3960.0,0.63,1
1760.01,420112587,FP,11.062666,2458691.531496,2020-02-27 22:12:19,2021-10-29 12:59:15,290.173976,73.195993,12.4989,3212.0,0.254522,0
1768.01,137906197,CP,7.3377236,2460331.444718,2020-03-12 15:35:30,2025-04-20 12:03:53,152.102783,55.53996,9.91008,5994.0,1.1,1
1770.01,457138169,FP,1.0924536,2459605.893177,2020-03-12 15:35:30,2023-04-01 12:02:44,141.367951,50.908874,9.22437,6273.0,1.4487799,0
1772.01,85293053,CP,8.0542207,2459628.849872,2020-03-12 15:35:30,2025-04-20 12:03:53,156.837704,34.39095,9.3523,5583.1,0.995254,1
1774.01,4897275,CP,16.7100422,2458872.341155,2020-03-12 15:35:29,2025-11-12 12:04:51,148.161931,35.111008,7.6474,5853.7,1.09271,1
1775.01,9348006,CP,10.2405483,2459635.364326,2020-03-12 15:35:29,2025-04-20 12:03:53,150.115101,39.457751,10.9184,5251.0,0.84,1
1776.01,21535395,CP,2.8009915,2458871.488566,2020-03-12 15:35:29,2021-10-29 12:59:15,164.777291,40.983718,7.6586,5723.87,0.945408,1
1777.01,29191624,CP,14.6503935,2459635.116524,2020-03-12 15:35:30,2025-04-20 12:03:53,151.807032,46.114881,8.737001,5859.45,0.98,1
1778.01,39699648,CP,6.5273884,2458875.997532,2020-03-12 15:35:30,2025-07-10 10:08:01,136.777644,46.672425,8.4594,6023.0,1.32944,1
1782.01,160045097,CP,4.9877056,2459635.737444,2020-03-12 15:35:30,2025-04-20 12:03:53,213.078772,74.411791,11.3069,4336.0,0.668693,1
1782.02,160045097,CP,1.8290294,2459632.816808,2020-07-16 04:56:45,2025-04-20 12:03:53,213.078772,74.411791,11.3069,4336.0,0.668693,1
1786.01,86280613,FP,9.573548,2460325.905001,2020-03-12 14:22:11,2024-03-04 10:08:01,141.721087,61.698996,9.5173,6505.0,1.83,0
1788.01,450327768,FP,5.34326,2458875.04671,2020-03-12 14:22:11,2021-10-29 12:59:15,160.229227,35.913354,10.1883,5776.0,1.26,0
1789.01,172518755,CP,3.2087149,2460279.071213,2020-03-12 14:22:11,2024-02-02 10:08:02,142.743406,26.539995,9.1824,5971.4,2.26,1
1790.01,310981412,FA,9.62517,2458684.16048,2020-03-12 14:22:11,2022-06-02 12:03:17,161.42778,69.20078,10.2728,6149.0,0.93,0
1791.01,233684293,FA,48.4808217,2459755.574206,2020-03-12 14:22:11,2024-09-17 10:08:02,260.762886,63.110741,9.05769,6153.0,2.47,0
1793.01,304142124,CP,55.087,2460017.429225,2020-03-16 09:31:24,2023-05-11 10:10:01,164.856336,-56.623556,7.8436,5175.0,0.87,1
1794.01,286916251,CP,8.7655468,2458715.310896,2020-04-15 12:38:54,2025-08-01 10:05:58,203.397486,49.060843,9.69924,5707.0,1.29921,1
1795.01,135083444,FP,2.7917911,2458899.610227,2020-04-15 12:38:54,2021-10-29 12:59:15,184.3669,19.839989,10.0721,6071.0,1.16271,0
1797.01,368435330,CP,3.6451549,2459631.901476,2020-04-15 12:38:54,2022-07-12 16:02:02,162.776697,25.641065,8.6259,5922.0,1.05,1
1797.02,368435330,CP,1.0376109,2459635.926283,2022-03-24 21:38:37,2022-07-29 12:02:47,162.776697,25.641065,8.6259,5922.0,1.05,1
1798.01,198153540,CP,8.0214735,2458741.600395,2020-04-15 12:38:54,2025-08-01 10:05:58,211.093937,46.519283,10.5191,5165.2,0.784618,1
1798.02,198153540,CP,0.4378083,2458739.074846,2020-07-16 04:56:45,2025-08-01 10:05:58,211.093937,46.519283,10.5191,5165.2,0.784618,1
1799.01,8967242,CP,7.093853,2458904.815773,2020-04-15 12:38:54,2021-10-29 12:59:15,167.232915,34.303015,8.3662,5690.0,0.956941,1
1801.01,119584412,CP,10.6439385,2459648.619735,2020-04-15 12:38:54,2023-12-03 12:03:15,175.575599,23.027033,9.85623,3815.0,0.55,1
1806.01,166648874,CP,15.1512051,2458909.543414,2020-04-15 12:38:54,2025-04-20 12:03:53,166.118147,30.458576,12.6196,3272.0,0.401575,1
1807.01,180695581,CP,0.54937,2459664.070547,2020-04-15 12:38:54,2022-07-19 15:34:37,201.282626,38.922367,9.0363,4612.99,0.74,1
1808.01,307734817,FP,2.1075001,2458900.910995,2020-04-15 12:38:54,2023-04-06 16:02:02,171.59704,28.056535,11.6735,6351.66,1.59204,0
1811.01,376524552,CP,3.7130701,2459661.050292,2020-04-15 12:38:54,2022-07-14 10:10:02,188.922358,27.214377,11.1237,4719.0,0.81,1
1813.01,377290815,FP,0.798,2458684.12719,2020-04-17 11:50:40,2021-10-29 12:59:15,286.592985,56.629312,9.91892,6194.2,1.84,0
1815.01,233720539,FP,2.555332,2460559.904763,2020-04-17 11:50:40,2024-11-21 16:02:02,276.379287,63.488103,10.8946,6454.0,2.48,0
1816.01,237108272,FA,22.7873,2458688.28857,2020-04-17 11:50:40,2021-10-29 12:59:15,257.139454,78.587055,9.303001,5845.0,1.16,0
1819.01,341815767,FA,3.09374,2458685.5559,2020-04-17 11:50:39,2022-06-02 12:03:17,267.520221,54.636127,8.98018,6610.0,1.47,0
1820.01,393831507,CP,4.860673,2459661.328325,2020-04-17 11:50:40,2023-03-03 12:03:04,187.686721,27.452002,10.5268,5778.2,1.4,1
1823.01,142381532,CP,38.8135498,2460345.348566,2020-04-17 11:50:40,2025-04-20 12:03:53,196.21972,63.753261,9.7722,4760.0,0.82,1
1824.01,142387023,CP,22.8085719,2460362.103539,2020-04-17 11:50:40,2025-04-20 12:03:53,197.731229,61.744849,8.9754,5182.0,0.82,1
1826.01,229400092,CP,4.1419805,2459761.726499,2020-05-07 18:04:46,2023-06-13 16:02:07,292.458821,62.529189,11.2086,5418.3,1.15614,1
1827.01,390651552,CP,1.467119,2459691.149337,2020-05-07 18:04:46,2022-11-09 16:02:01,191.981531,9.749418,8.8223,3297.0,0.331472,1
1828.01,232982938,CP,9.0941239,2459918.438376,2020-05-07 18:04:46,2024-02-13 12:03:01,241.562248,69.621802,11.1315,5759.8,1.56,1
1830.01,20182165,FP,9.7815625,2459680.305818,2020-05-07 18:04:46,2022-05-31 16:02:01,226.181249,38.605375,7.0166,6327.16,1.21,0
1836.01,207468071,CP,20.3807824,2458933.167227,2020-05-07 18:04:46,2025-07-21 16:00:02,245.907924,54.690077,9.29416,6351.0,1.61988,1
1836.02,207468071,FP,1.7727505,2460477.136269,2022-07-28 21:43:09,2025-04-30 12:03:16,245.907924,54.690077,9.29416,6351.0,1.62,0
1837.01,144441148,FP,5.8182239,2458931.250769,2020-05-07 18:04:46,2026-07-24 12:04:08,207.905911,33.49239,8.70842,5961.28,1.99038,0
1842.01,404505029,CP,9.5739531,2459680.103432,2020-05-07 18:04:46,2022-06-01 12:04:12,201.962655,9.030644,9.26733,6115.0,2.05,1
1843.01,258871793,FP,9.1469122,2458931.120722,2020-05-07 18:04:46,2021-10-29 12:59:15,287.894787,66.328065,12.6445,5954.0,1.2752,0
1846.01,198385543,CP,3.9306746,2459884.349803,2020-05-07 18:04:46,2025-07-22 12:04:25,257.954965,54.527848,11.8467,3512.0,0.411452,1
1848.01,219824469,FP,5.4809161,2459661.07431,2020-05-08 16:49:52,2024-03-26 12:03:01,204.440006,48.250123,10.5038,5923.0,1.62,0
1853.01,73540072,CP,1.2436239,2459690.743436,2020-05-08 16:49:52,2023-12-03 12:03:15,211.459347,16.99237,11.3719,4968.8,0.84,1
1855.01,81247740,CP,1.3641482,2459690.637842,2020-05-08 16:49:52,2025-04-20 12:03:53,205.353953,17.686872,10.6503,5347.0,1.08,1
1856.01,224313733,FP,197.0336254,2459517.338757,2020-05-08 16:49:52,2024-09-18 10:08:02,234.099145,57.890738,10.9374,5616.4,1.0,0
1859.01,229742722,CP,63.4839358,2460503.687053,2020-05-08 17:43:13,2024-11-14 10:08:02,279.831764,69.522873,9.93689,6415.0,1.4,1
1860.01,202426247,CP,1.0662082,2460367.147621,2020-05-18 15:28:56,2024-05-08 10:08:01,226.456731,64.047682,7.7885,5668.0,0.93,1
1862.01,321668398,CP,5.6442112,2459768.446771,2020-05-29 16:35:30,2023-07-05 12:02:59,264.26302,53.021275,11.5429,6310.0,1.63591,1
1863.01,356919658,FP,1.42611,2458683.89879,2020-05-29 16:35:30,2021-10-29 12:59:15,273.580728,57.992976,11.2542,6404.0,1.32,0
1867.01,400476523,FP,18.10671,2458700.97371,2020-05-29 16:35:30,2021-10-29 12:59:15,295.558877,59.589129,12.2339,6615.0,1.65,0
1871.01,233503636,FP,3.40612,2458685.82187,2020-05-29 16:35:30,2021-10-29 12:59:15,251.235703,77.344038,11.5906,5955.3,1.67,0
1877.01,233497719,FP,3.801591,2460534.067363,2020-05-29 16:35:31,2024-11-21 16:02:02,249.519983,77.756401,12.8746,6051.0,1.01,0
1881.01,59859387,FP,1.1203828,2459987.207387,2020-05-29 16:35:31,2025-05-16 16:00:02,110.369675,-45.567737,10.2761,6564.4,1.47,0
1883.01,348755728,CP,4.5063838,2459256.846553,2020-05-29 16:35:31,2025-04-20 12:03:53,134.089246,-12.930644,13.3462,3477.0,0.493576,1
1885.01,258510872,CP,6.5440665,2459736.999544,2020-05-29 16:35:31,2024-02-13 12:03:01,304.665223,66.155954,11.9742,6232.0,1.76,1
1888.01,459997997,FP,5.547485,2459328.032732,2020-05-29 16:35:31,2021-12-07 16:02:02,156.250032,-60.575142,10.4748,7397.0,2.04,0
1897.01,420645189,FP,48.5340395,2459000.999918,2020-05-29 16:46:26,2024-09-18 10:08:02,48.370422,75.268379,10.1374,5937.0,1.03,0
1897.02,420645189,FP,48.5338626,2458837.476698,2020-10-07 20:11:14,2024-09-18 10:08:02,48.370422,75.268379,10.1374,5937.0,1.03,0
1898.01,91987762,CP,45.5221456,2459531.564033,2020-05-29 16:46:26,2024-09-17 10:08:02,144.5553,23.546746,7.4098,6303.91,1.61034,1
1899.01,172370679,CP,29.0902271,2459439.215254,2020-05-29 16:46:26,2022-10-11 16:02:02,299.426847,40.143346,12.5826,3854.0,0.617863,1
1918.01,308425348,FP,3.39829,2458571.7908,2020-05-29 17:45:53,2021-10-29 12:59:15,167.582816,-58.982985,12.2876,6271.0,1.09,0
1937.01,268301217,CP,0.9466787,2459989.041517,2020-06-02 17:11:59,2023-12-03 12:03:15,116.370721,-52.383259,12.4933,5707.0,1.07,1
1939.01,325172035,FP,2.8970202,2459308.612847,2020-06-17 17:40:43,2021-10-29 12:59:15,177.494824,-63.949071,8.2376,8862.0,,0
1941.01,167009792,FP,1.133052,2460932.531044,2020-06-17 17:40:43,2026-02-23 16:00:01,95.102051,-66.400466,8.5122,5883.8,2.1,0
1942.01,308919449,FP,1.6563738,2460012.02774,2020-06-17 17:40:43,2023-03-22 10:10:11,122.61813,-65.852379,9.8146,5614.1,1.02,0
1944.01,461080504,FP,6.0988471,2459285.44868,2020-06-17 17:40:43,2021-10-29 12:59:15,159.580056,-61.289786,10.9572,7023.2,1.82219,0
1945.01,357536526,FP,1.57363,2458545.66094,2020-06-17 17:40:43,2021-10-29 12:59:15,137.66287,-64.471528,10.6707,5342.5,1.66,0
1946.01,127315102,FP,10.8458712,2459338.849888,2020-06-17 17:40:43,2021-10-29 12:59:15,217.279625,-43.361979,8.4672,6670.3,2.56,0
1947.01,460140752,FP,12.0077462,2460066.821944,2020-06-17 17:40:43,2023-05-31 10:10:01,156.738469,-60.665225,8.9301,4990.7,,0
1948.01,31268146,FP,3.6473383,2460013.457382,2020-06-17 17:40:43,2024-02-06 16:04:15,88.071315,-70.920308,10.1302,5928.0,1.47579,0
1950.01,327663613,FP,1.41144,2458599.56984,2020-06-17 17:40:43,2021-12-07 16:02:02,189.810101,-69.542013,8.4215,9208.0,,0
1952.01,394509844,FP,6.89132,2458599.31398,2020-06-17 17:40:43,2021-10-29 12:59:15,154.996219,-79.802603,10.5,5488.0,1.41,0
1953.01,242536549,FP,0.6923563,2459359.132432,2020-06-17 17:40:44,2021-10-29 12:59:15,215.145569,-41.983318,9.5187,6422.1,1.85,0
1955.01,166184426,FP,16.3152,2458600.45092,2020-06-17 17:40:44,2021-10-29 12:59:15,206.105083,-40.336403,11.1825,3625.0,0.31,0
1956.01,334911765,FP,0.88958,2458600.59694,2020-06-17 17:40:44,2021-10-29 12:59:15,213.978422,-62.906643,10.4877,5586.2,1.11,0
1957.01,302659412,FP,14.5187891,2460083.974882,2020-06-17 17:40:44,2024-01-23 16:02:02,134.966386,-67.955597,9.4845,5844.8,1.79,0
1959.01,400323948,FP,3.2242808,2459336.010178,2020-06-17 17:40:44,2021-10-29 12:59:15,166.085979,-67.991833,11.0897,4866.2,2.62415,0
1962.01,141663464,FP,1.76447,2458601.34368,2020-06-17 17:40:44,2021-10-29 12:59:15,228.629109,-43.387085,7.185,8049.0,5.08,0
1963.01,190271688,FP,12.6534664,2459341.024374,2020-06-17 17:40:44,2025-09-04 16:00:02,221.343502,-54.761146,10.163,5394.6,1.18915,0
1964.01,242083025,FP,0.6466988,2459307.492086,2020-06-17 17:40:44,2026-03-28 12:03:56,201.642206,-39.629886,10.7892,6308.3,1.71404,0
1965.01,295354126,FP,2.2778177,2459357.403106,2020-06-17 17:40:44,2021-10-29 12:59:15,223.151952,-61.568677,8.177301,9096.5,,0
1969.01,293708935,FP,2.6855915,2458597.350807,2020-06-17 17:40:44,2021-10-29 12:59:15,222.333572,-60.080256,8.5941,5796.0,1.51715,0
1971.01,253132689,FP,3.217824,2460062.383323,2020-06-17 17:40:44,2023-05-31 16:02:02,194.769773,-57.253713,10.3345,5418.0,1.67,0
1975.01,467281353,FP,2.8319354,2459332.170832,2020-06-17 17:40:44,2023-01-27 12:02:32,168.076087,-60.93258,10.2081,5408.7,1.48,0
1977.01,383531859,FP,17.0614756,2459352.185799,2020-06-17 17:40:45,2021-10-29 12:59:15,216.147711,-60.383601,9.5918,9184.7,2.14183,0
1978.01,458856474,FP,6.081043,2460751.695956,2020-06-17 17:40:45,2026-02-18 10:08:02,161.140515,-59.737608,5.666,8719.5,1.0,0
1979.01,458857720,FP,1.30924,2458571.79697,2020-06-17 17:40:45,2021-10-29 12:59:15,161.046711,-59.92517,9.8678,8832.5,,0
1980.01,127793615,FP,9.27898,2458604.91156,2020-06-17 17:40:45,2021-10-29 12:59:15,218.270079,-43.298512,10.9805,5898.8,1.45,0
1983.01,89535068,FP,6.1110945,2459288.09218,2020-06-17 20:08:07,2021-10-29 12:59:15,127.281049,-57.194209,10.3349,5725.0,1.07235,0
1984.01,162246865,FP,0.5646193,2459331.916143,2020-06-17 20:08:07,2023-01-25 10:10:01,168.871533,-44.428987,10.361,6237.0,1.3,0
1988.01,161156159,FP,2.2818488,2460064.293216,2020-06-17 20:08:08,2023-05-31 16:02:02,190.132487,-48.740903,10.1854,5368.0,2.15,0
1989.01,324395151,FP,3.4551479,2459309.575644,2020-06-17 20:08:08,2021-10-29 12:59:15,176.866343,-64.882975,10.2581,8046.5,,0
1990.01,457939414,FP,3.7899524,2459281.710853,2020-06-17 20:08:08,2021-10-29 12:59:15,158.670633,-59.748482,10.1574,5579.5,1.10456,0
1991.01,82707763,FP,6.6570835,2460065.075037,2020-06-17 20:08:08,2023-05-31 10:10:01,169.958638,-51.866071,10.1405,5805.6,1.73,0
1992.01,147340931,FP,4.3114812,2459331.540551,2020-06-17 20:08:08,2026-05-07 16:00:02,162.91688,-44.984741,10.5287,,1.72,0
1993.01,453464017,FP,3.9416903,2459352.660686,2020-06-17 20:08:08,2021-10-29 12:59:15,152.28015,-72.798117,10.248,6190.4,1.48,0
1994.01,445903569,CP,4.0337201,2460032.218521,2020-06-17 20:08:08,2025-04-20 12:03:53,147.174575,-51.756564,10.2396,7369.0,2.22,1
1996.01,275384718,FP,7.72433,2458576.4335,2020-06-17 20:08:08,2021-10-29 12:59:15,178.547176,-46.896887,10.2372,6249.4,2.32,0
1998.01,429295277,FP,1.10833,2458572.20786,2020-06-17 20:08:08,2021-10-29 12:59:15,184.259218,-51.075153,10.186,5972.0,1.4,0
2000.01,371188886,CP,9.1270519,2460086.660775,2020-06-17 20:08:08,2025-09-24 16:00:02,146.397063,-66.686631,10.3579,5400.0,1.18,1
2000.02,371188886,CP,3.098367,2460038.819877,2022-03-24 22:19:25,2023-12-03 12:03:15,146.397063,-66.686631,10.3579,5400.0,1.18,1
2002.01,356453768,FP,2.3330349,2460011.151332,2020-06-17 20:08:08,2023-03-27 10:10:16,134.190203,-61.371461,10.4879,5986.5,1.56,0
2004.01,439610306,FP,1.79988,2458545.26565,2020-06-17 20:08:08,2021-10-29 12:59:15,143.46695,-55.175763,9.0607,6136.9,2.46,0
2006.01,41173048,FA,6.40938,2459194.004177,2020-06-17 20:08:08,2021-10-29 12:59:15,91.22465,-69.360322,9.2225,4650.0,8.3,0
2008.01,70887357,FP,723.8345008,2458454.33261,2020-06-17 20:19:42,2024-09-18 10:08:02,63.857632,-16.902144,8.64807,5463.0,1.94771,0
2010.01,26547036,CP,1134.6723963,2459846.977285,2020-06-17 20:19:42,2025-01-11 12:03:18,292.166942,53.487369,9.26693,5842.0,1.0735199,1
2013.01,188589164,CP,2.6162769,2458956.396322,2020-06-19 06:00:39,2024-10-03 10:08:02,239.577568,35.408114,10.2705,3352.0,0.325635,1
2015.01,368287008,CP,3.3491408,2459712.928909,2020-06-19 06:00:39,2025-04-20 12:03:53,232.132653,27.361073,12.8387,3223.0,0.32,1
2017.01,357416482,FP,5.49826,2460434.940249,2020-06-19 06:00:39,2024-08-06 10:08:01,228.949819,27.36181,8.2057,6362.6,1.34,0
2018.01,357501308,CP,7.4355709,2458958.257962,2020-06-19 06:00:39,2024-10-01 10:08:01,229.837442,29.207877,8.962,4218.9,0.622512,1
2019.01,159781361,CP,15.3468182,2460431.584231,2020-06-19 06:00:39,2024-08-15 10:08:02,234.431765,48.955206,9.6087,5588.0,1.8,1
2022.01,11996814,FP,0.4487349,2458790.849435,2020-06-19 06:00:39,2021-10-29 12:59:15,31.17055,65.289331,11.6484,3975.0,0.627144,0
2025.01,394050135,CP,8.8720542,2459754.939635,2020-06-19 07:20:03,2023-06-16 12:02:57,282.795256,82.245414,10.9461,6042.0,1.47996,1
2027.01,335996558,FP,1.46329,2458739.50775,2020-06-19 07:20:03,2021-10-29 12:59:15,333.331904,62.857385,10.5027,6168.0,1.28,0
2028.01,336456596,FP,0.77871,2458739.62994,2020-06-19 07:20:03,2021-10-29 12:59:15,334.434433,62.465008,10.9141,7751.0,2.25,0
2029.01,445254275,FP,2.57134,2458767.19721,2020-06-19 07:20:03,2021-10-29 12:59:15,12.216148,59.386718,10.9415,7125.0,3.56,0
2034.01,427279997,FP,2.89453,2458768.72753,2020-06-19 07:20:03,2021-10-29 12:59:15,351.380744,54.601182,10.5682,9714.0,2.68,0
2041.01,54364414,FP,1.37477,2458792.09451,2020-06-19 07:20:03,2021-10-29 12:59:15,19.234846,62.35169,10.4608,5825.0,1.02,0
2042.01,269424395,FP,2.41872,2458768.14945,2020-06-19 07:20:03,2021-10-29 12:59:15,350.369407,60.801171,10.9518,6535.0,2.16,0
2044.01,270333769,FP,4.1207509,2460418.367886,2020-06-19 07:20:03,2024-07-26 10:08:01,351.880281,61.392515,10.4887,9953.0,2.38,0
2046.01,468574941,CP,1.4971447,2459882.348171,2020-06-19 07:20:04,2023-02-21 16:02:01,16.184942,74.331306,10.996,6081.0,1.2431901,1
2047.01,363761216,FP,7.4072602,2460651.832302,2020-06-19 07:20:04,2025-07-23 16:00:01,5.867146,71.158807,10.4708,5887.0,1.14,0
2048.01,159873822,CP,13.7905315,2459704.448013,2020-06-19 07:20:04,2023-03-20 12:03:37,237.924107,52.306308,10.7545,5021.6,0.76,1
2052.01,1100766816,FP,1.62263,2458957.04205,2020-06-19 07:20:04,2021-10-29 12:59:15,238.501017,19.596887,10.0943,5016.1,1.01,0
2053.01,315755496,FP,4.27808,2459394.643317,2020-06-19 07:20:04,2021-10-29 12:59:15,310.331372,82.435302,10.5008,4772.0,5.2787499,0
2054.01,378355116,FP,3.5684459,2459875.429386,2020-06-19 07:20:04,2023-05-26 16:02:02,358.248392,60.481667,10.7633,8124.0,2.08,0
2058.01,326732851,FP,1.51567,2458766.42257,2020-06-19 07:20:04,2021-10-29 12:59:15,359.678289,62.625907,10.5365,4963.0,4.96,0
2059.01,403308915,FP,3.7543552,2459878.778991,2020-06-19 07:20:04,2022-12-05 16:02:02,5.198855,55.542814,10.1731,8398.0,1.75,0
2060.01,285542903,FP,2.2657506,2460448.014024,2020-06-19 07:20:04,2024-08-06 10:08:01,13.27005,60.618112,9.8722,10125.0,4.14,0
2061.01,327577308,FP,1.45655,2458766.42545,2020-06-19 07:20:04,2021-10-29 12:59:15,4.747716,56.367066,10.636,4475.0,0.7,0
2062.01,373785851,FP,4.04163,2458795.9996,2020-06-19 07:20:04,2021-10-29 12:59:15,27.778642,63.081422,10.155,6895.0,2.36,0
2066.01,141663460,FP,1.76442,2458601.34368,2020-07-09 15:58:56,2021-10-29 12:59:15,228.631968,-43.385063,8.522,9277.7,2.26,0
2068.01,417931300,CP,7.7690887,2458683.416826,2020-07-15 20:44:30,2025-08-01 10:05:58,186.27356,60.418346,11.1806,3700.0,0.542573,1
2076.01,27491137,CP,10.3563596,2459675.695029,2020-07-15 20:44:30,2022-11-09 16:02:01,217.392016,39.790399,8.3745,5149.6,0.772148,1
2076.02,27491137,CP,35.1257472,2459675.93251,2020-07-15 20:44:30,2022-09-08 10:10:02,217.392016,39.790399,8.3745,5149.6,0.77,1
2076.03,27491137,CP,21.0153047,2459673.364369,2023-02-23 20:51:48,2023-02-24 12:02:44,217.392016,39.790399,8.3745,5149.6,0.77,1
2078.01,159244568,FA,6.2772478,2458820.249587,2020-07-15 20:44:30,2022-06-02 12:03:17,227.179973,82.446925,11.0372,5244.0,0.800741,0
2081.01,321669174,CP,10.5054362,2459757.444606,2020-07-15 20:44:31,2023-06-13 16:02:07,264.302263,53.025567,11.642,3742.0,0.515547,1
2084.01,441738827,CP,6.0784031,2459652.834382,2020-07-15 20:44:31,2023-12-03 12:03:15,259.254539,72.747023,13.3257,3630.0,0.47,1
2084.02,441738827,FP,8.1490285,2458745.410754,2020-07-15 20:44:31,2024-06-04 12:03:05,259.254539,72.747023,13.3257,3630.0,0.466766,0
2088.01,441765914,CP,124.72987,2459517.9957,2020-07-15 20:44:31,2025-04-20 12:03:53,261.374894,75.88228,10.8812,4902.0,0.831423,1
2093.01,402898317,CP,53.8108713,2458751.624048,2020-07-15 20:44:31,2025-10-02 12:04:12,302.737523,70.869653,10.6699,4455.0,0.730261,1
2095.01,235678745,CP,17.664866,2458692.799727,2020-07-15 20:44:32,2024-09-17 10:08:02,285.636524,75.418514,11.0788,3746.0,0.463205,1
2095.02,235678745,CP,28.1722501,2458704.29023,2020-07-15 20:44:32,2024-09-17 10:08:02,285.636524,75.418514,11.0788,3746.0,0.463205,1
2096.01,142748283,CP,3.1190716,2459601.846172,2020-07-15 20:44:32,2023-12-03 12:03:15,151.618699,74.827211,13.4764,3285.0,0.247331,1
2096.02,142748283,CP,6.3878202,2458687.53823,2020-07-15 20:44:32,2023-12-03 12:03:15,151.618699,74.827211,13.4764,3285.0,0.247331,1
2097.01,279982557,FP,1.7890217,2458712.393015,2020-07-15 20:44:32,2021-10-29 12:59:15,297.393769,66.293958,11.6685,5264.0,0.791524,0
2099.01,230386397,FP,19.5078657,2459626.670376,2020-07-15 20:44:32,2022-08-19 16:02:02,285.786011,64.230256,11.2011,4316.0,0.71,0
2106.01,393911494,FP,0.6332593,2458899.861702,2020-07-15 22:35:34,2021-10-29 12:59:15,207.178453,44.911752,9.85649,5590.0,0.976212,0
2107.01,446549906,CP,2.45457,2458654.61467,2020-07-17 14:54:19,2025-04-20 12:03:53,286.796541,-58.696835,11.3819,5565.0,0.97,1
2109.01,392476080,CP,0.67249,2458984.38888,2020-07-28 21:38:56,2023-05-11 12:03:14,253.186297,16.579915,9.78569,6647.0,1.7,1
2110.01,394029948,FA,32.76639,2458687.55509,2020-07-28 21:38:56,2024-09-18 10:08:02,282.229631,78.568946,9.69902,6073.0,1.39,0
2111.01,356235833,FP,1.2680452,2460479.42095,2020-07-28 21:38:56,2024-08-13 10:08:02,260.096376,20.281856,9.1597,5477.0,0.95,0
2113.01,1400212743,FP,5.24612,2458984.22398,2020-07-28 21:38:56,2024-08-28 12:02:58,267.354593,40.457105,10.5163,5286.9,1.76,0
2114.01,9828416,CP,6.2099619,2460476.661598,2020-07-28 21:38:56,2026-07-24 12:04:08,261.096395,33.205073,9.8251,6382.0,2.1,1
2115.01,54464870,FP,3.6944323,2460447.794803,2020-07-28 21:38:56,2024-08-06 10:08:01,19.595393,63.545086,8.29254,8153.0,2.11,0
2116.01,422838133,FP,5.3089937,2460644.06098,2020-07-28 21:38:57,2025-07-23 16:00:01,23.829473,72.936844,9.68129,6927.0,1.65,0
2117.01,279212407,FP,28.6620782,2458971.41863,2020-07-28 21:38:57,2022-07-13 16:02:01,25.690461,65.895769,9.98272,6280.0,1.72,0
2118.01,17416749,FP,2.34483,2458956.56894,2020-07-28 21:38:57,2021-10-29 12:59:15,242.201,35.691135,8.63532,6398.0,2.13,0
2119.01,236387002,CP,7.2008611,2460442.055186,2020-07-29 05:09:23,2024-08-15 10:08:02,244.429882,26.304211,10.3978,3606.0,0.5,1
2120.01,389900760,CP,5.7998189,2458795.822874,2020-07-29 05:13:33,2025-04-20 12:03:53,23.507315,65.513988,12.8233,3179.0,0.240233,1
2128.01,21832928,CP,16.3413889,2458987.266354,2020-07-29 05:13:34,2025-04-20 12:03:53,256.9818,32.105303,6.6813,5991.11,1.12506,1
2134.01,75878355,CP,9.2292078,2460496.590963,2020-08-07 21:59:54,2025-04-20 12:03:53,271.935501,39.072927,7.7945,4406.0,0.77,1
2134.02,75878355,CP,95.8531625,2460485.79438,2022-07-28 21:43:09,2024-09-25 10:08:01,271.935501,39.072927,7.7945,4406.0,0.77,1
2136.01,336128819,CP,7.8519082,2459394.593726,2020-08-07 21:59:54,2022-06-01 12:04:12,281.176343,36.563132,11.7371,3384.0,0.34388,1
2138.01,336267424,FP,1.4821845,2458684.221959,2020-08-07 21:59:54,2022-12-12 16:02:01,281.6619,41.56002,12.5466,6835.31,1.31284,0
2141.01,287256467,CP,18.2616878,2460453.432236,2020-08-07 21:59:54,2024-08-29 10:08:02,258.762346,18.340345,8.8975,5674.0,0.94,1
2145.01,88992642,CP,10.2611329,2460470.361827,2020-08-07 22:11:48,2024-08-26 10:08:02,263.758075,40.695043,8.55942,6202.0,2.78,1
2146.01,158916431,FP,5.8924856,2459765.039868,2020-08-10 17:26:48,2022-08-24 16:02:02,269.989998,29.655175,9.9094,7272.0,2.13,0
2147.01,341630071,CP,26.2049782,2459599.176807,2020-08-10 17:26:48,2026-06-22 12:03:45,155.641594,83.083724,10.7047,6115.0,1.3363301,1
2148.01,233569098,FP,23.48522,2458693.42328,2020-08-10 17:26:48,2024-09-18 10:08:02,281.814167,64.806519,10.6746,5930.0,1.51,0
2150.01,230267547,FP,2.2263798,2459768.269102,2020-08-10 17:26:48,2022-08-17 10:10:01,264.591131,18.473875,10.4288,6446.3,1.84,0
2151.01,23389848,FP,15.64643,2459014.36854,2020-08-10 17:26:48,2021-10-29 12:59:15,275.117976,30.85588,10.142,5660.0,1.95,0
2152.01,395393265,CP,3.3772835,2459883.441847,2020-08-10 17:26:48,2023-02-21 16:02:01,26.338972,77.790123,10.7053,6688.0,1.73235,1
2153.01,406855039,FP,2.7180835,2459391.951972,2020-08-10 17:26:48,2023-02-13 16:02:01,274.87052,71.248626,9.54581,5668.0,2.1805999,0
2154.01,428787891,CP,3.8240826,2459768.102761,2020-08-10 17:26:48,2023-06-13 16:02:07,71.028148,84.364265,10.6611,6243.0,1.38719,1
2155.01,461591646,CP,3.7246883,2459913.983994,2020-08-10 17:26:48,2025-09-24 12:04:28,5.800269,84.452839,10.9939,6144.0,1.74,1
2156.01,258402425,FP,0.67554,2459011.05035,2020-08-10 17:26:48,2021-10-29 12:59:15,274.416666,23.917679,9.87437,4872.0,2.74,0
2157.01,298495970,FP,8.4249043,2459764.110052,2020-08-10 17:26:49,2025-04-02 12:03:04,261.71771,25.84927,10.7033,5756.0,0.93,0
2158.01,342642208,CP,8.6007557,2459758.586312,2020-08-10 17:26:49,2023-03-03 12:03:04,276.810053,20.526887,10.1669,5389.0,1.5,1
2161.01,366563452,FP,1.5873866,2459767.160908,2020-08-10 17:26:49,2022-08-24 16:02:02,304.444709,77.166678,9.5998,5028.0,0.81,0
2162.01,284564230,FP,12.9773004,2460656.816106,2020-08-10 17:26:49,2025-07-23 10:08:02,291.524023,58.510182,10.2182,6610.0,1.66,0
2164.01,49967354,FP,1.09333,2459010.86112,2020-08-10 17:26:49,2021-10-29 12:59:15,277.907741,13.897884,10.879,5274.0,3.39,0
2167.01,160162987,FP,23.0531698,2459441.746048,2020-08-10 17:26:49,2024-09-18 10:08:02,242.364094,84.491119,10.7791,5752.0,1.19,0
2168.01,364075352,FP,37.83633,2458772.93351,2020-08-10 17:26:49,2024-09-18 10:08:02,306.223028,74.837343,10.9591,6641.0,1.26,0
2171.01,75656058,FA,1.78166,2459011.83317,2020-08-10 17:26:49,2021-10-29 12:59:15,270.898715,38.073512,10.8181,6528.0,1.49,0
2172.01,76197937,FA,1.78252,2459011.82925,2020-08-10 17:26:49,2024-06-20 12:02:45,273.702683,37.629995,10.8642,5085.0,3.7,0
2173.01,293567206,FP,0.6856225,2460311.597247,2020-08-10 17:26:49,2024-02-05 10:08:02,145.799111,87.86853,10.4929,5829.0,1.06,0
2179.01,237913194,CP,15.1689723,2459062.422964,2020-08-10 18:29:44,2021-12-09 10:10:02,22.445812,-60.73991,11.4864,5713.0,1.12898,1
2180.01,298663873,CP,260.1740061,2459611.445537,2020-08-10 18:29:44,2026-05-05 12:03:40,277.94363,56.650679,8.56854,5739.0,1.62762,1
2184.01,176956893,CP,6.9067868,2459036.618741,2020-09-18 16:26:01,2025-06-03 16:00:01,100.833125,-66.947656,11.4057,5731.8,3.1513801,1
2193.01,401604346,CP,2.1223673,2459037.564542,2020-09-18 16:26:01,2023-03-03 12:03:04,313.691232,-72.80464,11.3996,6079.0,1.19653,1
2194.01,271478281,CP,15.3419095,2460141.982191,2020-09-18 16:26:01,2023-12-03 12:03:15,299.156339,-31.335181,7.4259,4669.0,0.69,1
2196.01,372172128,CP,1.1953968,2459036.508778,2020-09-18 16:26:01,2022-08-15 12:02:56,312.340074,-70.485072,11.3643,5728.0,1.02917,1
2202.01,358107516,CP,11.9124942,2459041.912359,2020-09-18 16:26:02,2024-02-15 10:08:02,51.228421,-73.957546,12.173,5064.0,0.823883,1
2205.01,260298958,FP,0.8891483,2459036.525582,2020-09-18 16:26:02,2025-07-09 16:00:02,94.315682,-56.509859,15.0804,3653.0,0.649887,0
2207.01,90850770,CP,8.000489,2459043.770189,2020-09-18 16:26:02,2025-06-04 16:00:01,307.596693,-44.887618,10.9651,6146.0,1.55738,1
2211.01,212253390,CP,3.0926858,2459038.102648,2020-09-18 16:26:02,2026-01-09 16:00:01,308.539086,-29.672613,9.2551,5253.0,0.834386,1
2215.01,425561347,CP,5.7772122,2459040.86632,2020-09-18 19:18:08,2024-04-25 10:08:01,286.073121,-32.354279,9.977,4882.7,0.729818,1
2221.01,441420236,CP,8.4536777,2459041.281746,2020-09-18 19:18:08,2025-08-29 16:00:02,311.291137,-31.34245,6.755,3588.0,0.698009,1
2228.01,61733521,FP,3.36296,2458655.87771,2020-09-18 21:10:22,2021-10-29 12:59:15,289.018075,-46.480756,10.8911,5420.0,0.9,0
2230.01,129432342,FP,1.79217,2459037.29826,2020-09-18 21:10:22,2021-10-29 12:59:15,304.452849,-44.968454,10.9198,4884.0,4.7,0
2231.01,100504381,FA,5.46278,2460143.110815,2020-09-18 21:10:22,2023-08-28 10:08:02,308.563699,-48.274725,8.565,,1.69,0
2236.01,394722182,CP,3.5315897,2459389.337457,2020-09-18 21:10:23,2023-03-03 12:03:04,20.166011,-86.979965,10.8673,6209.0,1.62,1
2237.01,389238529,FP,0.49642,2459036.5003,2020-09-18 21:10:23,2021-10-29 12:59:15,302.999475,-37.561663,10.9987,7000.0,1.41,0
2239.01,388130235,FP,92.1950921,2459323.834757,2020-09-18 21:10:23,2024-09-18 10:08:02,65.410196,-67.467038,10.7891,5030.6,3.0,0
2240.01,98494121,FP,3.06555,2458659.34688,2020-09-18 21:10:23,2021-10-29 12:59:15,290.986777,-36.910419,10.9931,5285.0,0.71,0
2246.01,349786918,FP,2.9663389,2460772.168476,2020-09-18 21:10:23,2026-04-28 16:00:02,113.043495,-65.811395,9.9676,5807.0,1.59,0
2247.01,376168473,FA,5.41402,2459040.0943,2020-09-18 21:10:23,2021-10-29 12:59:15,310.483618,-38.878003,10.787,6394.3,1.75,0
2249.01,152714791,FP,1.27349,2459036.88269,2020-08-25 19:22:41,2021-10-29 12:59:15,304.628882,-30.648846,10.3486,4982.0,4.35,0
2250.01,264303333,FP,0.8153098,2460367.057256,2020-09-23 20:39:01,2024-04-22 10:08:02,296.355007,67.310971,10.1583,5729.0,0.97,0
2253.01,367855829,FA,85.4244796,2458714.619721,2020-09-23 20:39:01,2024-09-18 10:08:02,276.868143,73.264575,9.9558,5697.0,1.29609,0
2257.01,198485881,CP,35.1896444,2459606.202888,2020-09-23 20:39:02,2022-11-09 16:02:01,194.739614,77.661716,12.9672,3446.0,0.326932,1
2258.01,219821826,FP,9.6799809,2459659.732563,2020-09-23 20:39:02,2022-06-29 16:02:02,268.029535,62.79094,12.2169,5980.0,1.11,0
2260.01,232568235,CP,0.3524597,2460423.375669,2020-09-23 20:39:02,2024-07-26 10:08:01,247.667,49.046789,9.75874,5432.0,0.9,1
2266.01,8348911,CP,2.326343,2458957.9252,2020-09-30 13:26:55,2025-04-20 12:03:53,245.28004,31.577041,13.5042,3244.0,0.261162,1
2267.01,459837008,CP,3.4950422,2458816.152459,2020-09-30 13:26:55,2025-08-20 12:05:05,65.061496,84.900824,12.2591,3022.0,0.242745,1
2267.03,459837008,CP,2.2891027,2458818.073212,2022-02-28 23:51:56,2025-08-20 12:05:05,65.061496,84.900824,12.2591,3022.0,0.242745,1
2269.01,441798995,FA,1.4206036,2458683.350647,2020-09-30 13:26:55,2021-10-29 12:59:15,264.147896,77.126216,11.9521,3872.0,0.548484,0
2274.01,289164482,CP,2.6796164,2458685.367259,2020-09-30 13:26:55,2025-04-20 12:03:53,277.459311,40.541412,10.3543,3943.0,0.63072,1
2283.01,198211976,FA,0.4018586,2458683.724447,2020-09-30 13:26:56,2023-08-03 10:10:02,248.333273,63.524496,11.2076,3621.0,0.520283,0
2284.01,115446313,FP,4.9707023,2460471.356355,2020-09-30 13:26:56,2024-08-13 10:08:02,252.471891,47.316983,9.88372,6109.0,1.21,0
2285.01,329148988,CP,27.2672016,2458747.184629,2020-09-30 13:26:56,2024-09-18 10:08:02,332.563264,58.706093,11.3078,3546.0,0.460014,1
2299.01,362220495,FA,165.0031583,2458798.44781,2020-09-30 15:42:36,2024-09-18 10:08:02,286.227961,79.755949,9.863,5780.0,0.699973,0
2303.01,197959526,FP,0.7196291,2459061.885478,2020-10-01 13:35:30,2021-10-29 12:59:15,348.296702,-53.832813,11.8199,6454.0,1.69458,0
2316.01,61980227,FP,3.0958985,2459064.594292,2020-10-01 13:35:30,2024-09-14 12:03:00,335.53692,-30.763927,12.0516,6764.0,1.25844,0
2317.01,274599700,FP,,2459002.081234,2020-10-05 21:01:55,2021-10-29 12:59:15,255.328342,51.529396,11.8831,5635.75,1.43565,0
2319.01,349488688,CP,,2459002.765265,2020-10-05 21:01:55,2023-03-23 14:58:12,253.784885,20.491524,8.40302,6329.0,1.39619,1
2320.01,207501148,FP,,2459007.727293,2020-10-05 21:01:55,2021-10-29 12:59:15,247.657124,56.399869,9.85317,5879.0,1.23623,0
2322.01,300812741,CP,20.2254946,2459037.417539,2020-10-07 15:20:37,2025-08-26 12:03:46,116.973103,-71.001967,10.0534,4465.0,0.697547,1
2322.02,300812741,CP,11.3071786,2460160.451337,2021-08-12 22:51:27,2025-08-26 12:03:46,116.973103,-71.001967,10.0534,4465.0,0.7,1
2323.01,293527670,FP,0.98656,2459086.60982,2020-10-07 15:20:37,2021-10-29 12:59:15,352.192845,-76.636896,10.3338,5522.0,1.64,0
2328.01,394287035,CP,17.1019622,2459356.607647,2020-10-07 20:14:20,2025-04-20 12:03:53,31.690742,-81.247376,11.584,5302.3,0.93,1
2336.01,88902249,CP,7.7119842,2460083.976548,2020-10-23 19:58:26,2025-07-09 16:00:02,230.230416,-33.69246,10.1757,6458.0,1.83,1
2337.01,230001847,CP,2.994263,2459769.981102,2020-10-23 19:58:26,2023-06-13 16:02:07,290.619895,60.853904,11.2347,4784.0,3.22859,1
2338.01,24358417,CP,22.6539607,2459183.68068,2020-10-23 19:58:26,2022-12-21 12:03:01,81.344582,-34.668249,11.7024,5523.0,1.12,1
2340.01,29959761,FP,1.6471574,2459169.749893,2020-10-23 19:58:26,2021-10-29 12:59:15,42.261441,-16.557655,11.8012,5027.0,0.73,0
2341.01,100267480,FP,0.87741,2458681.75145,2020-10-23 19:58:26,2025-02-06 12:03:34,306.843521,-53.220653,12.722,3495.0,0.62,0
2342.01,100589632,FP,3.9471567,2459221.101551,2020-10-23 19:58:27,2021-10-29 12:59:15,86.458859,-32.947641,11.1581,4794.0,0.84,0
2345.01,91555165,CP,1.0526157,2459116.731575,2020-10-23 19:58:27,2025-10-16 12:03:52,43.884794,-34.977975,10.3759,4621.0,0.758575,1
2345.02,91555165,CP,42.1289893,2459120.29967,2021-07-28 20:17:26,2025-10-16 12:03:52,43.884794,-34.977975,10.3759,4621.0,0.758575,1
2354.01,219766989,FP,0.5109902,2459332.152874,2020-10-23 19:58:28,2021-10-29 12:59:15,192.32172,-21.333033,11.9951,6095.0,1.53,0
2358.01,124095888,FP,1.1258127,2459331.195756,2020-10-23 19:58:28,2025-01-25 12:03:24,196.285834,-31.985378,11.5137,6423.0,1.24,0
2360.01,31656385,FP,22.84518,2459073.99562,2020-10-23 19:58:28,2024-09-18 10:08:02,46.659674,-66.007932,11.9961,5963.1,1.57,0
2364.01,39414571,CP,4.0197555,2459227.044447,2020-10-23 19:58:28,2023-12-03 12:03:15,89.130026,-5.01203,11.5521,5216.0,0.94,1
2365.01,344085117,FP,0.659752,2459962.920417,2020-10-23 19:58:28,2025-07-10 10:08:01,108.017449,-50.247778,11.9732,5832.0,1.25112,0
2368.01,401125028,CP,5.1750108,2459990.646884,2020-10-23 19:58:28,2025-07-09 16:00:02,134.957623,-48.488493,11.6955,5177.0,0.892685,1
2372.01,189620016,FP,1.1793395,2460718.288102,2020-10-23 19:58:29,2026-06-09 16:00:01,144.040606,-24.751118,12.2186,6127.1,2.6058199,0
2373.01,332558858,CP,13.3368173,2459168.5071,2020-10-23 19:58:29,2024-02-28 12:02:45,61.68622,-16.755755,12.5882,5517.0,1.2,1
2374.01,439366538,CP,4.3135917,2459064.195632,2020-10-28 23:31:58,2026-01-09 16:00:01,319.498241,-22.049823,11.2057,4929.5,0.8,1
2379.01,201177276,CP,5.4693888,2459062.464298,2020-11-06 18:59:45,2025-04-20 12:03:53,358.092047,-53.043156,13.6521,3770.0,0.638902,1
2384.01,382602147,CP,2.1357026,2459062.34163,2020-11-06 18:59:46,2025-04-20 12:03:53,36.156146,-65.000196,13.3147,3678.2,0.666652,1
2400.01,260849386,FP,1.0339,2458568.22176,2020-11-24 20:52:12,2021-10-29 12:59:15,118.937216,-54.266268,10.7961,6444.0,2.28,0
2404.02,142087638,FP,74.6068965,2458558.995549,2021-07-19 00:13:44,2025-12-11 16:00:01,98.442149,-74.190098,11.1464,6142.0,1.18003,0
2404.03,142087638,FP,74.6065192,2458512.163146,2021-07-19 00:13:44,2025-12-11 16:00:01,98.442149,-74.190098,11.1464,6142.0,1.18003,0
2406.01,212957629,CP,3.0766835,2459115.976073,2020-11-24 20:55:50,2024-11-15 16:02:02,8.806054,-3.372083,14.3109,3163.0,0.1966,1
2407.01,153078576,CP,2.7029187,2459116.620626,2020-11-24 20:55:50,2025-07-22 12:04:25,49.746545,-46.458025,12.5264,3596.0,0.524573,1
2409.01,321068176,FA,12.9696927,2459121.065867,2020-11-24 20:55:50,2021-10-29 12:59:15,44.338399,-41.191773,11.2711,5017.0,0.972753,0
2411.01,10837041,CP,0.7827075,2460987.464436,2020-11-24 20:55:50,2026-02-20 10:08:01,20.922457,-8.701794,10.4238,4099.0,0.727642,1
2412.01,684936227,FA,15.29859,2459134.75391,2020-11-25 21:07:35,2021-10-29 12:59:15,62.379568,-62.850656,11.9755,4131.3,,0
2413.01,206498307,FP,13.4190392,2459066.937927,2020-11-25 21:26:32,2021-10-29 12:59:15,332.188392,-18.992719,11.3882,5184.9,1.69269,0
2416.01,237922465,CP,8.2754608,2459352.544159,2020-11-25 21:26:32,2024-02-28 12:02:45,57.338941,-60.787186,12.4333,5515.2,1.39,1
2417.01,49617263,FP,4.83266,2459139.2966,2020-11-25 22:47:01,2021-10-29 12:59:15,37.885227,-40.016204,10.2589,5485.4,1.83,0
2418.01,65347776,FP,25.86696,2459133.37121,2020-11-25 22:47:02,2024-09-18 10:08:02,39.725259,-27.324227,10.9166,5095.0,0.8,0
2420.01,268532343,CP,5.84259,2459136.26698,2020-11-25 22:47:02,2025-04-20 12:03:53,14.826814,-19.771164,10.8285,5707.0,2.2,1
2421.01,70524163,CP,4.3474,2459139.61885,2020-11-25 22:47:02,2023-03-03 12:03:04,33.154021,-35.390918,10.6918,5618.0,1.79,1
2424.01,313891529,FP,12.3750537,2459092.273962,2020-12-04 01:07:14,2021-10-29 12:59:15,0.315071,-28.493223,10.2845,6173.5,2.36235,0
2427.01,142937186,CP,1.30613,2459169.61994,2020-12-22 23:47:36,2021-10-29 12:59:15,52.291732,-31.362867,9.0138,4072.0,0.68,1
2431.01,258804746,CP,0.224195,2460258.868869,2020-12-22 23:47:36,2025-07-22 12:04:25,37.765299,8.381625,9.5209,4079.0,0.68,1
2438.01,686072378,FP,1.9426003,2459175.406024,2021-01-06 21:28:53,2021-10-29 12:59:15,68.226889,-32.88712,16.2463,5780.0,,0
2442.01,168871868,FP,17.1217196,2459183.305376,2021-01-06 21:28:53,2021-10-29 12:59:15,65.100654,-31.081604,11.402,5762.0,1.0,0
2443.01,318753380,CP,15.6692322,2459148.098617,2021-01-06 21:28:53,2021-11-22 12:01:46,40.179861,1.199676,8.2969,4214.44,0.732115,1
2445.01,439867639,CP,0.3711334,2458411.217326,2021-01-06 21:28:53,2022-01-29 12:02:06,43.316155,0.052337,13.1292,3333.0,0.272233,1
2447.01,1167538,CP,,2459168.988935,2021-01-06 21:30:16,2026-03-04 12:04:23,70.997586,-31.906637,10.0127,5825.0,1.04,1
2448.01,231721005,FP,9.0182016,2460121.423199,2021-01-06 21:30:16,2023-08-28 10:08:02,80.740227,-53.76459,10.0039,9671.0,1.78,0
2449.01,170729775,CP,16.6542431,2459186.901539,2021-01-06 21:30:16,2025-10-04 12:03:45,67.984371,-34.455533,9.8999,6054.0,1.08,1
2451.01,4294779,FP,0.3438892,2459174.475148,2021-02-03 22:59:10,2021-10-29 12:59:15,81.312676,-0.770748,15.8552,3199.0,0.540483,0
2452.01,219208037,FP,0.9776805,2459229.062884,2021-02-03 22:59:10,2021-10-29 12:59:15,93.098193,-50.930948,11.1925,4456.2,1.09813,0
2458.01,449197831,CP,3.7369689,2459177.402573,2021-02-03 22:59:11,2021-10-29 12:59:15,79.621529,1.253439,8.71008,6092.0,1.32975,1
2459.01,192790476,CP,19.1047019,2458452.334564,2021-02-03 22:59:12,2024-09-02 12:03:01,82.143332,-39.373046,9.3951,4195.0,0.675093,1
2468.01,31114545,FP,24.4232697,2459196.87342,2021-02-03 23:44:46,2024-09-18 10:08:02,80.896099,-24.121296,10.3598,6102.0,2.37,0
2469.01,117843067,FP,2.3767548,2459198.809559,2021-02-03 23:44:46,2025-01-08 12:03:11,70.308489,-15.672123,10.6749,6931.0,2.57,0
2475.01,373453507,FP,15.7925628,2459197.39928,2021-02-03 23:44:47,2021-10-29 12:59:15,76.524234,10.594174,10.7302,5600.0,1.37,0
2480.01,1449756,FP,11.3543085,2459199.593066,2021-02-03 23:44:48,2022-02-08 12:02:04,75.174905,-34.815988,10.8256,6421.0,1.92,0
2483.01,219151731,FP,1.4853364,2459249.973749,2021-02-03 23:44:48,2022-07-06 16:02:02,89.835166,-49.469569,10.1217,6137.7,1.51,0
2485.01,328934463,CP,11.2347982,2459658.812257,2021-02-11 21:44:26,2025-04-20 12:03:53,205.204322,22.983969,10.9687,6016.4,1.72,1
2492.01,282498590,FP,10.1004307,2459222.255014,2021-02-19 00:37:58,2025-01-08 12:03:11,90.099738,5.11447,11.6749,6519.0,1.49,0
2497.01,97568467,CP,10.655694,2459205.098381,2021-02-19 00:37:58,2024-06-06 10:08:02,90.062588,11.884058,9.14112,6715.0,2.49897,1
2498.01,263179590,CP,3.7382381,2459204.417815,2021-02-19 00:37:59,2024-06-06 10:08:02,95.41622,11.251648,10.844,5938.0,1.2906801,1
2510.01,170103435,FP,1.9785151,2459984.552667,2021-03-02 22:28:41,2023-03-08 16:02:02,101.397361,-46.565471,10.0879,6317.0,1.23,0
2511.01,124702477,FP,0.7951534,2459226.722059,2021-03-02 22:28:41,2021-10-29 12:59:15,104.752514,-7.897455,10.9539,6811.0,1.96,0
2517.01,48178229,FP,2.6788253,2459225.683785,2021-03-02 22:28:41,2021-10-29 12:59:15,99.172585,-23.309761,10.0386,6863.0,2.19,0
2524.01,169249234,CP,7.1858029,2459527.431854,2021-03-02 22:57:47,2024-06-06 10:08:02,160.886843,-1.912698,12.1772,5758.3,1.19,1
2525.01,149601126,CP,23.3418536,2459174.013303,2021-03-02 22:57:47,2024-09-18 10:08:02,86.850974,-60.521308,13.4006,4944.0,0.824284,1
2525.02,149601126,CP,49.2445599,2459074.030906,2021-03-02 22:57:47,2024-10-04 10:08:02,86.850974,-60.521308,13.4006,4944.0,0.824284,1
2529.01,269333648,CP,64.5947,2460734.735653,2021-03-02 22:57:47,2026-01-15 16:00:02,118.994535,-52.354833,10.6693,5822.0,1.75,1
2537.01,399967279,CP,94.0997954,2459475.467243,2021-03-11 22:38:58,2025-11-11 12:05:36,54.388266,10.057746,12.0294,4696.7,1.0143,1
2543.01,270604417,CP,7.5427509,2459233.347042,2021-03-11 23:41:58,2024-01-30 16:02:02,136.596917,3.56767,10.8165,6349.8,1.86619,1
2544.01,341419787,FP,21.0689935,2459230.852582,2021-03-11 23:41:58,2025-09-04 16:00:02,120.153396,-54.509002,10.7607,5441.0,1.98859,0
2545.01,149845414,CP,7.9940367,2458522.513973,2021-03-11 23:41:58,2022-04-19 12:02:07,135.545803,-3.420819,8.90594,5846.29,1.25324,1
2548.02,350293646,CP,1.4468993,2459985.331564,2023-03-23 19:51:58,2023-05-17 12:03:01,131.106996,1.859893,10.0471,5238.0,0.84,1
2550.01,294500964,FP,9.0702531,2459966.572012,2021-03-11 23:41:59,2023-12-20 16:02:19,122.228117,12.207623,10.7757,5509.1,0.916742,0
2554.01,144043410,FP,6.2636501,2459230.661673,2021-03-11 23:41:59,2021-10-29 12:59:15,126.755088,-20.680147,10.5484,6969.2,2.04438,0
2555.01,155491828,FP,16.0475029,2459233.496293,2021-03-18 16:10:35,2024-01-25 12:02:44,123.488475,-24.7173,11.1169,6337.5,1.6,0
2567.01,258920431,CP,5.9839451,2459390.75286,2021-03-18 22:24:54,2024-11-14 10:08:02,288.465668,66.347938,11.7489,5609.0,1.71761,1
2570.01,239816546,CP,2.9887654,2459500.741002,2021-03-18 22:24:55,2024-11-15 16:02:02,87.18804,32.084043,11.9775,5639.0,1.12141,1
2571.01,239638934,FP,6.0027375,2458760.818232,2021-03-18 22:24:55,2021-10-29 12:59:15,333.592905,32.490119,10.5284,5633.0,1.08,0
2580.01,102713734,CP,3.397862,2458839.453257,2021-03-18 22:24:56,2025-08-27 12:03:56,62.199207,67.116526,10.8064,6590.0,1.83,1
2583.01,7548817,CP,4.52074,2459735.896093,2021-03-18 22:24:57,2023-12-03 12:03:15,272.267029,45.3369,12.0453,6050.0,1.49,1
2585.01,62530991,FP,4.0266483,2459986.942214,2021-03-24 23:38:13,2023-03-06 10:10:02,132.541715,-2.979643,9.8961,5276.5,0.78,0
2587.01,68007716,CP,5.4566563,2459244.752232,2021-03-24 23:38:13,2023-12-03 12:03:15,115.93171,-1.073333,10.9657,5674.8,1.72,1
2589.01,157698565,CP,61.6277,2459973.640012,2021-03-29 18:41:38,2023-07-12 10:10:02,107.48815,-37.230948,10.7211,5581.0,1.07,1
2591.01,229285649,FP,8.493027,2459544.881796,2021-04-07 21:46:03,2025-01-20 12:03:29,98.024193,11.852283,10.7669,6287.0,1.41,0
2598.01,12036590,FP,5.73436,2459226.801169,2021-04-07 21:46:04,2025-01-08 12:03:11,91.233761,-1.134248,10.9766,4405.0,0.86,0
2603.01,176772671,FP,1.3326579,2460719.073071,2021-04-12 18:45:51,2025-12-11 10:08:01,142.566679,-18.843066,13.8995,3947.0,0.594491,0
2607.01,149539158,FA,2.2338786,2459256.970786,2021-04-12 18:45:51,2023-06-03 12:02:53,86.018583,-59.946092,9.1251,6422.3,1.65992,0
2610.01,268914377,FP,2.1538959,2459229.716478,2021-04-12 20:27:30,2025-08-29 16:00:02,118.049909,-48.498597,15.8953,3148.0,0.483749,0
2611.01,234282389,FA,0.7320175,2458352.484922,2021-04-12 21:05:05,2024-08-22 10:08:01,335.268299,-64.71227,13.5294,5458.0,0.81,0
2623.01,403288821,FP,0.5474737,2459085.611785,2021-04-12 21:05:08,2024-08-22 10:08:01,332.926877,-63.167437,12.4978,5073.0,2.84,0
2632.01,231703293,FP,0.907105,2459085.547175,2021-04-12 21:05:09,2024-08-22 10:08:01,335.467524,-57.758448,12.4537,6164.0,1.13,0
2641.01,162802770,CP,4.880964,2459283.404103,2021-04-29 22:53:08,2024-02-15 10:08:02,171.130372,-42.732139,11.1897,6309.0,1.27132,1
2651.01,29830212,FP,7.3164282,2459349.974976,2021-05-04 20:03:21,2024-08-22 10:08:01,66.302329,-66.717121,13.3994,4884.0,0.83,0
2664.01,277871306,FP,3.9602774,2460277.924101,2021-05-06 23:22:41,2024-01-03 10:08:03,156.922386,0.501027,10.1483,5863.0,1.04,0
2667.01,348684813,FP,7.7517472,2459976.896634,2021-05-06 23:22:42,2024-01-29 10:08:02,133.993484,-14.35529,9.6732,5133.0,4.75,0
2669.01,348835438,CP,6.203496,2459985.604157,2021-05-06 23:22:42,2023-03-10 16:02:01,134.722645,-13.312579,9.9917,4859.0,3.98,1
2671.01,190081497,FP,3.1630387,2459991.730295,2021-05-06 23:22:42,2024-01-30 16:02:02,132.269994,-36.578257,10.3364,6187.0,1.34,0
2675.01,179033846,FP,1.476869,2459197.208589,2021-06-03 21:32:55,2024-08-22 10:08:01,64.262587,-29.524909,11.7919,6712.0,1.37,0
2680.01,219366908,FP,0.6293198,2459199.016708,2021-06-03 21:32:56,2024-08-22 10:08:01,75.439417,-49.284463,12.653,5508.0,0.79,0
2708.01,452810327,FP,2.3540172,2459197.357111,2021-06-03 21:39:01,2024-08-22 10:08:01,72.669098,5.387256,12.5398,6114.0,1.74,0
2713.01,332660287,FP,1.2434016,2459197.326471,2021-06-03 21:39:02,2025-02-12 12:03:37,63.150132,-12.317659,12.483,4967.0,0.75,0
2714.01,332534326,CP,2.4993895,2459168.948798,2021-06-03 21:39:02,2025-04-21 12:03:49,61.401248,-14.926746,12.7979,5737.0,1.21,1
2717.01,269077474,FP,1.3164901,2459197.192883,2021-06-03 21:39:03,2024-08-22 10:08:01,75.410841,1.840649,12.8212,6341.0,1.78,0
2719.01,176314383,CP,3.3759446,2459197.636818,2021-06-03 21:39:03,2025-08-09 12:03:57,71.554945,-0.804872,12.0676,5701.0,1.69,1
2732.01,34466256,FP,0.7029205,2459198.602275,2021-06-03 22:07:20,2024-08-22 10:08:01,82.46986,-9.158548,12.0195,6699.0,1.6,0
2736.01,91869778,FP,3.4771921,2460235.294959,2021-06-03 22:07:20,2024-12-27 12:03:09,88.841655,15.37845,10.9521,6539.0,1.94,0
2743.01,280212554,FP,1.1472535,2459212.045265,2021-06-03 22:07:21,2024-08-22 10:08:01,100.873785,-1.871278,13.3574,9742.0,2.59,0
2744.01,279989567,FP,0.787177,2459226.18852,2021-06-03 22:07:21,2024-08-22 10:08:01,100.564751,-4.949889,11.4746,4899.5,,0
2754.01,148233571,FP,0.9422588,2459226.37606,2021-06-03 22:07:23,2024-08-22 10:08:01,101.346587,-41.249216,12.2082,5544.7,1.07,0
2759.01,134315574,FP,1.5971584,2459963.61295,2021-06-03 22:07:23,2024-08-22 10:08:01,107.356081,-44.683482,13.205,6033.0,2.06,0
2760.01,130611752,FP,0.4405893,2459963.18538,2021-06-03 22:07:24,2024-08-22 10:08:01,105.752117,-43.493068,12.8004,5643.0,1.48,0
2768.01,443556801,CP,1.5080197,2459225.646634,2021-06-03 22:07:25,2025-04-21 12:03:49,99.364134,-15.481203,11.3676,4008.0,0.66,1
2771.01,437893926,FP,3.8454384,2459548.185346,2021-06-03 22:07:25,2024-08-22 10:08:01,94.017995,15.270666,12.4432,6733.4,2.02,0
2775.01,36574157,FP,3.7804749,2459210.630135,2021-06-03 22:07:25,2024-08-22 10:08:01,102.412686,-0.495979,12.9127,5112.0,0.81,0
2779.01,319735319,FP,2.9038027,2459224.225903,2021-06-03 22:07:26,2024-08-22 10:08:01,99.678448,2.43106,12.4889,6570.0,1.51,0
2784.01,302766000,FP,0.2573207,2459550.344183,2021-06-03 22:07:27,2025-03-09 12:03:38,82.878464,15.771332,12.428,5784.0,1.09,0
2789.01,251209368,FP,3.0071496,2459209.022223,2021-06-03 22:07:28,2024-08-22 10:08:01,95.47532,-4.321544,13.0632,5906.0,1.45,0
2796.01,220076110,CP,4.808498,2459189.97794,2021-06-03 22:07:29,2024-08-22 10:08:01,84.152719,0.896279,11.916,5449.5,1.38,1
2803.01,124379043,CP,1.962292,2459227.308665,2021-06-03 22:07:30,2024-08-22 10:08:01,93.11474,-23.492496,12.0753,6384.0,1.16,1
2805.01,5024743,FP,12.4498835,2459990.141393,2021-06-03 22:37:58,2023-04-12 16:02:02,142.107198,-38.947381,10.1015,8469.0,2.51,0
2811.01,78775584,FP,5.5553784,2459302.160259,2021-06-03 22:37:59,2021-10-29 12:59:15,143.466543,-42.714874,10.7217,8058.0,3.79,0
2812.01,105801221,FP,3.0750728,2459302.065555,2021-06-03 22:37:59,2021-10-29 12:59:15,156.685218,-38.042191,9.6913,6888.0,1.52,0
2816.01,131581522,FP,3.059168,2459964.260816,2021-06-04 00:47:24,2024-08-22 10:08:01,118.347733,-36.800418,13.2864,5657.0,1.08,0
2818.01,151483286,CP,4.0397189,2459245.632019,2021-06-04 00:47:24,2024-08-22 10:08:01,119.059818,-35.11671,11.3944,5758.5,1.14,1
2828.01,268042363,FP,4.6141256,2459990.605838,2021-06-04 00:47:25,2024-08-22 10:08:01,115.628942,-53.037166,12.9858,6888.0,1.33,0
2829.01,114103134,FP,1.1468708,2459963.68315,2021-06-04 00:47:26,2024-09-06 10:08:02,113.981399,-30.748672,11.6079,6755.0,1.99145,0
2835.01,98286422,FP,2.9646096,2459252.308895,2021-06-04 00:47:27,2024-08-22 10:08:01,108.496989,-34.939529,13.1057,5306.0,0.88,0
2838.01,81231810,FP,5.4521068,2459223.264644,2021-06-04 00:47:27,2024-08-22 10:08:01,106.616499,-18.80809,12.9,5878.0,1.64,0
2839.01,182470056,FP,0.879268,2459252.298703,2021-06-04 00:47:27,2024-08-22 10:08:01,123.753462,-36.248077,12.9604,6259.0,1.7,0
2842.01,178162579,CP,3.5514016,2459225.449603,2021-06-04 00:47:27,2024-08-22 10:08:01,108.044207,-10.63934,12.0327,6019.0,1.26,1
2844.01,387342052,CP,3.5524144,2459574.31635,2021-06-04 00:47:28,2025-01-20 12:03:29,110.203228,13.01869,11.5829,6843.0,1.82,1
2845.01,177612321,FP,3.145502,2459223.653303,2021-06-04 00:47:28,2024-08-22 10:08:01,106.179342,-0.02951,13.2863,6397.0,2.29,0
2848.01,285524410,FP,3.0244222,2459964.898137,2021-06-04 00:47:28,2024-09-06 10:08:02,119.999359,-42.928955,11.422,6758.0,,0
2855.01,437156845,FP,3.4906402,2459246.599677,2021-06-04 00:47:29,2025-04-11 12:03:11,123.43693,-18.877652,12.7325,6066.0,1.18,0
2856.01,172630205,FP,0.599092,2459226.23093,2021-06-04 00:47:29,2025-01-27 12:03:29,101.010233,-26.030612,12.6989,5220.0,3.19,0
2863.01,412257781,FP,1.1894812,2459253.364143,2021-06-04 00:47:30,2024-08-22 10:08:01,110.446018,-22.597941,12.7797,6550.0,1.5,0
2871.01,155807906,FP,0.4057204,2459253.168845,2021-06-04 00:47:31,2025-02-07 12:03:28,123.825652,-29.23165,13.0777,6541.0,1.32,0
2872.01,151930063,FP,5.2201338,2459963.999386,2021-06-04 00:47:32,2025-02-22 12:03:08,119.619171,-35.664564,12.8919,11632.0,1.95,0
2874.01,123106490,FP,3.3004862,2459963.591728,2021-06-04 00:47:32,2024-09-08 10:08:02,113.755213,-43.876527,11.3002,6408.0,1.30784,0
2878.01,4999813,FP,2.0849517,2459226.726213,2021-06-04 00:47:32,2024-08-22 10:08:01,107.358337,-1.732243,12.6063,6163.0,0.94,0
2879.01,146836153,FP,2.3252878,2459964.82553,2021-06-04 00:47:32,2024-09-10 10:08:02,124.319317,-30.632887,13.3181,5744.0,1.1,0
2902.01,290302097,FP,2.9918201,2460042.800347,2021-06-04 01:29:23,2024-08-22 10:08:01,136.335932,-62.966781,12.7858,5301.0,0.89,0
2933.01,29336129,FP,1.6363822,2459989.636228,2021-06-04 01:29:29,2024-09-08 10:08:02,132.871698,-47.739206,12.5246,6361.0,1.6787,0
2936.01,22020459,FP,1.3328042,2459988.479583,2021-06-04 01:29:30,2024-08-22 10:08:01,147.853628,-25.593913,12.5961,6561.0,1.67,0
2944.01,340700241,FP,7.7925448,2459967.138723,2021-06-04 01:29:31,2025-12-11 10:08:01,116.957847,-56.764275,13.3106,6307.0,1.44678,0
2947.01,374847873,FP,2.0391741,2459332.080551,2021-06-04 01:29:32,2024-08-22 10:08:01,151.064827,-63.377022,12.5964,5371.5,,0
2951.01,304025075,FP,3.0290563,2460016.529835,2021-06-04 01:29:32,2025-12-11 10:08:01,140.738354,-68.83153,13.417,,,0
2953.01,469184909,FP,1.2926975,2460042.142618,2021-06-04 01:29:33,2025-12-11 16:00:01,148.534383,-57.048538,12.4794,,,0
2958.01,463203560,FP,1.9905105,2460014.553417,2021-06-04 01:29:34,2024-11-18 16:02:01,153.250338,-58.763396,10.6758,6211.0,1.07,0
2959.01,462162963,FP,1.3550447,2458593.752907,2021-06-04 01:29:34,2024-08-22 10:08:01,150.368272,-59.851711,12.3935,14466.0,,0
2963.01,441334829,FP,4.4433921,2459991.660646,2021-06-04 01:29:35,2024-08-22 10:08:01,145.150907,-55.815548,12.5449,7664.0,1.23,0
2967.01,103245940,FP,3.2517862,2459301.699712,2021-06-04 01:29:35,2024-08-22 10:08:01,156.596157,-44.177389,13.0742,5824.0,0.92,0
2977.01,361343239,CP,2.3505698,2459331.527877,2021-06-04 01:29:37,2024-08-22 10:08:01,143.926518,-60.357476,11.9383,5356.0,1.22,1
2981.01,287145649,CP,3.6015056,2459302.719029,2021-06-04 01:29:38,2025-04-21 12:03:49,163.487394,-25.524599,12.7533,6055.0,1.03,1
2987.01,141631253,FP,1.6709011,2459963.201995,2021-06-04 01:29:39,2024-09-08 10:08:02,129.802678,-44.370051,10.8521,7051.0,1.2684,0
2999.01,34505005,FP,5.1627718,2459302.434183,2021-06-04 01:29:41,2024-08-22 10:08:01,146.921503,-46.86526,12.9093,6749.0,1.08,0
3001.01,468977648,FP,2.090218,2459302.296976,2021-06-04 01:29:41,2024-12-16 12:03:24,143.945436,-52.371382,13.0698,6328.0,2.08,0
3004.01,400395395,FP,3.2891219,2459303.809966,2021-06-04 01:29:41,2024-08-22 10:08:01,134.002198,-50.328351,12.4564,6947.0,1.64,0
3005.01,386297468,FP,2.0958074,2459329.676949,2021-06-04 01:29:42,2024-09-10 12:02:48,139.190353,-59.528015,12.3487,6793.0,1.6,0
3008.01,383666033,FP,3.9678136,2459328.097691,2021-06-04 01:29:42,2024-08-22 10:08:01,135.035068,-56.069246,11.2123,6138.0,1.03,0
3011.01,356461227,FP,1.8418712,2460747.587467,2021-06-04 01:29:42,2025-12-11 16:00:01,134.446403,-61.614319,13.2464,5952.0,,0
3018.01,45684223,FP,6.5832019,2459323.340464,2021-06-04 01:36:22,2024-08-22 10:08:01,131.14418,-59.19729,12.7818,5809.0,0.97,0
3023.01,454248975,CP,3.9014904,2459359.902982,2021-06-04 01:36:23,2024-08-22 10:08:01,165.315823,-72.356704,11.4848,5512.0,1.69,1
3036.01,390157607,FP,0.3859142,2458623.662171,2021-06-04 01:36:25,2024-08-22 10:08:01,183.561597,-56.773252,13.4748,6721.0,1.05,0
3044.01,357538688,FP,13.2681095,2459315.913002,2021-06-04 01:36:26,2024-08-22 10:08:01,137.549077,-63.406609,11.5088,6364.0,2.48,0
3049.01,303867090,FP,1.3168344,2459359.446834,2021-06-04 01:36:27,2024-08-22 10:08:01,140.219914,-69.791681,12.4092,5211.7,,0
3059.01,464067218,FP,1.3934565,2460015.013078,2021-06-04 01:36:28,2024-11-18 16:02:01,155.307542,-58.537011,11.2012,3301.0,,0
3060.01,463681005,FP,0.5465391,2460014.80407,2021-06-04 01:36:29,2024-11-18 16:02:01,154.513775,-56.787877,13.5552,6091.0,1.66057,0
3071.01,452006073,CP,1.2669382,2459331.967282,2021-06-04 01:36:30,2025-04-21 12:03:49,173.279052,-56.503387,11.8706,6296.0,1.36,1
3078.01,443042089,FP,0.5496848,2460014.890217,2021-06-04 01:36:31,2025-12-11 16:00:01,146.555933,-56.299385,12.7683,7433.0,1.84,0
3082.01,428699140,CP,1.9268037,2459332.242276,2021-06-04 01:36:32,2024-08-22 10:08:01,195.908072,-19.218984,11.7662,4249.0,0.68,1
3085.01,376740324,FP,4.5300175,2459327.095663,2021-06-04 01:36:32,2024-08-22 10:08:01,153.301542,-62.875354,12.1229,9046.0,,0
3109.01,120723776,FP,2.8831285,2460749.273502,2021-06-04 01:36:36,2026-06-09 16:00:01,164.06056,-52.482296,12.483,,1.77,0
3110.01,104022675,FP,0.7428708,2459331.223979,2021-06-04 01:36:36,2025-07-22 12:04:25,195.986628,-32.436442,13.0326,5635.9,1.11,0
3122.01,61117473,FP,6.1836211,2460073.821503,2021-06-04 13:54:13,2025-10-28 16:00:01,226.954057,-28.156608,12.123,6504.0,1.29418,0
3146.01,360816293,FP,3.5506084,2458650.905593,2021-06-04 13:54:16,2024-08-22 10:08:01,190.946764,-76.696666,12.2077,5083.0,1.13,0
3153.01,466318137,FP,1.1216021,2460014.80544,2021-06-04 13:54:17,2024-07-24 12:02:44,165.732079,-60.196871,11.2789,3294.0,,0
3159.01,449549170,FP,1.4753526,2460068.914155,2021-06-04 13:54:18,2025-12-11 16:00:01,200.464421,-62.542122,11.2925,5732.0,1.81,0
3164.01,419946164,FP,1.7765395,2458623.343394,2021-06-04 13:54:19,2024-08-22 10:08:01,202.818012,-48.69895,12.5348,6394.0,1.28,0
3165.01,419858461,FP,2.5433707,2460041.975735,2021-06-04 13:54:19,2025-12-11 16:00:01,191.643659,-59.564831,13.6313,6748.0,1.12503,0
3174.01,392112968,FP,1.1960086,2460041.592817,2021-06-04 13:54:20,2024-08-22 10:08:01,174.287225,-67.519336,13.2785,7108.0,1.55,0
3176.01,389999924,FP,4.7606207,2460015.719284,2021-06-04 13:54:21,2025-12-11 16:00:01,160.108553,-62.685964,12.6453,6213.0,1.1804399,0
3181.01,372596796,FP,3.5366743,2458617.031866,2021-06-04 13:54:21,2024-08-22 10:08:01,151.49954,-66.897501,12.298,5971.0,1.14,0
3189.01,361998994,FP,1.84996,2458622.189194,2021-06-04 13:54:23,2025-05-04 12:04:17,145.2336,-63.487213,13.6447,6320.0,1.37,0
3205.01,322862882,FP,1.2361087,2459359.464532,2021-06-04 13:54:25,2024-08-22 10:08:01,218.476437,-24.652822,13.364,4313.2,0.59,0
3216.01,306547699,FP,2.6985136,2459356.241304,2021-06-04 13:54:26,2025-03-19 12:04:32,179.457833,-62.327546,13.1235,3922.8,,0
3217.01,309436531,FP,3.2136333,2459383.966929,2021-06-04 13:54:26,2024-08-22 10:08:01,138.805858,-79.774383,12.3297,6189.4,1.25,0
3218.01,305739565,CP,3.3704313,2459329.334304,2021-06-04 13:54:26,2025-04-21 12:03:49,206.026527,-32.522975,12.885,5765.0,1.85,1
3220.01,304950588,FP,7.4316274,2459350.857352,2021-06-04 13:54:27,2025-04-19 12:03:12,178.357087,-61.097733,13.2566,3505.0,,0
3221.01,303883880,FP,0.8970184,2459359.59881,2021-06-04 13:54:27,2024-08-22 10:08:01,177.688743,-62.75265,13.3733,,,0
3235.01,243641947,CP,2.5926199,2459355.554021,2021-06-04 13:54:29,2024-08-22 10:08:01,207.473849,-46.066514,13.2486,3375.0,0.37,1
3236.01,242460075,FP,2.9098435,2459356.489051,2021-06-04 13:54:29,2024-08-22 10:08:01,214.31811,-44.33969,12.9841,5955.0,1.31,0
3253.01,112037203,FP,4.3622356,2458619.606193,2021-06-04 13:54:32,2024-08-22 10:08:01,209.183512,-35.292443,13.2041,4486.0,0.78,0
3257.01,76505260,FP,2.5336422,2459356.441741,2021-06-04 13:54:32,2026-06-09 16:00:01,228.684363,-31.902206,13.2608,6038.0,1.36,0
3261.01,358070912,CP,0.8831279,2460014.96281,2021-06-04 14:05:33,2025-04-21 12:03:49,47.728524,-73.531972,12.4923,5151.4,0.86,1
3290.01,31697707,FP,3.910946,2459059.767349,2021-06-04 14:05:38,2024-08-22 10:08:01,289.140291,-34.781754,11.3612,5642.0,1.54,0
3306.01,369861731,FP,3.8780401,2459387.095741,2021-06-04 14:05:40,2024-08-22 10:08:01,161.042028,-86.319954,12.3483,5617.0,1.15,0
3311.01,337274055,FP,4.8435717,2459383.590441,2021-06-04 14:05:40,2025-05-13 12:03:17,269.063581,-57.100597,13.1052,5552.0,1.01,0
3313.01,327210623,FP,2.128423,2459384.957213,2021-06-04 14:05:41,2024-08-22 10:08:01,270.656968,-37.440201,12.6827,3689.6,,0
3319.01,310267134,FP,0.5438807,2458681.71335,2021-06-04 14:05:42,2024-08-22 10:08:01,251.382358,-76.937828,13.5252,5259.0,0.98,0
3321.01,306648160,CP,3.6525305,2458681.48892,2021-06-04 14:05:42,2025-04-21 12:03:49,265.760335,-65.008252,10.6651,5930.0,1.47,1
3323.01,305512837,FP,3.0223957,2459386.357734,2021-06-04 14:05:42,2024-08-22 10:08:01,262.640686,-64.723142,12.7316,4653.0,0.75,0
3331.01,194795551,CP,2.0180196,2459383.760485,2021-06-04 14:05:44,2024-08-22 10:08:01,271.324167,-34.107171,11.3208,5544.0,0.96,1
3332.01,194179013,FP,3.1785277,2459384.151235,2021-06-04 14:05:44,2024-08-22 10:08:01,271.039719,-34.12037,12.7825,3540.7,,0
3343.01,58046864,FP,2.3651663,2458680.4761,2021-06-04 14:05:45,2025-05-18 12:03:05,275.164944,-39.220957,13.4411,5805.0,1.51,0
3347.01,131581531,FP,3.0591641,2459251.478562,2021-06-04 15:10:29,2024-08-22 10:08:01,118.348267,-36.803031,12.0536,4999.4,1.59,0
3353.01,391903064,CP,4.6658007,2460174.14998,2021-06-09 21:53:07,2025-04-21 12:03:49,106.529815,-75.819559,8.7843,6365.0,1.02,1
3357.01,412259468,FP,2.6535777,2459229.684104,2021-06-15 22:54:33,2021-10-29 12:59:15,110.390835,-21.93839,11.0285,8037.0,1.70185,0
3358.01,146244533,FP,8.8088443,2459296.556389,2021-06-15 23:02:45,2021-10-29 12:59:15,133.542032,-48.072792,10.5387,8072.0,1.58,0
3362.01,464300749,CP,18.0953159,2460031.240934,2021-06-15 23:02:46,2023-05-11 10:10:01,155.984143,-56.843117,10.3823,6509.8,1.8,1
3364.01,280655495,CP,5.8769438,2459990.15956,2021-06-15 23:02:46,2024-01-17 10:08:02,144.537771,-49.335223,10.8137,5805.0,1.4484,1
3369.01,190981760,FP,3.5463582,2459278.824926,2021-06-16 22:56:23,2024-08-22 10:08:01,134.39908,-36.850749,12.7345,5453.0,,0
3372.01,131036011,FP,11.0701242,2459273.404704,2021-06-16 22:56:23,2024-08-22 10:08:01,117.531459,-38.714129,13.1038,,,0
3375.01,185482513,FP,1.2368321,2459279.83151,2021-06-16 22:56:24,2024-08-22 10:08:01,130.052164,-31.994286,12.6206,6117.0,1.59,0
3377.01,184670625,FP,0.5241284,2459278.383405,2021-06-16 22:56:24,2024-08-22 10:08:01,127.670065,-40.280004,12.5004,5860.0,1.95,0
3379.01,130191319,FP,1.6117444,2459250.615192,2021-06-16 22:56:24,2024-08-22 10:08:01,119.75408,-25.648554,12.1038,6056.0,1.14,0
3381.01,129881395,FP,3.3630421,2459252.696743,2021-06-16 22:56:24,2024-08-22 10:08:01,119.489473,-28.122701,13.4704,5982.0,1.42,0
3385.01,175079720,FP,2.2623261,2459274.96923,2021-06-16 22:56:25,2024-08-22 10:08:01,115.874489,-38.90883,12.4698,5786.0,0.89,0
3388.01,173860688,FP,0.845657,2458541.414379,2021-06-16 22:56:26,2024-08-22 10:08:01,113.103262,-38.574805,10.9017,4969.9,4.52,0
3389.01,419419534,FP,1.680148,2459278.794388,2021-06-16 22:56:26,2024-08-22 10:08:01,121.093981,-34.262222,10.9144,5750.5,2.35,0
3392.01,80174172,FP,1.1104301,2459278.729272,2021-06-16 22:56:26,2024-08-22 10:08:01,121.429562,-42.702359,13.494,,,0
3399.01,153197346,FP,2.642447,2458540.491991,2021-06-16 22:56:27,2024-08-22 10:08:01,120.464794,-24.782618,13.509,8779.8,,0
3402.01,152685831,FP,3.4714171,2459250.856372,2021-06-16 22:56:28,2024-08-22 10:08:01,120.185666,-33.729847,12.6532,,,0
3408.01,7904580,FP,15.8346011,2459249.62041,2021-06-16 22:56:28,2025-05-13 12:03:17,133.207393,-1.606521,13.3008,5713.1,1.09,0
3420.01,293978434,FP,1.5971426,2458540.862165,2021-06-16 22:56:30,2024-08-22 10:08:01,122.430787,-22.868692,12.6746,6263.0,1.77,0
3423.01,144970275,FP,2.5313424,2459248.478713,2021-06-16 22:56:31,2024-08-22 10:08:01,122.010942,-31.189361,12.6067,9598.5,,0
3424.01,283702603,FP,0.6691882,2459279.471354,2021-06-16 22:56:31,2024-08-22 10:08:01,128.800451,-27.407594,12.5772,6623.0,1.76,0
3435.01,238162973,FP,11.8885643,2459260.035982,2021-06-16 22:56:33,2024-08-22 10:08:01,106.432017,-49.520598,13.3872,4427.0,0.75,0
3436.01,132320310,FP,1.3955317,2459277.091098,2021-06-16 22:56:33,2024-08-22 10:08:01,119.365428,-38.970243,10.9602,4957.2,3.29,0
3440.01,208030798,FP,1.7167587,2458650.326066,2021-06-16 23:32:15,2024-08-22 10:08:01,244.330203,-54.13911,12.052,3917.3,,0
3466.01,284254253,FP,1.862908,2458651.973815,2021-06-16 23:32:19,2024-08-22 10:08:01,233.280288,-57.63528,12.8482,5626.0,1.39,0
3467.01,453289469,FP,0.7799194,2458652.436812,2021-06-16 23:32:19,2024-08-22 10:08:01,148.193703,-76.165857,12.8492,5473.0,2.04,0
3468.01,282091493,FP,3.3789946,2458647.685514,2021-06-16 23:32:19,2024-08-22 10:08:01,135.291964,-75.088195,13.5709,4809.0,0.82,0
3472.01,275562670,FP,1.5810556,2458651.449273,2021-06-16 23:32:20,2024-08-22 10:08:01,240.53688,-52.034811,13.5159,5985.0,0.76,0
3482.01,254629854,FP,0.9714298,2459359.54722,2021-06-16 23:32:21,2024-08-22 10:08:01,236.542661,-43.368223,10.7989,6495.0,2.18,0
3503.01,459850897,FP,1.1882681,2460772.766105,2021-06-21 18:48:12,2025-12-11 16:00:01,163.714472,-58.569285,10.2726,8405.0,1.78789,0
3504.01,117689799,FP,2.1570462,2459771.874948,2021-06-23 15:10:46,2024-09-07 10:08:02,300.735006,24.435135,11.6006,5863.0,1.04535,0
3507.01,86451883,FP,1.7561019,2458708.663596,2021-06-23 15:10:46,2024-08-22 10:08:01,298.561279,32.425717,13.3911,4896.0,0.81,0
3508.01,278968371,FP,1.2997811,2458707.691822,2021-06-23 15:10:46,2024-08-22 10:08:01,290.079022,21.371475,12.4162,6053.0,1.61,0
3512.01,40779013,FP,1.7113115,2458708.891857,2021-06-23 15:10:47,2024-08-22 10:08:01,293.480154,34.573742,11.8744,6845.2,,0
3524.01,106224626,FP,3.3418892,2458731.298955,2021-06-23 15:11:37,2024-08-22 10:08:01,301.078777,34.398008,13.4979,4874.0,0.8,0
3525.01,373576942,FP,0.8912218,2458731.568477,2021-06-23 15:11:37,2024-08-22 10:08:01,320.427977,37.822833,12.8424,6245.0,1.59,0
3526.01,89876424,FP,1.5380702,2458733.088312,2021-06-23 15:11:37,2024-08-22 10:08:01,301.520846,34.315352,13.3403,6125.0,2.06,0
3528.01,67247610,FP,1.9740614,2460340.791704,2021-06-23 15:11:38,2024-09-06 10:08:02,311.862231,37.117833,13.134,3633.7,,0
3536.01,27844066,FP,1.8532983,2458732.821053,2021-06-23 15:11:39,2024-08-22 10:08:01,296.414319,51.161973,12.5299,6292.8,,0
3537.01,294599100,FP,5.6133922,2459440.870522,2021-06-23 15:11:39,2024-08-22 10:08:01,302.284347,49.154874,12.6275,5848.0,1.07,0
3540.01,17865622,CP,3.1198404,2459826.736428,2021-06-23 15:11:40,2024-09-06 10:08:02,328.911371,28.1795,10.9541,6011.2,1.13476,1
3541.01,291147951,FP,2.5313956,2459444.951847,2021-06-23 15:11:40,2024-08-22 10:08:01,310.121327,25.336895,13.3888,5854.0,1.13,0
3542.01,16187321,FP,4.2021893,2459813.403681,2021-06-23 15:11:40,2024-08-27 12:02:45,307.376941,36.970694,11.7211,6702.0,1.42,0
3548.01,271167979,FP,0.3093954,2458733.079623,2021-06-23 15:11:41,2024-08-22 10:08:01,294.557985,47.783127,13.0744,4769.0,0.73,0
3549.01,269269740,FP,1.8639309,2459770.360298,2021-06-23 15:11:41,2025-07-22 12:04:25,299.872379,45.499591,12.5769,6527.4,1.57,0
3557.01,271042173,FP,0.476873,2458733.141437,2021-06-23 15:11:42,2024-08-22 10:08:01,294.487932,46.002151,11.857,5877.0,3.57,0
3561.01,172754786,FP,4.1273472,2459771.049138,2021-06-23 15:11:42,2024-08-22 10:08:01,299.809982,38.393653,12.8903,7795.0,1.44,0
3562.01,193708920,FP,1.3298469,2458732.453924,2021-06-23 15:11:42,2024-08-22 10:08:01,306.256232,46.923098,11.9635,5791.1,0.81,0
3565.01,1965256662,FP,4.3170598,2458727.428216,2021-06-23 15:11:43,2024-08-22 10:08:01,308.561885,35.395204,11.9683,6017.0,1.25,0
3566.01,169187982,FP,1.764534,2459446.399559,2021-06-23 15:11:43,2024-08-22 10:08:01,297.295912,38.857228,13.33,6479.0,1.2,0
3568.01,160390955,CP,4.4178042,2459799.383297,2021-06-23 15:11:43,2024-09-07 12:02:53,322.602368,34.739581,12.0729,4864.0,0.785799,1
3572.01,1976308113,FP,2.7568649,2458761.60297,2021-06-23 15:13:14,2024-08-22 10:08:01,314.895323,52.396406,13.0852,,,0
3577.01,396133015,CP,5.2667367,2459847.67339,2021-06-23 15:13:15,2025-01-20 12:03:29,327.095917,48.334399,11.3209,5938.0,1.6,1
3578.01,358186451,FP,1.3176767,2459851.521255,2021-06-23 15:13:15,2024-08-22 10:08:01,317.124796,49.112843,10.9683,7176.0,1.73,0
3579.01,316606244,FP,3.310636,2458762.172026,2021-06-23 15:13:15,2024-08-22 10:08:01,322.029218,56.823139,10.9511,3245.0,,0
3580.01,305478010,FP,3.121339,2458762.231266,2021-06-23 15:13:16,2024-08-22 10:08:01,330.271302,38.530284,13.2966,3858.0,0.56,0
3581.01,295413003,FP,3.0373017,2458757.57084,2021-06-23 15:13:16,2024-08-22 10:08:01,303.369006,53.276849,12.9875,4903.0,,0
3608.01,267867517,FP,2.6816329,2458787.3585,2021-06-23 15:16:40,2024-08-22 10:08:01,312.456261,56.896568,13.1802,7047.0,2.34,0
3610.01,267484653,FP,1.7384809,2459853.828611,2021-06-23 15:16:40,2024-09-07 10:08:02,298.705925,58.301643,12.3512,5540.0,1.72093,0
3614.01,233831759,FA,2.9708603,2458785.269757,2021-06-23 15:16:41,2024-08-22 10:08:01,303.777678,59.676573,11.171,,,0
3621.01,435861696,FP,5.6902814,2458779.819452,2021-06-23 15:16:42,2024-08-22 10:08:01,11.88786,21.938552,12.0,5400.1,0.86,0
3626.01,398912927,FP,19.8875338,2458766.790402,2021-06-23 15:16:42,2024-08-22 10:08:01,18.55398,19.470441,10.8154,5856.2,1.57,0
3627.01,1979500576,FP,2.6342729,2458784.456622,2021-06-23 15:16:42,2024-08-22 10:08:01,314.040517,57.708367,12.2546,,,0
3629.01,455784423,CP,3.9365629,2459878.618825,2021-06-23 15:16:43,2024-08-22 10:08:01,359.793385,39.314256,12.7882,3689.0,0.61,1
3631.01,429414530,FP,2.6340964,2458784.455915,2021-06-23 15:16:43,2024-08-22 10:08:01,314.040512,57.708379,11.963,5163.2,0.83,0
3634.01,80478272,FP,5.0859432,2459878.348748,2021-06-23 15:16:43,2024-08-22 10:08:01,12.569587,27.568806,11.224,6360.4,1.48,0
3643.01,453230066,FP,1.5492212,2458813.485731,2021-06-23 15:17:46,2024-08-22 10:08:01,23.992574,54.716441,10.9469,8364.0,1.78,0
3658.01,71854732,FP,3.1004285,2459909.663353,2021-06-23 15:17:48,2024-09-07 10:08:02,26.29741,54.559653,12.6532,8951.0,,0
3659.01,374778982,FP,2.3882776,2459906.847676,2021-06-23 15:17:48,2024-08-22 10:08:01,31.750309,55.178785,13.4977,5097.0,0.87,0
3663.01,354151219,FP,3.5639862,2459907.512799,2021-06-23 15:17:49,2024-08-22 10:08:01,21.177329,51.671855,11.5917,6940.9,2.41,0
3672.01,50943163,FP,2.4254068,2458810.750472,2021-06-23 15:17:50,2024-08-22 10:08:01,41.904242,61.306342,11.2351,8290.0,2.51,0
3677.01,458876004,FP,3.6923071,2458814.425212,2021-06-23 15:17:51,2024-09-02 12:03:01,35.837872,60.889963,11.9814,8469.0,1.1,0
3678.01,34551972,FP,4.8542148,2459885.446229,2021-06-23 15:17:51,2025-08-20 12:05:05,44.233304,28.771475,10.5873,7259.3,2.0394399,0
3684.01,28873762,FP,3.105654,2459518.690795,2021-06-23 15:17:51,2024-08-22 10:08:01,49.792323,27.263332,13.3483,6241.0,1.44,0
3688.01,245509452,CP,3.246208,2459883.864179,2021-06-23 15:17:52,2023-03-21 12:03:03,39.282337,54.851215,11.8433,6088.0,1.34548,1
3693.01,240823272,CP,9.0881638,2459888.212325,2021-06-23 15:17:53,2024-08-22 10:08:01,15.654394,51.303892,11.419,5211.0,0.8,1
3712.01,354442783,FP,1.5224706,2459910.690161,2021-06-23 15:18:25,2026-03-15 12:03:40,89.243696,36.358115,13.4418,4654.3,0.8,0
3714.01,155867025,CP,2.1547472,2459911.46982,2021-06-23 15:18:25,2024-09-10 10:08:02,69.552342,39.458003,13.1751,3538.0,0.50843,1
3725.01,339250695,FP,4.7262208,2460287.858395,2021-06-23 15:18:26,2024-09-10 10:08:02,84.789937,60.424358,13.135,5947.0,1.1428699,0
3728.01,116257066,FP,6.5019596,2459545.961039,2021-06-23 15:18:27,2024-08-22 10:08:01,85.151086,34.796663,11.1843,13253.0,,0
3733.01,321436679,FP,2.1263167,2460286.361991,2021-06-23 15:18:27,2024-09-10 10:08:02,83.140649,57.623092,12.6396,6361.4,2.2823701,0
3740.01,87597187,FA,2.0449361,2458838.028588,2021-06-23 15:18:28,2024-08-22 10:08:01,81.57825,47.073781,12.878,6247.6,1.22,0
3742.01,286696848,FP,8.9279009,2458835.622721,2021-06-23 15:18:28,2024-08-22 10:08:01,72.799655,50.096898,12.8814,3916.0,0.67,0
3746.01,284747017,FP,1.8012697,2458839.923433,2021-06-23 15:18:29,2024-08-22 10:08:01,78.040149,34.750032,11.7603,4570.0,0.75,0
3753.01,467783290,FP,3.6502527,2459521.512909,2021-06-23 15:18:30,2024-08-22 10:08:01,62.618611,32.306767,12.4332,6630.3,1.95,0
3755.01,281196902,CP,5.5455798,2460291.216212,2021-06-23 15:18:31,2025-01-20 12:03:29,69.747261,66.671209,12.079,5354.0,1.07607,1
3757.01,445751830,CP,3.4391954,2459911.667339,2021-06-23 15:18:31,2024-09-07 10:08:02,91.003642,55.019979,13.1858,3902.0,0.637223,1
3759.01,27244707,FP,1.6882863,2458838.180194,2021-06-23 15:18:31,2024-08-22 10:08:01,65.615413,46.536013,12.816,,,0
3766.01,9830791,FP,3.5414573,2458835.348947,2021-06-23 15:18:32,2026-04-05 12:03:53,70.242045,57.507726,13.1021,5244.0,0.99,0
3781.01,470974162,FP,3.2583798,2459603.239373,2021-06-23 15:20:11,2024-08-22 10:08:01,110.878729,50.349524,12.3794,4992.1,0.9,0
3785.01,458419328,CP,4.6747218,2459604.77275,2021-06-23 15:20:12,2024-08-22 10:08:01,130.900226,63.078077,12.4963,3502.0,0.5,1
3790.01,29117085,FP,13.247777,2458846.993395,2021-06-23 15:20:13,2024-08-22 10:08:01,118.426692,46.47193,11.2119,5373.8,0.89,0
3794.01,416539317,FA,2.2019606,2459604.715425,2021-06-23 15:20:14,2024-08-22 10:08:01,126.849751,64.765253,12.4091,6269.0,1.35,0
3795.01,253030300,FP,2.8300213,2458865.943138,2021-06-23 15:20:14,2024-08-22 10:08:01,98.732441,49.676574,12.2361,6205.0,1.01,0
3796.01,393251073,FP,14.9857436,2458849.115258,2021-06-23 15:20:14,2024-08-22 10:08:01,115.508868,61.574659,11.6387,5279.0,0.86,0
3799.01,373614579,FP,8.2064867,2459605.774678,2021-06-23 15:20:15,2025-05-17 12:03:19,114.188526,44.051536,12.7085,5236.1,0.824569,0
3807.01,289661991,CP,2.8989758,2459937.078969,2021-06-23 15:20:16,2024-08-22 10:08:01,139.112565,69.074128,11.5817,5908.0,1.47,1
3808.01,138497780,FP,3.6754815,2459549.76003,2021-06-23 15:20:16,2024-09-10 10:08:02,96.250314,33.032134,12.2337,6305.0,1.4902101,0
3810.01,239136269,FP,1.0590994,2459501.092732,2021-06-23 15:20:17,2024-09-06 10:08:02,112.325562,33.591361,13.286,9332.0,1.42848,0
3819.01,95660472,CP,3.244299,2459502.744728,2021-06-23 15:20:18,2024-08-22 10:08:01,121.863257,29.388645,11.9824,5999.0,1.5585901,1
3824.01,71134735,FA,2.3378945,2459580.850929,2021-06-23 15:20:20,2024-09-07 10:08:02,126.818693,50.757821,13.041,6666.8,1.33,0
3825.01,39077574,FP,7.1404043,2459629.957296,2021-06-23 15:20:56,2024-08-22 10:08:01,151.255619,40.341064,13.2971,5886.6,1.11,0
3827.01,8677530,FA,2.91463,2458897.512084,2021-06-23 15:20:56,2024-08-22 10:08:01,137.42133,31.292481,12.033,5484.8,0.99,0
3837.01,308073360,CP,11.8886495,2459613.379817,2021-06-23 15:20:57,2025-04-21 12:03:49,152.666283,24.273121,11.366,5773.9,1.21,1
3843.01,841226527,FP,19.5112506,2458883.544637,2021-06-23 15:20:58,2024-08-22 10:08:01,150.891937,67.990378,11.4794,,,0
3845.01,156816238,FP,2.1461672,2459632.687208,2021-06-23 15:20:58,2024-08-22 10:08:01,140.462178,38.618961,12.7553,6046.0,1.41,0
3862.01,141205978,CP,1.5574603,2459662.738608,2021-06-23 15:22:02,2026-01-13 12:03:37,185.900563,50.544625,11.7201,5564.4,0.93,1
3864.01,1001477809,FP,7.6605425,2458904.350933,2021-06-23 15:22:02,2024-08-22 10:08:01,213.806242,67.760539,13.0949,,,0
3883.01,99330090,FP,7.0080817,2459443.719241,2021-06-23 15:22:05,2024-08-22 10:08:01,189.828966,59.703485,11.1693,6307.0,1.06,0
3884.01,86263325,CP,4.5445569,2459656.499824,2021-06-23 15:22:05,2025-10-21 16:00:01,181.571834,12.507026,12.9113,3192.0,0.303138,1
3885.01,55748194,FA,2.5227786,2458923.581192,2021-06-23 15:22:05,2024-08-22 10:08:01,180.258942,55.846206,12.293,5268.7,0.78,0
3890.01,18017227,FP,0.6203033,2459634.770884,2021-06-23 15:22:06,2024-08-22 10:08:01,171.711327,37.705235,11.9245,6294.0,1.78,0
3894.01,165464482,CP,4.3345378,2459657.9546,2021-06-23 15:22:07,2025-04-21 12:03:49,201.374827,52.768104,11.323,6314.8,1.43,1
3912.01,156648452,CP,3.4936188,2459687.370442,2021-06-23 15:22:52,2024-08-22 10:08:01,215.801496,24.076564,11.8747,5779.5,1.42,1
3914.01,139118482,FP,6.7136512,2458946.965104,2021-06-23 15:22:52,2024-08-22 10:08:01,193.595291,30.214364,11.3366,6179.1,1.15,0
3917.01,68035558,FA,8.3289771,2458953.314052,2021-06-23 15:22:52,2024-08-22 10:08:01,219.734394,37.027878,11.483,,,0
3919.01,23769326,CP,7.4332642,2459682.83197,2021-06-23 15:22:53,2025-04-21 12:03:49,208.944753,40.391806,12.3342,6227.0,1.32,1
3920.01,2016376984,FA,2.317939,2458981.334869,2021-06-23 15:24:11,2024-08-22 10:08:01,336.69079,57.434162,12.7509,5770.0,1.25,0
3921.01,1101909431,FP,23.2556119,2458935.789582,2021-06-23 15:24:11,2024-09-18 10:08:02,231.127427,46.695076,12.5638,4742.0,0.73,0
3924.01,456042145,FP,2.0474832,2458980.246552,2021-06-23 15:24:11,2024-08-22 10:08:01,340.628454,64.754725,13.4802,6791.0,1.04,0
3925.01,435167167,FP,3.0330919,2458979.233689,2021-06-23 15:24:12,2024-08-22 10:08:01,346.403126,63.453418,12.1474,7471.0,2.14,0
3938.01,367333043,FP,2.8778095,2458979.960331,2021-06-23 15:24:13,2024-08-22 10:08:01,333.663387,68.685313,13.2875,6131.0,1.05,0
3948.01,335489455,FP,2.1176601,2458978.435452,2021-06-23 15:24:15,2024-08-22 10:08:01,332.633491,61.82941,12.5455,5814.0,0.89,0
3957.01,305550963,FP,1.5891628,2459850.65687,2021-06-23 15:24:16,2024-08-22 10:08:01,315.263903,63.424275,13.2445,6227.0,2.0,0
3963.01,271439193,FP,6.2329571,2459876.941322,2021-06-23 15:24:17,2025-10-12 12:03:43,354.138342,60.526208,12.2996,6016.0,1.55,0
3964.01,270435047,FA,1.8011961,2458979.203279,2021-06-23 15:24:17,2024-08-22 10:08:01,351.796938,60.231831,12.8114,7588.0,1.99,0
3975.01,155947004,FP,9.4258906,2458973.711868,2021-06-23 15:24:19,2024-08-22 10:08:01,227.305873,44.700876,11.8993,4507.0,0.67,0
3976.01,154293917,CP,6.6080989,2458978.133817,2021-06-23 15:24:19,2024-08-22 10:08:01,224.356008,44.274322,11.8136,5993.0,1.5,1
3979.01,444523623,FP,2.041659,2458979.93011,2021-06-23 15:24:20,2024-08-22 10:08:01,14.558693,61.099519,12.9447,6806.0,1.56,0
3981.01,312548415,FP,2.2437501,2458981.5001,2021-06-23 15:24:20,2024-10-11 12:02:55,12.855316,59.409908,12.9165,7209.0,1.96,0
3983.01,20303110,FA,3.8961515,2458975.507347,2021-06-23 15:24:20,2024-08-22 10:08:01,228.83295,40.266956,11.208,5477.2,0.87,0
3984.01,20182780,CP,4.3533211,2459715.022491,2021-06-23 15:24:20,2024-08-22 10:08:01,226.337147,36.786975,13.4609,3422.0,0.46,1
3985.01,604863428,FP,3.2358535,2458981.690526,2021-06-23 15:24:20,2024-08-22 10:08:01,8.762537,58.13642,13.2638,5095.6,,0
3986.01,470911286,FP,1.6212474,2458981.484997,2021-06-23 15:24:21,2025-08-27 12:03:56,1.129367,66.403045,12.5225,4949.0,3.11,0
3987.01,452972453,FA,3.2358247,2458981.689588,2021-06-23 15:24:21,2024-08-22 10:08:01,8.762379,58.136446,12.753,,,0
3989.01,444413256,FP,4.0104917,2459905.714944,2021-06-23 15:24:21,2024-08-22 10:08:01,6.386516,63.040637,11.9551,12373.0,,0
3990.01,420446142,FP,5.8423636,2458980.604616,2021-06-23 15:24:21,2024-08-22 10:08:01,5.117344,63.031396,11.6697,8648.0,3.85,0
3994.01,372505528,FP,3.8974136,2458977.165523,2021-06-23 15:24:22,2024-08-22 10:08:01,6.140224,62.235631,11.0986,6827.0,1.51,0
3996.01,347011522,FP,17.2045725,2458973.929734,2021-06-23 15:24:22,2024-08-22 10:08:01,1.186715,54.196681,12.0205,6278.0,1.77,0
3999.01,284528889,FP,4.112385,2458981.890738,2021-06-23 15:24:22,2024-08-22 10:08:01,9.945507,62.393358,11.6437,5659.0,2.14,0
4000.01,283015592,FP,3.7027104,2459879.948933,2021-06-23 15:24:23,2025-11-08 12:04:05,0.974631,64.77632,12.5696,7493.0,1.9,0
4002.01,83053699,FP,3.3378852,2459876.382409,2021-06-23 15:24:23,2024-08-22 10:08:01,2.335558,60.159078,12.9214,6274.0,2.15,0
4005.01,395773226,FP,3.8471662,2459008.270987,2021-06-23 15:25:54,2024-08-22 10:08:01,34.119911,76.253181,11.7899,5115.0,1.69,0
4006.01,390048041,FA,3.0491667,2459720.303663,2021-06-23 15:25:54,2022-12-12 16:02:01,23.9436,65.638786,12.715,4579.5,,0
4008.01,379629854,FP,2.8278059,2459008.075403,2021-06-23 15:25:55,2024-08-22 10:08:01,34.293884,70.39598,10.702,6603.0,1.62,0
4010.01,352682207,CP,5.4146235,2459720.20187,2021-06-23 15:25:55,2024-09-07 10:08:02,20.21482,66.072201,11.5163,4888.0,0.880213,1
4010.02,352682207,CP,14.7091662,2459721.424279,2021-06-23 15:25:55,2024-09-07 10:08:02,20.21482,66.072201,11.5163,4888.0,0.880213,1
4010.03,352682207,CP,1.3483075,2459741.038966,2021-07-08 23:10:26,2024-09-07 10:08:02,20.21482,66.072201,11.5163,4888.0,0.880213,1
4019.01,284305328,FP,2.2963814,2459883.460104,2021-06-23 15:25:57,2024-12-16 12:03:24,9.170845,65.937486,12.6967,6620.0,1.87,0
4020.01,10974783,FA,3.2174446,2459719.596851,2021-06-23 15:25:57,2025-07-01 10:08:01,29.423058,63.904389,11.852,,,0
4032.01,387603144,FP,2.4567112,2459007.401949,2021-06-23 15:26:00,2024-08-22 10:08:01,313.098531,66.599315,11.0498,6223.0,1.16,0
4036.01,367913453,FP,2.7761628,2459008.757118,2021-06-23 15:26:00,2024-08-22 10:08:01,355.51293,76.918784,12.3618,5778.0,1.84,0
4037.01,367287018,FP,4.7257129,2459740.358181,2021-06-23 15:26:01,2024-08-22 10:08:01,342.552349,75.860399,11.3896,6139.0,2.48,0
4044.01,307956396,FP,4.1508803,2459001.28404,2021-06-23 15:26:02,2024-08-22 10:08:01,256.664332,63.778535,13.2653,4460.0,0.73,0
4048.01,279605855,FP,1.972401,2459007.051404,2021-06-23 15:26:02,2024-08-22 10:08:01,346.577907,71.21333,13.1947,6184.0,1.6,0
4051.01,237101326,FP,1.5373948,2459849.641184,2021-06-23 15:26:03,2026-03-19 12:03:32,240.691824,71.224288,13.0273,5091.0,1.0,0
4052.01,236775063,FP,0.7409429,2459008.383184,2021-06-23 15:26:03,2024-08-22 10:08:01,282.663177,55.801405,13.0109,5406.0,0.87,0
4053.01,235684392,FP,21.7894491,2459743.50843,2021-06-23 15:26:03,2024-09-07 10:08:02,288.092884,77.922621,13.0309,6118.5,,0
4061.01,224601047,FA,7.2087245,2459003.792406,2021-06-23 15:26:06,2024-08-22 10:08:01,255.12889,59.625658,13.109,5144.9,,0
4067.01,162577466,FP,3.6772391,2459666.709157,2021-06-23 15:26:07,2024-09-10 10:08:02,243.935867,48.325503,13.1815,5801.0,1.11792,0
4068.01,159334269,FP,1.1578392,2459008.761746,2021-06-23 15:26:07,2024-08-22 10:08:01,233.694873,79.449837,13.3675,6409.0,1.18,0
4083.01,399444057,FP,2.0714803,2459008.356209,2021-06-23 15:26:10,2024-08-22 10:08:01,26.687843,63.612237,11.6433,7047.0,2.46,0
4087.01,310002617,CP,3.1774814,2459765.673618,2021-06-23 15:28:20,2024-08-22 10:08:01,217.925779,83.372706,11.2961,6071.0,1.12,1
4091.01,289316336,FP,3.0038696,2459033.693724,2021-06-23 15:28:21,2024-08-22 10:08:01,277.979234,39.669309,11.2834,6171.0,1.2,0
4102.01,237235093,FP,2.6834113,2459034.03138,2021-06-23 15:28:22,2024-08-22 10:08:01,297.484569,73.086464,11.812,5221.0,0.76,0
4110.01,230075120,FP,0.7676706,2459663.9541,2021-06-23 15:28:24,2024-08-22 10:08:01,244.441282,69.447713,11.1315,6377.0,1.53,0
4112.01,229976631,FA,10.7166249,2459390.813098,2021-06-23 15:28:24,2024-09-07 10:08:02,290.108847,61.085434,11.024,4235.5,0.65,0
4116.01,198616607,FP,3.6311186,2459417.473162,2021-06-23 15:28:24,2024-08-22 10:08:01,271.403617,47.550327,12.4627,5979.9,1.63,0
4126.01,141616639,FP,3.2428744,2459032.680649,2021-06-23 15:28:26,2024-08-22 10:08:01,108.818021,81.220983,12.3454,4016.0,0.58,0
4127.01,141488193,CP,56.4043748,2459031.931632,2021-06-23 15:28:26,2024-09-18 10:08:02,105.404552,72.41493,11.0383,6433.0,1.25,1
4130.01,71396541,FP,6.269716,2459031.311744,2021-06-23 15:28:27,2024-08-22 10:08:01,116.069722,68.826258,10.7386,4812.0,1.08,0
4134.01,420803693,FP,0.9135968,2459033.325227,2021-06-23 15:28:27,2024-08-22 10:08:01,70.506153,79.987529,11.2063,5987.0,0.89,0
4135.01,288471040,FP,2.5139764,2459766.355421,2021-06-23 15:28:28,2024-08-22 10:08:01,271.493129,78.049292,10.5893,6150.0,2.05,0
4137.01,417646390,CP,3.8016217,2459762.195685,2021-06-23 15:28:28,2024-08-22 10:08:01,77.612879,70.391079,10.8557,6244.0,1.47,1
4138.01,257060897,CP,3.660032,2459660.607824,2021-06-23 15:28:28,2024-09-07 10:08:02,227.532153,72.710313,11.2633,5988.0,1.88626,1
4139.01,408729765,FP,4.6200781,2459026.64911,2021-06-23 15:28:28,2024-08-22 10:08:01,24.670602,80.433347,12.9551,5999.0,1.16,0
4143.01,371711170,FP,9.8482192,2459015.247898,2021-06-23 15:28:29,2024-08-22 10:08:01,70.100556,81.077272,12.1158,6126.0,3.31,0
4145.01,279947414,CP,4.0664446,2459767.636557,2021-06-23 15:28:29,2024-08-22 10:08:01,39.429743,80.267384,11.5241,5421.0,0.86,1
4148.01,137157546,FP,3.6841446,2459721.117312,2021-06-23 15:28:29,2024-08-22 10:08:01,30.021663,77.369001,12.0672,4939.0,0.79,0
4153.01,470171739,CP,4.6174254,2460452.837662,2021-06-23 15:28:30,2026-06-10 12:04:06,335.39347,82.216079,11.1477,6411.0,1.67219,1
4155.01,467331291,CP,3.3207642,2459913.520622,2021-06-23 15:28:31,2025-08-09 12:03:57,325.636227,77.734384,11.2473,6142.0,0.95,1
4157.01,461538935,FP,5.289835,2459767.361077,2021-06-23 15:28:31,2024-08-22 10:08:01,345.981898,85.443022,11.5576,6655.0,1.11,0
4167.01,377165123,FP,14.793901,2459845.365372,2021-06-23 15:28:32,2024-08-22 10:08:01,285.797008,57.388177,12.9474,5095.0,0.84,0
4178.01,289988797,FP,2.2042212,2459576.857352,2021-06-29 22:51:19,2022-03-11 10:10:02,192.13314,-13.65338,10.0415,5702.0,1.42,0
4181.01,426017070,FP,0.5992533,2458354.57189,2021-07-01 20:45:15,2025-02-21 13:59:35,42.812401,-73.155511,15.951,31000.0,0.18,0
4184.01,394357918,CP,4.9019938,2458326.789691,2021-07-08 23:19:06,2023-12-03 12:03:15,43.828475,-79.414704,14.2612,3147.0,0.240807,1
4188.01,424747720,FP,10.2813284,2458655.604161,2021-07-08 23:28:50,2021-10-29 12:59:15,290.672257,-51.426409,13.0123,3919.0,0.593317,0
4201.01,95057860,CP,3.5809733,2458485.286309,2021-07-12 14:27:18,2024-08-22 10:08:01,90.474724,-13.461371,13.5011,3790.0,0.61,1
4207.01,37242226,FP,1.0681394,2458488.379945,2021-07-12 14:27:19,2024-08-22 10:08:01,98.313616,-4.1063,13.3581,7248.0,2.23,0
4213.01,32408928,FP,1.0435229,2459252.322453,2021-07-12 14:39:20,2024-08-22 10:08:01,117.475892,-10.381904,12.6825,6259.0,1.23,0
4216.01,187861378,FP,2.1816809,2459251.531855,2021-07-12 14:39:21,2024-08-22 10:08:01,111.293211,-8.620052,11.2486,8582.7,,0
4217.01,108939482,FP,1.1870337,2459963.592775,2021-07-12 14:39:21,2024-09-08 10:08:02,112.729853,-28.684266,13.5295,6325.0,1.15885,0
4219.01,114103136,FP,1.1471548,2458515.145173,2021-07-12 14:39:21,2024-08-22 10:08:01,113.982909,-30.748181,16.0657,3901.0,0.75,0
4222.01,318054782,FP,0.8335712,2459226.922752,2021-07-12 14:39:21,2024-08-22 10:08:01,110.868087,3.134948,12.9913,6158.0,2.09,0
4225.01,141405814,FP,1.1355457,2460717.457076,2021-07-12 14:39:22,2025-08-12 16:00:01,117.121112,-19.340207,9.7402,10262.0,7.03693,0
4229.01,319282294,FP,1.1385671,2458514.968282,2021-07-12 14:39:22,2024-08-22 10:08:01,110.294291,-9.500598,13.5964,9024.0,2.0,0
4232.01,126357909,FP,1.2247985,2458513.957617,2021-07-12 14:39:23,2024-08-22 10:08:01,115.809569,-26.239291,13.5184,5699.0,0.89,0
4233.01,113295476,FP,1.820443,2458514.824342,2021-07-12 14:39:23,2025-02-18 12:03:47,113.266602,-30.104096,13.5689,6079.0,1.94,0
4235.01,157528286,FP,1.6562803,2459251.03979,2021-07-12 14:39:23,2024-08-22 10:08:01,106.633113,-38.054496,13.0556,6044.0,1.25,0
4251.01,192520375,FP,0.9109508,2459278.486338,2021-07-12 14:44:37,2024-08-22 10:08:01,138.052275,-39.657928,12.5405,9421.0,1.79,0
4255.01,82302240,FP,2.5057108,2459964.80591,2021-07-12 14:44:38,2025-02-12 12:03:37,124.351447,-45.406543,12.5225,8330.0,2.26,0
4256.01,77102895,FP,1.0962372,2459303.475037,2021-07-12 14:44:38,2024-08-22 10:08:01,141.247814,-42.799765,12.7158,6519.0,3.25,0
4257.01,75208638,FP,4.6512523,2459990.712909,2021-07-12 14:44:38,2024-08-22 10:08:01,138.741096,-45.122969,11.7159,7192.0,1.1,0
4258.01,74484886,FP,3.8505662,2459298.033322,2021-07-12 14:44:38,2024-08-22 10:08:01,137.490377,-43.201719,13.3285,6353.0,2.13,0
4261.01,74197917,FP,1.5040804,2460015.834821,2021-07-12 14:44:38,2024-08-22 10:08:01,137.285031,-46.184649,13.7682,3810.2,,0
4263.01,48276576,FP,0.8334976,2459989.054751,2021-07-12 14:44:39,2025-05-03 12:03:17,148.08664,-34.95789,13.5379,6071.0,1.3925,0
4265.01,118308828,FP,3.7353995,2459301.93331,2021-07-12 14:48:48,2025-03-01 12:03:38,128.701521,-56.331828,12.1162,5895.0,1.53,0
4268.01,341272282,FP,0.8133123,2459304.022578,2021-07-12 14:48:48,2024-08-22 10:08:01,119.311724,-56.962926,11.0418,8265.0,2.12,0
4270.01,151920165,CP,3.4671474,2459303.974235,2021-07-12 14:48:48,2024-08-22 10:08:01,168.563889,-37.910133,12.5695,5886.0,1.58,1
4275.01,363635669,FP,0.7617828,2460015.058745,2021-07-12 14:50:51,2025-02-06 12:03:34,147.713157,-62.203109,12.2951,6132.7,,0
4279.01,407146536,FP,2.0976705,2459385.924603,2021-07-12 14:52:23,2025-09-05 16:00:02,235.165334,-81.203316,11.2851,5914.8,2.7729599,0
4281.01,384386061,FP,5.7626055,2459380.93326,2021-07-12 14:52:23,2025-07-22 12:04:25,249.368745,-80.974073,13.1335,5558.7,,0
4292.01,255918903,FP,1.7201092,2460098.853045,2021-07-12 14:52:25,2026-05-07 10:08:02,266.633808,-70.409811,13.0566,5878.0,1.13,0
4294.01,30499203,FP,2.4330551,2458677.763801,2021-07-12 14:52:25,2026-07-10 12:04:13,285.628501,-31.54321,13.5137,5512.0,,0
4296.01,72668830,FA,19.9706574,2458399.48997,2021-07-15 23:41:32,2026-04-09 16:00:01,33.449996,-27.867678,10.4161,4985.0,0.899081,0
4300.01,266843799,FP,0.8062768,2459331.490509,2021-07-19 00:13:44,2021-10-29 12:59:15,175.539949,-57.368489,9.9747,7311.1,3.37,0
4306.01,44898913,CP,2.7299049,2458413.191882,2021-07-19 00:13:44,2023-03-03 12:03:04,64.13091,-28.315791,14.2683,2887.0,0.155498,1
4308.01,144193715,CP,9.1512776,2460163.674868,2021-07-19 00:13:44,2023-12-03 12:03:15,327.753069,-43.562364,10.339,5015.0,0.79,1
4311.01,122617317,CP,15.0700779,2458394.738879,2021-07-19 00:13:44,2026-05-13 12:05:57,41.685522,-31.17932,10.7236,5159.0,0.850729,1
4311.02,122617317,CP,0.9902892,2458382.635952,2021-07-28 19:58:06,2026-05-13 12:05:57,41.685522,-31.17932,10.7236,5159.0,0.850729,1
4312.01,251086776,FA,726.1175225,2458434.864936,2021-07-19 00:13:44,2024-09-18 10:08:02,37.547588,-3.405125,10.4779,3808.0,0.55033,0
4314.01,459952217,FA,73.580982,2458448.205642,2021-07-19 00:13:44,2021-10-29 12:59:15,71.266602,5.871586,8.22109,7802.0,1.76118,0
4320.01,404518509,CP,25.1290153,2459160.014156,2021-07-27 02:26:32,2025-04-21 12:03:49,51.640345,-43.613665,8.6022,5871.0,1.04,1
4320.02,404518509,FA,46.4093732,2458417.466332,2021-07-27 02:26:32,2024-09-18 10:08:02,51.640345,-43.613665,8.6022,5871.0,1.03563,0
4323.01,143022742,FA,14.6762658,2458416.548124,2021-07-27 02:26:33,2024-09-17 10:08:02,54.466785,-30.057438,12.531,3414.0,0.458861,0
4323.02,143022742,FA,21.9692578,2458412.896474,2021-07-27 02:26:33,2024-09-17 10:08:02,54.466785,-30.057438,12.531,3414.0,0.458861,0
4329.01,256722647,CP,2.9224661,2459855.156794,2021-07-27 02:26:32,2023-06-13 16:02:07,329.563915,71.131605,11.8832,5520.0,2.7442901,1
4330.01,47617038,FP,3.3513304,2459358.397242,2021-07-28 19:01:30,2024-11-20 12:02:56,220.350188,-33.950483,7.6581,4886.0,8.71,0
4332.01,178959058,FP,5.4468377,2460061.842391,2021-07-28 19:01:30,2025-08-29 16:00:02,209.699173,-40.619073,9.783,6793.0,1.68,0
4335.01,443658196,FP,4.5006638,2459351.741023,2021-07-28 19:33:11,2022-10-05 10:10:01,199.734195,-62.974419,11.5124,8933.0,1.48,0
4336.01,166184428,CP,16.3363665,2459335.573188,2021-07-28 19:33:11,2025-11-17 12:03:38,206.107013,-40.337351,11.0196,3365.0,0.326568,1
4337.01,399642071,FP,2.2887763,2459307.924432,2021-07-28 19:33:11,2024-11-14 17:22:21,164.289787,-69.979379,11.1567,3953.0,0.617703,0
4339.01,7439481,FP,1.2540806,2459333.969005,2021-07-28 19:33:11,2022-09-09 12:02:24,212.92874,-29.973981,14.0644,3455.0,0.399724,0
4341.01,62301521,FA,18.4043334,2458661.048552,2021-07-28 19:58:06,2021-10-29 12:59:15,291.534894,-43.187188,13.7827,2891.0,0.133376,0
4342.01,354944123,CP,5.538329,2458654.532426,2021-07-28 19:58:06,2023-03-03 12:03:04,324.38942,-77.979147,11.0318,3883.0,0.598175,1
4342.02,354944123,CP,10.6886084,2458659.348023,2021-07-28 19:58:06,2023-03-03 12:03:04,324.38942,-77.979147,11.0318,3883.0,0.598175,1
4346.01,389371332,FP,3.9077116,2458494.060524,2021-07-28 19:58:06,2021-10-29 12:59:15,86.01889,-66.359097,12.4375,3917.0,0.64011,0
4357.01,300011941,FP,1.8141215,2458327.104401,2021-07-28 20:06:26,2021-10-29 12:59:15,106.913225,-66.406577,10.5385,5789.58,1.12713,0
4359.01,133505138,FP,2.4360845,2459330.394075,2021-08-06 01:18:56,2022-02-23 12:02:21,149.731452,-53.301515,9.5115,6529.0,1.32,0
4364.01,4070275,CP,5.4240691,2458439.340243,2021-08-06 01:36:49,2026-03-27 12:03:28,80.066927,-4.239248,11.3993,3500.0,0.465777,1
4367.01,313675203,FP,2.5025812,2460091.74954,2021-08-06 01:51:54,2025-12-11 16:00:01,202.167147,-61.83472,9.462,5603.0,0.91,0
4368.01,314724818,FP,4.4518604,2459337.012838,2021-08-06 01:51:54,2024-11-19 10:08:02,202.652035,-61.218031,10.0199,8353.8,3.60934,0
4375.01,343708863,FP,5.9685742,2459379.13132,2021-08-13 00:02:30,2021-10-29 12:59:15,206.77501,-70.50753,9.4128,10390.0,3.44,0
4377.01,394918211,CP,4.3780194,2459337.638207,2021-08-13 00:24:44,2025-07-09 16:00:02,164.932471,-82.22135,10.7934,4913.0,3.41348,1
4379.01,97766057,CP,3.2535299,2459363.367887,2021-08-13 00:24:45,2026-01-21 10:08:01,252.047881,-32.433753,11.8994,6368.0,2.06072,1
4383.01,384744828,FP,3.0421334,2459363.498874,2021-08-13 00:24:45,2024-09-04 12:02:50,258.918826,-79.648182,9.8062,5715.4,2.40325,0
4394.01,341805908,FP,1.491916,2460069.037538,2021-08-19 21:43:13,2025-12-11 16:00:01,239.561368,-65.084504,10.3355,9747.0,4.42729,0
4396.01,379723086,FP,7.4398211,2460120.660517,2021-08-19 21:43:13,2023-08-07 10:10:02,256.820009,-66.127056,10.0288,5822.0,1.45,0
4397.01,107728509,FP,2.6646183,2459385.728999,2021-08-19 21:43:13,2021-10-29 12:59:15,265.109377,-32.124087,10.4304,11526.0,1.52,0
4399.01,464646604,CP,7.7121208,2459037.871491,2021-08-26 21:54:51,2022-04-27 12:05:10,287.741144,-60.272636,7.7582,5985.4,1.08958,1
4406.01,206541859,CP,30.083503,2459064.11893,2021-08-27 01:10:50,2024-09-18 10:08:02,18.048516,-56.925387,10.5663,5906.5,1.41293,1
4412.01,35315453,FP,2.0341073,2460851.315543,2021-08-27 02:40:30,2026-07-16 16:00:02,249.808328,-52.099838,10.2956,6849.0,2.05,0
4414.01,1405997635,FP,1.8697825,2459385.39488,2021-08-27 02:40:30,2021-11-19 12:02:23,267.475228,-37.531317,10.3147,,,0
4421.01,141412823,FP,21.7004042,2460151.66684,2021-08-27 02:40:31,2023-10-24 16:02:02,84.237192,-75.611421,10.4078,5788.7,1.78,0
4423.01,344600402,FP,1.3875331,2460123.887716,2021-08-27 02:40:31,2023-08-09 16:02:02,252.03108,-56.686774,10.4425,5678.0,1.14,0
4433.01,158551257,FP,0.9023951,2459797.231728,2021-09-09 19:53:44,2023-02-23 16:02:01,287.57055,43.531709,14.2502,5780.0,,0
4438.01,22233480,CP,7.4463034,2459396.409578,2021-09-09 19:53:44,2024-03-18 12:03:13,270.317239,35.594899,11.2695,3353.0,0.375859,1
4443.01,158241252,CP,1.8498567,2459415.15198,2021-09-09 19:53:45,2025-04-21 12:03:49,274.268664,21.909546,7.9147,5834.0,1.0173301,1
4453.01,243333538,FP,2.9985667,2459772.753949,2021-09-09 19:53:46,2023-08-18 12:03:17,289.839513,56.93037,13.7703,6126.0,1.04172,0
4461.01,149282072,FP,3.7006742,2459761.942759,2021-09-09 19:55:02,2025-07-22 12:04:25,279.146891,16.45244,10.4787,5025.0,0.79,0
4462.01,76420654,CP,4.9133022,2459789.419251,2021-09-09 19:55:02,2026-06-21 12:05:01,274.669941,36.254856,10.445,5918.0,2.06,1
4463.01,8599009,CP,2.88069,2459766.955834,2021-09-09 19:55:02,2023-12-03 12:03:15,279.358129,18.729952,10.4673,5541.0,1.09,1
4465.01,157236902,CP,,2459395.124979,2021-09-09 19:55:03,2025-07-22 12:04:25,276.134031,15.841886,9.85277,5557.0,0.99,1
4477.01,64531556,FP,7.8127906,2459813.939921,2021-10-07 00:18:58,2024-08-27 12:02:45,309.461444,37.155939,11.7018,8451.0,2.38,0
4479.01,126606859,CP,1.1589013,2459797.406342,2021-10-07 00:18:59,2023-03-16 10:10:02,316.096939,24.653674,12.9374,3449.0,0.427389,1
4481.01,239332587,CP,0.9263237,2460559.015552,2021-10-07 00:18:59,2025-04-21 12:03:49,311.2697,44.500235,8.72762,3573.0,0.43,1
4491.01,193336820,CP,5.006622,2460550.715057,2021-10-07 00:20:04,2025-07-22 12:04:25,305.689744,47.308619,10.4382,4006.0,0.6,1
4492.01,298297931,CP,4.4331838,2460555.320385,2021-10-07 00:20:04,2026-07-24 12:04:08,308.6508,29.238102,9.63105,5667.0,1.26,1
4495.01,120826158,CP,5.1830043,2459765.914829,2021-10-07 00:20:04,2022-10-05 10:10:01,286.362495,37.02599,9.00568,6156.0,1.34,1
4498.01,305943739,FP,5.3073459,2459441.270166,2021-10-07 00:20:05,2021-10-29 12:59:15,295.468588,23.377283,7.948,5821.4,1.42,0
4500.01,406190563,FP,1.773346,2459446.222222,2021-10-07 00:20:05,2024-04-19 12:02:57,306.244087,30.348186,10.351,6802.0,3.08,0
4502.01,239372503,FP,0.8560277,2460366.918358,2021-10-07 00:20:05,2024-04-18 10:08:02,311.435385,43.445151,8.716291,11798.0,2.38,0
4504.01,349972412,CP,82.9294114,2460059.618864,2021-10-21 22:48:36,2026-04-08 12:03:30,114.467307,-62.078278,12.5542,5271.0,0.960919,1
4504.02,349972412,CP,2.4261538,2459038.460359,2021-10-21 22:48:36,2025-04-21 12:03:49,114.467307,-62.078278,12.5542,5271.0,0.960919,1
4507.01,179582003,CP,104.6162557,2458413.850483,2021-11-18 23:16:42,2025-10-02 12:04:12,80.451368,-69.988217,10.2301,6115.26,1.97585,1
4515.01,456862677,CP,15.2664658,2459451.62303,2021-10-21 22:56:07,2023-11-14 12:02:50,21.186178,21.513064,11.302,5420.82,0.874078,1
4522.01,369480087,FP,0.3643225,2459447.841312,2021-10-21 22:56:07,2021-11-12 12:01:59,23.304228,5.645209,15.6615,3473.0,0.347331,0
4524.01,333657795,CP,0.9260632,2460233.36735,2021-10-21 22:56:08,2023-12-06 16:02:01,49.178124,15.656354,8.1359,5640.0,1.11,1
4527.01,380887434,CP,0.3994445,2459474.200243,2021-10-21 22:56:08,2022-07-20 12:03:42,19.472257,5.4712,9.16764,3702.0,0.485948,1
4528.01,376981340,FA,4.0249712,2459448.108233,2021-10-21 22:56:08,2022-02-23 10:10:02,19.609812,6.8168,12.806,4492.0,0.770497,0
4529.01,384888319,CP,5.8795752,2459448.511683,2021-10-21 22:56:08,2026-01-14 12:03:42,16.968846,12.880955,10.1406,3611.0,0.492759,1
4551.01,204650483,CP,9.956296,2459312.392162,2021-10-28 01:23:43,2023-11-14 12:02:50,184.978758,-25.827853,9.02765,4956.0,3.38,1
4552.01,248250955,CP,0.3011506,2459361.882335,2021-10-28 01:26:18,2026-03-20 12:03:30,264.714256,-47.637046,11.9251,3304.0,0.286178,1
4559.01,271169413,CP,3.9649053,2458597.872164,2021-10-28 01:52:38,2025-07-09 16:00:02,211.013538,-30.014125,10.9139,3476.0,0.426767,1
4562.01,349576261,CP,225.1037885,2459132.225854,2021-10-28 01:52:38,2024-02-13 10:08:02,112.010059,-63.517779,11.5326,5965.99,1.25231,1
4564.01,400786146,FP,22.1536777,2459323.079936,2021-10-28 01:52:39,2024-09-18 10:08:02,167.000935,-67.149824,10.7716,6123.0,1.6267,0
4569.01,149126400,FP,1.2253159,2459036.84286,2021-10-28 01:52:39,2023-01-04 12:03:41,81.028116,-63.028858,15.764,3725.0,0.297644,0
4582.01,219854519,CP,31.0343214,2459394.937884,2021-11-01 23:15:44,2024-09-18 10:08:02,256.860137,68.865626,10.5481,5234.0,2.56935,1
4583.01,103604037,FA,19.5202386,2459390.798699,2021-11-01 23:15:45,2021-11-03 12:02:29,150.892247,67.990199,10.571,5780.0,,0
4591.01,356868487,FP,27.9102929,2459692.968529,2021-11-01 23:15:49,2024-09-18 10:08:02,275.838952,69.861926,11.7167,6327.0,1.39013,0
4594.01,158555987,FP,5.5460893,2458687.926051,2021-11-01 23:15:51,2026-02-25 16:00:02,287.807212,43.188801,11.8995,6963.86,1.88937,0
4599.01,307809773,CP,2.7694936,2460284.446332,2021-11-01 23:34:06,2024-01-03 16:02:01,99.291543,17.56627,7.89863,3807.0,0.47,1
4599.02,307809773,CP,5.7060868,2460277.804123,2021-11-01 23:34:05,2024-01-03 16:02:01,99.291543,17.56627,7.89863,3807.0,0.47,1
4600.01,232608943,CP,82.6901439,2459419.383357,2021-11-02 00:08:06,2024-09-18 10:08:02,258.450367,64.566173,11.8787,5073.0,0.831915,1
4600.02,232608943,CP,482.8191,2459751.598569,2023-08-15 20:53:30,2024-10-11 10:08:01,258.450367,64.566173,11.8787,5073.0,0.831915,1
4602.01,467651916,CP,3.9813082,2460655.201888,2021-11-02 00:11:46,2025-07-23 16:00:01,60.600332,31.329835,7.7746,6011.9,1.16,1
4603.01,437856897,CP,7.2455997,2460273.680601,2021-11-02 00:11:47,2024-01-04 16:02:02,83.865929,21.294242,8.6554,6169.1,2.68,1
4605.01,19155785,FP,3.1442556,2460254.350652,2021-11-02 00:11:48,2023-12-18 10:08:01,81.715698,18.419816,10.2207,5691.0,1.0,0
4610.01,1950736,FP,3.1129681,2460307.729373,2021-11-09 21:10:04,2024-02-05 16:02:02,79.04324,30.585072,10.0745,4104.0,0.69,0
4616.01,258796169,CP,1.5538188,2458765.025928,2021-11-09 21:10:48,2026-03-12 12:03:50,14.818088,13.860795,12.8872,3244.0,0.192729,1
4627.01,89702406,FP,23.1438551,2459264.71217,2021-11-18 23:46:29,2023-12-21 10:08:02,127.649986,-58.528508,11.5252,5356.0,1.06356,0
4633.01,307958020,CP,271.938639,2458864.835181,2021-11-19 00:35:17,2025-04-21 12:03:49,256.843102,62.475548,8.3498,5490.04,1.5819,1
4634.01,17150865,FP,0.8706763,2460232.412765,2021-11-19 00:50:37,2024-11-18 16:02:01,64.644978,19.179039,12.5065,6121.0,1.47,0
4635.01,337129672,FP,49.1077047,2460209.918841,2021-11-19 01:05:03,2025-01-20 12:03:29,33.630248,8.079261,10.6029,4358.0,0.72245,0
4636.01,405484221,FP,42.8289152,2459454.50904,2021-11-19 01:05:03,2024-09-18 10:08:02,56.730555,24.187804,15.7488,3090.0,0.289034,0
4638.01,58824746,CP,10.2829583,2459449.353563,2021-11-19 01:05:04,2025-04-21 12:03:49,12.820663,12.787986,10.7434,5700.0,0.894563,1
4641.01,436873727,CP,22.0933922,2460239.908686,2021-11-19 01:05:06,2025-04-21 12:03:49,42.558202,25.333533,7.1323,6798.4,1.75449,1
4666.01,165202476,CP,2.9093856,2459168.476368,2021-12-21 00:33:10,2025-09-01 12:32:45,56.289886,-39.06318,13.3272,3666.0,0.59,1
4668.01,142938659,FP,1.0049552,2459169.299411,2021-12-21 00:33:11,2026-06-28 12:03:58,52.647353,-35.203715,13.8371,3210.0,0.42,0
4669.01,71401634,FP,0.2476684,2459169.548716,2021-12-21 00:33:11,2024-08-22 10:08:01,46.905585,-17.894406,13.1599,4886.0,0.75,0
4682.01,449197624,FP,6.7934811,2459187.795987,2021-12-21 00:33:52,2024-08-22 10:08:01,79.684211,0.292396,12.2624,6121.0,1.92,0
4683.01,264460005,FP,3.0929206,2459194.816461,2021-12-21 00:33:52,2026-04-09 16:00:01,81.1665,1.757343,12.9876,5787.4,1.43,0
4715.01,268372005,FP,6.4274159,2459214.764692,2021-12-21 00:34:45,2024-08-22 10:08:01,105.00193,-2.339506,11.907,6227.0,1.58,0
4737.01,142532090,CP,9.3202467,2459222.401832,2021-12-21 00:34:54,2025-01-20 12:03:29,103.410508,-13.436384,11.992,5916.0,1.67,1
4738.01,247873937,FP,4.6498719,2459549.304788,2021-12-21 00:34:55,2024-08-22 10:08:01,87.824224,13.745892,12.1359,9056.0,1.78,0
4759.01,49705089,CP,9.6578504,2459226.011756,2021-12-21 00:35:03,2025-01-20 12:03:29,95.934296,-24.024654,12.2627,5557.0,2.09,1
4791.01,100389539,CP,4.2809767,2459246.158055,2021-12-21 00:46:31,2024-08-22 10:08:01,109.388382,-19.828939,10.8961,5964.0,1.49,1
4800.01,280307604,FP,4.3229915,2459244.040521,2021-12-21 00:46:35,2026-02-04 16:00:02,114.708588,4.35637,10.9833,6121.0,1.37,0
4808.01,126772538,FP,1.4700596,2459251.604328,2021-12-21 00:46:39,2024-08-22 10:08:01,116.205938,-26.074575,13.4542,6308.0,2.12,0
4817.01,60074373,FP,3.190373,2459276.406959,2021-12-21 22:31:39,2024-08-22 10:08:01,111.092717,-44.032701,14.6435,3722.0,0.6,0
4827.01,332630868,FP,736.5601487,2458525.417575,2021-12-21 22:31:43,2024-09-18 10:08:02,136.943663,-17.051007,12.3805,5895.4,1.31,0
4829.01,268439377,FP,0.9855374,2459279.259801,2021-12-21 22:31:44,2024-08-22 10:08:01,116.835959,-49.122453,13.1591,6198.4,1.76,0
4838.01,374200604,FP,0.760019,2459525.795452,2021-12-21 22:31:48,2026-02-25 16:00:02,158.073445,2.237845,11.869,5690.2,1.65999,0
4840.01,80029842,FP,2.3992876,2459279.306422,2021-12-21 22:31:49,2024-08-22 10:08:01,121.23238,-47.76813,12.2896,6536.0,1.15,0
4846.01,418971787,FP,1.0638184,2459277.893321,2021-12-21 22:31:51,2024-08-22 10:08:01,120.497337,-35.061315,13.0246,4963.0,0.73,0
4849.01,132534906,FP,3.0617364,2459277.978622,2021-12-21 22:31:53,2024-08-22 10:08:01,119.771898,-37.900646,12.5874,6783.0,0.98,0
4856.01,428685938,FP,14.4896397,2460022.855249,2021-12-21 22:33:22,2024-08-22 10:08:01,180.231429,-23.634554,14.379,3376.0,0.35,0
4858.01,262499797,FP,1.7509117,2459963.283806,2021-12-21 22:33:23,2025-02-06 12:03:34,109.880143,-55.728421,14.8083,3333.0,0.443812,0
4860.01,335590096,CP,1.5229985,2459304.245613,2021-12-21 22:33:24,2024-08-22 10:08:01,183.563961,-13.174841,13.7726,3237.0,0.35,1
4862.01,322807371,CP,,2459287.603184,2021-12-21 22:33:25,2024-08-22 10:08:01,173.714867,-24.60548,11.6707,5427.9,0.91,1
4863.01,143032776,FP,12.4856615,2459289.281849,2021-12-21 22:33:25,2026-04-05 12:03:53,167.255241,-10.188311,14.667,3473.0,0.45,0
4879.01,45465399,FP,5.3763108,2459325.008186,2021-12-21 22:36:43,2026-05-16 12:04:04,130.643983,-59.619955,13.3342,6543.0,1.53,0
4886.01,457743020,FP,3.251249,2459327.581873,2021-12-21 22:36:46,2025-04-30 12:03:16,158.261633,-57.281506,12.9004,6951.0,1.66,0
4902.01,358072664,FP,4.1934945,2459327.06697,2021-12-21 22:36:52,2024-08-22 10:08:01,138.943337,-60.291854,12.8989,5541.0,1.63,0
4914.01,49254857,CP,10.5988743,2459317.272697,2021-12-21 22:36:58,2025-04-21 12:03:49,204.542672,-28.142921,11.6629,5809.9,1.04,1
4934.01,292797572,FP,2.8013515,2459355.677383,2021-12-21 22:37:59,2024-08-22 10:08:01,218.676874,-58.297303,12.6554,7518.0,1.67,0
4940.01,237929468,CP,25.8663869,2459963.745719,2021-12-21 22:38:02,2025-12-09 12:03:42,58.251168,-62.407968,11.8153,5418.7,1.17513,1
4946.01,319783554,FP,1.819376,2459357.232388,2021-12-21 22:38:04,2024-08-22 10:08:01,205.145274,-63.742301,12.1164,7567.0,1.53,0
4948.01,160476088,FP,0.4722347,2459360.065225,2021-12-21 22:38:05,2026-07-29 12:05:13,226.854216,-45.159596,13.164,5827.0,1.1,0
4964.01,406443564,FP,1.1167145,2459359.320018,2021-12-21 22:38:11,2024-08-22 10:08:01,198.097759,-58.753402,13.2364,6611.0,1.22,0
4985.01,294315741,FP,3.5678072,2459546.190637,2022-01-06 22:32:59,2025-09-05 16:00:02,93.095903,12.838602,13.3162,7819.0,1.71,0
4987.01,293607057,CP,4.2889696,2459274.884918,2022-01-06 22:37:02,2024-08-22 10:08:01,153.669669,-15.642837,10.6311,6736.9,2.61,1
4994.01,277128619,CP,21.4921464,2459363.698425,2022-01-06 22:41:13,2024-12-05 12:03:01,283.132534,-78.43443,11.9545,5520.0,1.11,1
5005.01,282485660,CP,6.3084728,2459377.175525,2022-01-06 22:49:37,2024-09-27 12:02:45,238.108194,-48.1451,11.13,5840.0,0.97,1
5007.01,424196109,CP,2.5432595,2459384.64412,2022-01-06 22:49:38,2025-09-22 12:04:50,236.06387,-61.041365,13.6366,3757.0,0.66,1
5016.01,68322189,FP,1.2833689,2459385.759712,2022-01-06 22:49:43,2024-08-22 10:08:01,236.159176,-58.128314,12.5209,5442.0,1.01,0
5027.01,361711730,CP,10.2436729,2459387.004152,2022-01-06 22:49:49,2025-04-21 12:03:49,243.885021,-69.217097,10.9097,5845.9,0.96,1
5055.01,407146538,FP,2.0915616,2460069.763644,2022-01-06 22:50:05,2025-05-15 13:53:15,235.152828,-81.208241,11.9139,5551.0,1.62,0
5070.01,319968129,FP,6.216994,2460285.329551,2022-01-06 23:39:36,2024-11-18 16:02:01,95.305914,20.878513,10.3879,6304.0,1.54,0
5075.01,23113034,FP,1.7134571,2460256.342409,2022-01-06 23:39:39,2023-12-13 16:02:02,60.838304,25.343808,8.3482,8638.0,2.64,0
5076.01,303432813,CP,23.4428912,2460250.881084,2022-01-06 23:39:39,2024-09-18 10:08:02,50.510417,17.239209,9.9909,4794.4,0.85,1
5079.01,69672493,FP,1.4920726,2460257.096765,2022-01-06 23:39:40,2023-12-20 10:08:02,77.394839,24.324493,9.642901,5125.0,0.81,0
5082.01,437011608,CP,4.2403543,2460284.802643,2022-01-06 23:39:42,2025-04-21 12:03:49,106.569578,22.683148,7.6253,5670.0,0.93,1
5107.01,97735297,FP,1.8354365,2459547.910111,2022-01-25 22:18:17,2024-02-05 12:02:59,92.674931,31.328397,9.4098,9758.0,3.27,0
5108.01,350348197,CP,6.7535728,2460285.356746,2022-01-25 22:18:18,2025-04-21 12:03:49,166.269504,11.246407,9.18458,5880.0,1.32,1
5110.01,239977528,CP,30.1584857,2460227.480457,2022-01-25 22:18:19,2024-05-24 12:03:10,94.404269,31.610331,10.2592,6083.0,2.38,1
5119.01,75427473,FP,1.4713984,2460258.206104,2022-01-25 22:18:23,2023-12-18 16:02:01,85.222404,25.872525,8.96861,5110.7,2.66,0
5124.01,306902029,FP,1.0754572,2459549.901817,2022-01-25 22:18:25,2022-02-15 12:02:10,98.039425,17.38055,10.4406,6290.0,3.29,0
5126.01,27064468,CP,5.4589863,2460282.114507,2022-01-25 22:18:26,2024-02-12 12:02:58,151.659783,18.634063,9.56225,6223.0,1.24,1
5126.02,27064468,CP,17.9051919,2460258.338552,2022-02-08 22:12:14,2024-02-02 10:08:02,151.659783,18.634063,9.56225,6223.0,1.24,1
5133.01,312221462,FP,30.4408598,2459507.390544,2022-01-25 22:18:29,2024-09-18 10:08:02,88.396157,33.232368,10.3703,8158.9,1.58,0
5134.01,95010343,FP,6.880459,2460272.398924,2022-01-25 22:18:30,2024-01-17 16:02:04,114.312857,24.515713,9.16636,6474.0,1.31,0
5135.01,172110606,FP,2.0197299,2460310.708798,2022-01-25 22:18:30,2024-01-30 16:02:02,97.83249,32.39678,8.96147,5810.0,1.77,0
5150.01,40954422,FP,1.7578288,2460336.483913,2022-02-08 19:43:11,2024-03-04 10:08:01,301.393952,39.588455,10.0768,6640.0,2.59,0
5152.01,257527578,CP,54.3212423,2459084.832076,2022-02-08 20:12:50,2024-09-18 10:08:02,46.292637,-21.933647,10.6509,6207.0,1.82,1
5153.01,124029677,CP,20.9108406,2459197.092933,2022-02-08 20:16:35,2022-07-11 12:03:01,91.54032,-19.953444,11.215,6408.0,1.38,1
5174.01,49428710,CP,12.2193392,2459527.296517,2022-02-08 22:13:10,2024-06-06 10:08:02,174.109497,-2.023351,10.6309,5643.77,1.09457,1
5184.01,28643432,FP,2.2751393,2459418.221331,2022-02-28 23:22:36,2024-08-22 10:08:01,282.699884,34.494757,11.649,5810.0,1.71,0
5189.01,408549705,FP,9.5064017,2459753.52285,2022-02-28 23:22:38,2024-08-22 10:08:01,94.084217,87.317511,12.9177,5999.0,1.09,0
5198.01,193628179,FP,3.2623468,2459415.348922,2022-02-28 23:22:42,2024-08-22 10:08:01,266.562261,46.498341,11.9993,5957.4,1.41,0
5199.01,298049015,FP,3.9131371,2459438.721301,2022-02-28 23:23:24,2024-08-22 10:08:01,185.336268,81.647682,14.9652,3773.0,0.62,0
5205.01,419411415,CP,1.6306523,2459443.470673,2022-02-28 23:23:27,2024-08-22 10:08:01,313.770682,24.360977,13.6136,3262.0,0.4,1
5212.01,424699834,FP,2.4011407,2459826.176137,2022-02-28 23:23:30,2024-09-07 10:08:02,294.459175,58.986723,12.8257,5911.0,1.50878,0
5218.01,259172249,CP,4.2914879,2459825.392121,2022-02-28 23:23:32,2025-04-21 12:03:49,292.663464,71.762961,14.5179,3937.0,0.675707,1
5226.01,195093356,FP,7.8284207,2459432.674379,2022-02-28 23:23:36,2024-08-27 12:02:45,313.339745,37.475083,11.8572,5707.0,0.94,0
5231.01,105387356,FP,1.5163046,2459445.816359,2022-02-28 23:23:38,2024-08-22 10:08:01,300.767548,31.059697,11.4186,6529.0,3.11,0
5232.01,69356857,CP,4.0966887,2459440.069991,2022-02-28 23:23:38,2025-04-21 12:03:49,294.337425,35.276493,11.7791,6212.0,1.74,1
5238.01,219016883,CP,4.8721904,2459661.51574,2022-02-28 23:23:41,2024-08-22 10:08:01,223.358891,68.859472,11.637,5430.5,1.02,1
5240.01,40055053,CP,4.1793301,2459444.902109,2022-02-28 23:23:42,2025-01-20 12:03:29,293.083789,34.940397,11.6917,7349.0,2.31,1
5246.01,295807723,FP,0.6972223,2459445.21928,2022-02-28 23:23:45,2024-08-22 10:08:01,304.045452,48.876297,13.4161,6556.0,1.74,0
5257.01,185226925,FP,3.1979646,2459790.753011,2022-02-28 23:23:49,2024-08-27 12:02:45,301.240411,46.707217,12.1624,5990.0,2.93,0
5258.01,147895461,FP,0.5919629,2459445.918105,2022-02-28 23:23:50,2024-08-22 10:08:01,163.757949,67.043652,12.4322,6337.0,1.85,0
5260.01,326347927,FP,7.2617331,2459445.564135,2022-02-28 23:23:50,2024-08-22 10:08:01,303.964054,21.899468,11.9625,4780.0,1.09,0
5262.01,274122380,FP,2.873138,2459444.494366,2022-02-28 23:23:51,2024-08-24 12:02:47,298.455751,42.967308,11.8225,5856.0,1.11,0
5266.01,312899686,FP,4.4138638,2459443.031522,2022-02-28 23:23:53,2024-08-22 10:08:01,308.105327,35.873629,12.7821,6006.0,1.03,0
5268.01,202468443,FP,2.0685871,2459690.596819,2022-02-28 23:23:54,2024-10-05 12:02:49,229.00618,62.718259,14.5982,3162.0,0.31,0
5273.01,172871230,FP,3.4100261,2459442.295386,2022-02-28 23:23:56,2024-08-22 10:08:01,299.878862,41.742074,12.2794,6109.0,1.08,0
5275.01,219466803,FP,12.5951009,2459618.541036,2022-02-28 23:23:57,2025-04-30 12:03:16,209.896071,74.073261,12.9179,5251.0,1.09,0
5283.01,399956873,FP,6.949428,2459831.192001,2022-02-28 23:24:01,2024-08-22 10:08:01,287.537943,52.288047,11.7513,6817.0,1.61,0
5293.01,250111245,CP,2.9304371,2459466.496662,2022-02-28 23:25:41,2024-08-22 10:08:01,355.828682,-2.045095,13.9766,3692.0,0.5,1
5296.01,241102583,FP,1.7386091,2459820.897665,2022-02-28 23:25:42,2024-08-22 10:08:01,328.978312,-0.937407,12.4323,5362.8,0.75,0
5301.01,58825110,CP,5.8588751,2459494.147012,2022-02-28 23:27:32,2025-04-21 12:03:49,12.990801,13.078371,11.1893,6418.0,2.31,1
5308.01,422653398,FP,8.34034,2459485.685359,2022-02-28 23:27:35,2024-08-27 12:02:45,29.00124,0.179786,11.0208,5444.3,1.67,0
5319.01,246965431,CP,4.0785273,2459884.041681,2022-02-28 23:27:40,2025-05-16 12:03:36,35.213556,23.520441,12.0828,3580.0,0.48,1
5321.01,243153196,FP,10.1391591,2459478.895755,2022-02-28 23:27:41,2024-08-27 12:02:45,15.685485,20.050424,10.7304,6584.3,2.04,0
5344.01,16005254,CP,3.7927572,2459522.82521,2022-02-28 23:29:38,2025-04-21 12:03:49,63.266216,20.915157,13.2239,3575.0,0.58,1
5349.01,26054627,CP,3.3176675,2459521.813826,2022-02-28 23:29:40,2025-09-25 12:04:21,52.71257,20.879628,13.8117,3640.0,0.59,1
5353.01,113919944,FP,1.2297408,2459524.201966,2022-02-28 23:29:41,2024-08-22 10:08:01,54.165272,19.565919,12.55,6186.6,1.45,0
5361.01,366602797,FP,1.3574339,2459523.395332,2022-02-28 23:29:45,2024-08-22 10:08:01,76.575162,31.273775,13.0581,6332.0,1.4,0
5381.01,241174783,FP,4.0802864,2459603.311382,2022-03-01 00:21:56,2024-11-19 12:03:01,116.368498,44.129824,9.54224,6802.3,2.68185,0
5388.01,407591297,CP,2.594675,2459630.895748,2022-03-24 21:34:48,2025-04-21 12:03:49,152.176517,35.547557,10.5737,3495.0,0.31,1
5396.01,202428245,FP,32.1400505,2460321.827733,2022-03-24 21:38:39,2024-09-18 10:08:02,227.191112,62.959153,9.3373,5019.0,3.37,0
5398.01,8260536,CP,10.590923,2459616.492055,2022-03-24 21:38:40,2024-10-04 10:08:02,161.879557,36.329434,9.58055,6017.1,1.05,1
5398.02,8260536,CP,4.7728997,2459628.618083,2022-03-24 21:38:39,2024-10-04 10:08:02,161.879557,36.329434,9.58055,6017.1,1.05,1
5418.01,115564354,FP,1.6421819,2459550.466346,2022-04-20 18:22:38,2024-08-22 10:08:01,84.006338,32.316823,11.6985,5627.0,0.79,0
5424.01,436099179,FP,0.8999342,2459548.984631,2022-04-20 18:22:41,2024-08-22 10:08:01,83.837234,12.115939,12.5284,6211.0,1.64,0
5429.01,5800958,FP,4.2318085,2459545.884668,2022-04-20 18:22:43,2024-08-22 10:08:01,78.988494,22.074955,11.9696,8064.0,1.91,0
5434.01,307377219,FP,4.1629444,2459542.814078,2022-04-20 18:22:45,2024-08-22 10:08:01,98.83772,14.490329,12.4151,6005.0,1.88,0
5440.01,29374525,FP,3.813812,2459545.296726,2022-04-20 18:22:48,2024-08-22 10:08:01,86.300794,18.461741,11.8338,4689.0,0.71,0
5447.01,239722954,FP,1.4958429,2459550.515708,2022-04-20 18:22:51,2024-08-22 10:08:01,86.45835,35.331499,13.1472,5666.0,1.27,0
5450.01,6653897,FP,0.8857522,2459549.122766,2022-04-20 18:22:52,2024-08-22 10:08:01,81.051235,20.590643,11.4541,6238.2,1.13,0
5456.01,87044036,FP,1.0711292,2459550.184214,2022-04-20 18:22:55,2024-08-22 10:08:01,98.853985,24.835858,12.3128,6070.0,1.31,0
5467.01,83275782,CP,2.6570006,2459545.353155,2022-04-20 18:23:00,2025-01-20 12:03:29,94.393712,28.445251,11.8423,6328.7,1.63,1
5478.02,95122849,FP,10.1197017,2459593.124173,2022-05-17 20:13:07,2024-08-22 10:08:01,114.741958,29.428761,12.0515,5656.0,1.75,0
5496.01,323658120,FP,43.8418559,2459517.120732,2022-04-20 19:54:47,2024-09-18 10:08:02,137.037665,10.636648,10.7717,5767.0,1.32,0
5503.01,350044062,FP,5.9522831,2459578.528696,2022-04-20 19:54:50,2025-02-08 12:03:22,155.580302,10.288696,12.3391,6031.2,1.65,0
5513.01,184869170,FP,7.7235903,2459578.095795,2022-04-20 19:54:56,2024-08-22 10:08:01,110.25862,19.401721,12.3467,5994.0,3.08,0
5540.01,456305193,FP,1.0995742,2460338.238011,2022-04-20 22:27:38,2024-03-04 10:08:01,117.737465,67.043203,10.2003,6040.0,1.51,0
5542.01,466206508,CP,75.1247037,2458979.845973,2022-05-17 20:07:48,2024-09-18 10:08:02,302.798423,-61.135466,11.8452,5392.9,1.27,1
5547.01,63013648,FP,19.6304978,2459516.534272,2022-05-17 20:08:50,2026-02-27 12:03:51,117.591236,22.281552,10.8481,5509.85,1.03786,0
5557.01,323687123,CP,4.0179805,2459502.342761,2022-05-17 20:08:55,2024-06-06 10:08:02,137.201544,11.86225,12.4289,3166.0,0.194357,1
5573.01,459762279,CP,8.7960328,2459600.45002,2022-05-17 20:13:11,2025-05-15 12:03:18,136.426,55.307131,13.6281,3695.0,0.59,1
5574.01,268405086,FP,6.8242909,2459598.137675,2022-05-17 20:13:11,2025-07-22 12:04:25,278.550256,86.557356,11.6643,3999.0,0.87,0
5576.01,137543637,FP,1.2833113,2459605.677896,2022-05-17 20:13:12,2024-08-22 10:08:01,136.221429,79.355104,12.574,8055.0,1.32,0
5616.01,154220877,CP,2.002703,2460341.539242,2022-05-17 20:14:53,2026-03-03 16:00:01,184.901638,48.68329,14.6877,3927.0,0.65,1
5621.01,219467837,FP,39.9753375,2459594.438445,2022-05-17 20:14:55,2025-08-20 12:05:05,210.063939,75.08442,12.64,5989.0,1.45,0
5624.01,53498154,CP,13.7317565,2460355.525687,2022-05-17 20:22:51,2026-04-17 12:03:59,180.844348,49.251226,10.0326,5342.0,0.83,1
5624.02,53498154,CP,3.3903593,2460361.102632,2024-04-25 22:39:36,2026-04-17 12:03:59,180.844348,49.251226,10.0326,5342.0,0.83,1
5624.03,53498154,CP,7.8854383,2460344.837553,2024-04-25 22:39:36,2026-04-17 12:03:59,180.844348,49.251226,10.0326,5342.0,0.83,1
5624.04,53498154,CP,21.4904723,2460364.819364,2024-04-25 22:39:36,2026-04-17 12:03:59,180.844348,49.251226,10.0326,5342.0,0.83,1
5628.01,135100529,CP,4.3415097,2459640.620156,2022-06-02 21:01:29,2026-07-14 12:03:55,185.727955,18.836705,14.4733,3427.0,,1
5634.01,119585136,CP,2.2054776,2459663.422584,2022-06-02 21:09:08,2025-04-21 12:03:49,175.643637,20.965292,14.9839,3770.0,0.53,1
5640.01,373729723,FP,13.0518467,2459645.758477,2022-06-02 21:09:11,2024-08-22 10:08:01,193.406978,24.373263,12.0633,5268.9,0.83,0
5648.01,23863106,FP,3.3078803,2459685.753789,2022-06-02 21:09:47,2024-08-22 10:08:01,211.009596,38.620245,13.8994,3571.0,0.51,0
5678.01,209464063,CP,119.3355264,2459140.665271,2022-07-14 20:55:45,2024-09-18 10:08:02,47.384187,-34.198481,10.6691,5516.0,0.94,1
5680.01,368739874,CP,3.3575477,2459714.264611,2022-07-14 20:57:21,2024-08-22 10:08:01,221.058269,5.605373,12.9463,5013.0,0.75,1
5688.01,193634953,CP,2.9479689,2459750.623008,2022-07-14 20:57:24,2024-09-04 12:02:50,266.9231,47.705049,14.2085,3588.0,0.58,1
5695.01,103865797,FP,2.2232698,2459740.631465,2022-07-14 20:57:28,2024-10-05 12:02:49,242.15447,19.253248,14.2399,3157.0,0.36,0
5702.01,141985686,FA,3.1291319,2459738.417473,2022-07-28 21:43:08,2024-07-03 12:03:06,255.456895,14.707465,9.83993,6236.0,1.57,0
5704.01,148673433,CP,3.7711066,2458901.78789,2022-08-18 20:03:38,2023-12-03 12:03:15,169.824869,44.989078,10.6147,4590.0,0.757521,1
5713.01,219041246,CP,10.4419896,2458745.677964,2022-08-18 20:04:06,2025-03-06 12:05:33,208.458732,52.602763,12.7022,3271.0,0.292425,1
5716.01,298074836,CP,6.7662729,2458683.61592,2022-08-18 20:04:07,2026-03-11 12:03:21,201.900799,73.177433,13.1066,3331.0,0.225966,1
5720.01,230055368,CP,1.4344602,2458900.645029,2022-08-18 20:04:09,2025-04-21 12:03:49,170.313577,25.273294,11.6196,3421.0,0.37103,1
5726.01,71582156,CP,5.4911302,2458843.596098,2022-08-18 20:04:11,2025-04-21 12:03:49,123.39505,68.57459,9.16067,5874.0,1.10649,1
5734.01,9989136,CP,6.1841688,2458848.68514,2022-08-18 20:04:15,2026-02-24 12:03:33,111.255818,37.231122,8.5446,4645.0,0.693766,1
5742.01,258557847,FP,3.965824,2459765.579293,2022-09-01 23:22:00,2022-11-30 16:02:01,278.191584,18.146175,10.042,6199.0,2.8,0
5746.01,318209162,FP,711.7642825,2458891.862067,2022-09-01 23:33:03,2024-02-24 12:02:53,142.378244,50.963802,10.5295,4661.56,0.732648,0
5747.01,4918918,CP,0.5734766,2458870.47457,2022-09-01 23:35:31,2025-04-21 12:03:49,148.37832,35.570548,10.7818,3466.0,0.420908,1
5769.01,462715015,FP,1.7548863,2459767.984121,2022-09-01 23:42:04,2025-08-27 12:03:56,270.736094,20.069409,11.5578,5589.0,1.08,0
5784.01,302814895,FP,8.6800186,2459795.90211,2022-09-22 22:56:05,2023-07-10 12:03:06,293.330825,29.299805,9.96017,6521.0,1.86,0
5786.01,40292751,CP,12.7791964,2460319.524905,2022-09-22 22:56:06,2025-04-21 12:03:49,293.322326,30.704247,9.77301,6280.0,1.33,1
5787.01,446616059,FP,3.1072375,2460530.955198,2022-09-22 22:56:07,2024-09-10 10:08:02,290.80532,11.979134,9.77017,6030.0,1.31,0
5788.01,42883782,CP,16.2134274,2459786.442643,2022-09-22 22:56:08,2026-01-21 12:03:57,287.424902,31.761528,9.6069,5664.0,0.86,1
5788.02,42883782,CP,6.3346129,2459788.410948,2022-09-22 22:56:07,2026-01-21 12:03:57,287.424902,31.761528,9.6069,5664.0,0.86,1
5789.01,87216634,CP,12.9256051,2459776.255982,2022-09-22 22:56:08,2025-10-14 12:04:16,302.773447,16.189714,6.5715,5132.0,0.88,1
5791.01,110936761,FP,2.2906144,2459793.645262,2022-09-22 22:56:09,2024-10-07 12:02:50,297.923094,2.519482,10.4519,5651.0,1.22,0
5795.01,151724385,CP,6.1406207,2459770.674699,2022-09-22 22:57:14,2026-01-21 10:08:01,304.868782,-7.54766,10.1872,5708.0,1.05042,1
5799.01,328081248,CP,4.1645448,2459772.334479,2022-09-22 22:57:15,2025-04-21 12:03:49,301.630179,15.989142,11.1798,3521.0,0.343358,1
5800.01,151759246,CP,2.6282606,2459771.71321,2022-09-22 22:57:16,2025-05-16 12:03:36,305.065546,-7.411924,8.6133,4821.0,0.817034,1
5803.01,466382581,CP,5.3829728,2460550.945001,2022-10-12 17:37:19,2024-11-05 12:03:04,327.24875,6.278178,9.937,5134.0,0.76,1
5804.01,303055194,FP,1.7615631,2459822.907614,2022-10-12 17:37:19,2023-07-27 12:02:55,330.671188,11.991029,9.78095,6270.7,1.95,0
5806.01,283621618,CP,3.1856488,2459850.812572,2022-10-12 17:37:20,2026-07-24 12:04:08,329.101803,20.677981,8.2942,6602.0,1.51,1
5811.01,331484419,FP,6.25656,2460549.411097,2022-10-12 17:37:22,2026-07-24 12:04:08,310.911906,19.727938,7.74689,5608.0,3.81,0
5817.01,418604868,CP,15.6146058,2459799.303854,2022-10-12 18:12:33,2025-05-16 12:03:36,322.377799,21.474527,8.0581,5809.0,1.3820699,1
5830.01,224418572,FP,2.8465928,2459791.235591,2022-11-02 17:59:17,2024-09-21 12:02:59,282.101495,15.49419,11.8512,5308.0,1.94,0
5839.01,355732304,FP,2.5411063,2459794.235051,2022-11-02 17:59:22,2024-08-27 12:02:45,286.031721,17.003203,12.3367,6657.0,1.78,0
5850.01,151728428,FP,3.9997367,2459786.271014,2022-11-02 17:59:27,2024-08-22 10:08:01,304.882706,-8.298523,10.9951,3827.0,0.64,0
5855.01,41422753,FP,2.4710528,2459792.210191,2022-11-02 17:59:29,2024-08-22 10:08:01,294.008142,32.214606,12.3924,6114.0,0.97,0
5862.01,20988926,FP,5.3194765,2459791.246452,2022-11-02 17:59:32,2024-08-27 12:02:45,285.062239,34.258278,12.0997,6987.0,2.66,0
5866.01,341297143,FP,3.8421028,2459813.907629,2022-11-08 19:57:56,2024-08-22 10:08:01,311.306229,12.167609,11.1838,6247.0,1.32,0
5867.01,380517859,FP,1.109435,2459823.570109,2022-11-08 19:57:56,2025-08-01 12:03:46,303.667055,30.776057,14.9156,3613.0,0.49,0
5876.01,106114491,FP,9.7216312,2459813.860054,2022-11-08 19:58:01,2024-08-22 10:08:01,301.080672,32.50162,10.6372,6702.0,1.7,0
5882.01,232941965,CP,7.1487697,2459818.905315,2022-11-08 19:58:03,2025-01-20 12:03:29,311.888638,34.737492,10.6338,5706.0,2.35,1
5886.01,15682927,FP,0.9655766,2459823.159717,2022-11-08 19:58:05,2024-09-24 12:02:46,306.988834,37.146334,12.3886,7542.0,1.92,0
5887.01,277987172,FP,6.3989216,2459824.052187,2022-11-08 19:58:05,2024-09-06 10:08:02,302.761752,19.706749,12.4276,6243.0,1.59,0
5892.01,375199523,FP,1.9447712,2459822.064534,2022-11-08 19:58:08,2024-08-22 10:08:01,309.343258,6.152848,11.6866,5369.0,2.32,0
5899.01,126171392,FP,0.7835688,2459823.081326,2022-11-08 19:58:11,2024-08-22 10:08:01,315.252899,29.702279,12.935,5932.0,1.28,0
5901.01,294173437,FP,5.555905,2459820.580689,2022-11-08 19:58:12,2024-08-22 10:08:01,300.768857,50.507747,12.5454,5867.0,1.95,0
5908.01,452483795,FP,2.4515393,2459823.08489,2022-11-08 19:58:15,2024-08-22 10:08:01,303.89385,24.521157,13.0008,7143.0,1.32,0
5910.01,273774284,FP,17.2182695,2459821.923032,2022-11-08 19:58:16,2024-08-22 10:08:01,297.982441,42.754529,13.4177,6330.0,1.29,0
5915.01,329709756,FP,12.5482879,2459849.154995,2022-11-08 19:58:18,2024-08-22 10:08:01,314.751697,47.54196,14.3196,3923.0,0.59,0
5916.01,305506996,CP,2.3682389,2459817.689666,2022-11-08 19:58:19,2025-10-16 12:03:52,325.299511,9.599053,14.5249,3504.0,0.49,1
5920.01,467006627,FP,15.4159906,2459801.155922,2022-11-08 19:58:21,2025-08-29 12:04:16,312.86048,2.616271,11.499,6120.0,1.56,0
5924.01,289125016,FP,6.2043746,2459822.527363,2022-11-08 19:58:22,2024-08-27 12:02:45,314.494487,19.27883,11.429,6122.0,2.49,0
5940.01,296898634,FP,2.8534013,2459849.326267,2022-11-08 19:58:30,2024-08-22 10:08:01,312.075178,47.930643,14.1736,3662.0,0.52,0
5942.01,166190643,FP,1.6540803,2459822.98395,2022-11-08 19:58:31,2024-08-22 10:08:01,317.541024,38.239559,11.7528,6453.0,2.51,0
5954.01,297153209,FP,10.7004569,2460361.734742,2022-11-16 01:02:47,2025-08-01 12:03:46,312.029841,43.938698,9.41809,6906.0,2.44,0
5962.01,239541449,FP,1.9261183,2459826.817794,2022-11-16 01:06:39,2025-12-03 12:04:45,341.769762,29.851994,10.9417,5383.13,0.678984,0
5966.01,404610583,FP,3.5381039,2459826.813152,2022-11-16 01:06:41,2024-09-02 12:03:01,336.147609,16.878856,10.5332,6084.0,1.0424401,0
5976.01,348054109,FP,0.4378024,2459010.512186,2022-12-01 22:59:54,2023-02-25 12:03:16,281.676903,21.828321,12.0575,3256.0,0.365717,0
6000.01,259233660,CP,0.4489589,2458683.576042,2022-12-01 23:00:58,2025-08-09 12:03:57,292.606298,68.154592,13.1638,3419.0,0.377509,1
6002.01,102734241,CP,10.9048392,2458692.759945,2022-12-01 23:00:59,2025-04-21 12:03:49,299.614252,32.28717,12.6396,3272.0,0.242121,1
6008.01,286201103,CP,0.8573727,2458711.372904,2022-12-01 23:01:01,2025-04-21 12:03:49,310.448734,49.646899,12.2936,3098.0,0.235048,1
6016.01,327369524,CP,4.0236805,2459877.793195,2022-12-15 22:35:23,2025-04-21 12:03:49,4.52396,59.766198,11.3864,5807.0,1.57,1
6019.01,125520907,CP,14.5478626,2460589.743637,2022-12-15 22:35:24,2026-06-22 12:03:45,355.09135,35.94084,10.0651,5559.5,1.9794101,1
6020.01,334597566,FP,9.1099373,2459872.940531,2022-12-15 22:35:25,2024-10-19 12:02:58,331.313408,64.098143,12.0471,6511.0,1.48,0
6023.01,341444900,FP,9.0330414,2460419.861806,2022-12-15 22:39:43,2024-07-26 10:08:01,325.228645,55.06675,8.629,7527.0,5.64,0
6024.01,56231866,FP,2.7218347,2460605.495796,2022-12-15 22:39:43,2024-12-04 16:02:02,356.038387,26.42567,9.3185,4758.0,5.53,0
6029.01,419523962,CP,5.7998626,2459904.818632,2023-01-20 00:26:40,2025-04-21 12:03:49,8.386256,61.860766,11.6593,5852.0,2.55,1
6034.01,388076422,CP,2.5761796,2459883.905467,2023-01-20 00:26:42,2025-04-21 12:03:49,317.900139,68.402076,13.2297,3628.0,0.497905,1
6037.01,352924930,FP,4.0158188,2460472.582214,2023-01-20 00:27:44,2025-07-23 16:00:01,21.805455,67.966855,10.3755,6950.0,2.64,0
6038.01,194736418,CP,5.826731,2460658.012037,2023-01-20 00:27:45,2025-09-05 10:08:01,51.657269,40.81727,9.3229,6305.0,1.62,1
6039.01,272050287,FP,8.503614,2459908.575411,2023-01-20 00:27:45,2023-03-23 14:58:12,355.433763,63.018844,10.244,6255.0,2.31,0
6054.01,392681545,CP,7.4903271,2459913.121951,2023-02-08 21:13:40,2025-01-17 12:03:04,56.337007,60.350917,7.4961,6111.67,1.61211,1
6054.02,392681545,CP,12.5759948,2459919.916627,2023-02-08 21:13:38,2025-01-17 12:03:04,56.337007,60.350917,7.4961,6111.67,1.61211,1
6069.01,259099556,FA,1.6290926,2459937.955167,2023-02-23 20:51:10,2024-02-14 12:02:56,291.148444,67.527964,8.92071,5658.0,1.5037,0
6084.01,294283951,FP,4.3724063,2459422.141727,2023-03-02 20:05:25,2023-04-19 12:02:52,301.752501,50.34803,11.7056,8096.0,1.67777,0
6086.01,18318288,CP,1.3888584,2458984.759725,2023-03-02 20:05:26,2025-04-21 12:03:49,265.370424,30.303776,12.4106,3300.0,0.256456,1
6092.01,339591840,FP,,2459746.250584,2023-03-02 20:05:26,2024-01-19 12:02:52,284.022658,14.12202,12.9805,3476.0,0.408956,0
6094.01,35883621,FP,3.0519843,2459984.008322,2023-03-23 19:51:58,2023-03-26 12:03:24,117.671104,-6.494944,9.65609,6251.1,2.33,0
6096.01,262781201,FP,1.3154261,2460283.55214,2023-03-23 19:51:58,2023-12-21 10:08:02,141.403549,3.661936,9.34567,6613.8,1.42,0
6101.01,19342878,CP,1.3328252,2459963.429938,2023-03-23 19:52:44,2023-03-27 12:03:12,124.073681,-8.686581,10.8042,5595.4,1.0670201,1
6109.01,384984325,CP,8.5386633,2459908.090635,2023-03-23 20:01:21,2026-03-31 12:08:36,50.131921,42.606956,10.3622,5416.1,0.95,1
6109.02,384984325,CP,5.6952223,2459900.819501,2023-07-20 23:26:55,2026-03-31 12:08:36,50.131921,42.606956,10.3622,5416.1,0.95,1
6116.01,364408162,FP,3.1256662,2459848.690225,2023-03-30 21:13:35,2024-08-22 10:08:01,310.577995,51.186495,11.785,4940.2,,0
6128.01,100769500,FP,4.5016419,2459852.594597,2023-03-30 21:13:36,2026-07-23 12:03:45,341.709295,31.561025,12.2652,5713.2,1.89,0
6130.01,210083929,CP,2.3927114,2459849.639834,2023-03-30 21:13:37,2025-04-21 12:03:49,339.205083,16.827194,10.5581,5967.0,1.17,1
6133.01,129107501,FP,3.6534344,2459850.633702,2023-03-30 21:13:37,2024-09-02 12:03:01,341.854293,37.691036,11.5102,6364.0,1.32,0
6143.01,423903685,FP,4.0938735,2459845.510624,2023-03-30 21:13:38,2024-09-02 12:03:01,329.69363,22.952813,12.266,5489.0,1.55,0
6147.01,402740809,FA,1.5801759,2459851.468348,2023-03-30 21:13:39,2025-02-12 12:03:37,352.024332,23.749185,12.95,4547.0,0.98,0
6152.01,117068362,FP,4.2005957,2459849.027362,2023-03-30 21:13:40,2024-08-22 10:08:01,319.267299,33.138041,12.1566,7803.0,1.67,0
6157.01,86005116,FP,0.4916402,2459852.547945,2023-03-30 21:13:40,2024-08-22 10:08:01,327.043547,23.112359,14.9131,3522.0,0.46,0
6158.01,404456775,CP,3.0444485,2459851.207721,2023-03-30 21:13:40,2025-10-16 12:03:52,333.894406,16.285392,14.5372,3413.0,0.47,1
6170.01,51637609,CP,2.709631,2459849.075692,2023-03-30 21:13:42,2024-08-22 10:08:01,336.464302,15.856639,12.1088,5838.0,1.47,1
6172.01,26583436,FP,6.1429164,2459851.702422,2023-03-30 21:13:42,2024-08-22 10:08:01,292.031505,49.388635,13.0091,6291.9,1.38,0
6181.01,199162630,FP,2.7649802,2459847.834654,2023-03-30 21:13:43,2024-08-22 10:08:01,333.847555,46.302271,11.8563,7776.0,1.78,0
6186.01,345333936,FP,1.4252334,2459880.953725,2023-04-03 20:51:18,2024-08-22 10:08:01,355.780987,56.810046,12.4033,6033.0,1.35,0
6196.01,330944099,FP,3.6119975,2459876.327103,2023-04-03 20:51:20,2026-07-13 12:03:58,334.179666,58.213671,13.4836,5979.0,1.03,0
6207.01,432422552,FP,9.7712443,2459881.332399,2023-04-03 20:51:23,2024-08-22 10:08:01,355.540075,31.793315,12.1134,5294.0,0.79,0
6223.01,288144647,CP,3.8553342,2459879.618086,2023-04-03 20:51:27,2025-07-22 12:04:25,355.950598,33.067236,12.6758,3909.0,0.6,1
6242.01,437740083,FP,5.6020298,2459879.464465,2023-04-03 20:51:30,2024-08-22 10:08:01,2.950371,27.442815,11.0999,5750.6,1.44,0
6251.01,52005579,CP,12.7614706,2459458.900535,2023-04-03 20:52:58,2024-09-18 10:08:02,3.957914,13.557617,10.1769,3376.0,0.269427,1
6255.01,261135533,CP,0.2381823,2458738.712374,2023-04-06 19:33:06,2025-04-21 12:03:49,331.503161,39.298828,10.4458,3423.0,0.369077,1
6275.01,49043968,CP,6.2462252,2460017.858526,2023-04-27 20:49:01,2024-05-16 10:08:02,164.34914,-29.997123,11.6337,6132.0,1.1417201,1
6276.01,397362481,CP,6.2031608,2460017.117135,2023-04-27 20:49:01,2025-07-09 16:00:02,175.256304,-44.404149,6.7213,4633.87,0.630715,1
6276.02,397362481,CP,4.466068,2460014.847216,2023-04-27 20:49:01,2025-07-09 16:00:02,175.256304,-44.404149,6.7213,4633.87,0.630715,1
6279.01,449951606,FP,5.1681189,2460032.930262,2023-04-27 20:49:13,2023-07-08 12:03:10,168.212865,-58.942432,10.3879,8254.0,3.44,0
6280.01,370877263,FP,15.9865412,2460087.169174,2023-04-27 20:49:14,2025-07-09 16:00:02,145.174365,-66.65449,9.927,6429.0,1.28,0
6286.01,354285962,FP,5.6289226,2459907.595404,2023-05-03 22:21:16,2024-08-22 10:08:01,346.44125,72.410554,12.4721,6683.0,2.72,0
6298.01,285233023,FP,2.8577028,2459904.85743,2023-05-03 22:21:17,2024-08-22 10:08:01,12.471055,60.946038,12.4487,6240.0,1.45,0
6324.01,372207328,CP,0.2792211,2459909.915493,2023-05-03 22:21:21,2025-08-09 12:03:57,330.844543,67.498677,10.97,3358.0,0.3,1
6343.01,256349966,FP,14.5877856,2459906.003673,2023-05-03 22:21:23,2024-08-22 10:08:01,322.717404,68.495293,12.0913,6544.0,1.66,0
6355.01,98613492,FP,1.0617107,2459934.888565,2023-05-03 22:24:16,2024-12-04 12:02:50,79.724105,47.54723,11.8275,5589.0,1.06,0
6368.01,274002141,FP,1.6197991,2459935.162255,2023-05-03 22:24:17,2024-10-05 12:02:49,86.975303,41.942327,14.5853,3192.0,0.31,0
6377.01,187532854,FP,1.6513066,2459934.8744,2023-05-03 22:24:20,2024-08-22 10:08:01,77.869302,37.923226,12.2059,5887.6,1.47,0
6383.01,328513434,CP,1.7904917,2459933.595246,2023-05-03 22:24:21,2024-09-27 12:02:45,60.424695,60.891368,14.4506,3425.0,0.46,1
6396.01,73244652,FP,8.2100724,2459600.062651,2023-05-03 22:25:19,2023-05-16 12:02:50,122.519401,63.826237,11.8431,6427.0,1.96,0
6398.01,353586703,FP,3.0043128,2459961.599204,2023-05-03 22:25:19,2024-08-22 10:08:01,96.518294,39.794575,12.1953,6405.0,1.17,0
6442.01,97921547,CP,2.8279716,2459986.409366,2023-05-03 22:26:19,2025-04-21 12:03:49,107.833335,-35.850518,11.1007,6707.0,1.48,1
6447.01,347442932,FP,0.6646521,2459986.820098,2023-05-03 22:26:20,2025-03-05 12:03:45,133.25514,-13.050699,13.346,6256.0,0.97,0
6448.01,320411045,CP,14.8442674,2459971.671935,2023-05-03 22:26:20,2025-11-17 12:03:38,110.170411,-33.922329,12.3239,5920.0,0.96,1
6486.01,46772529,FP,10.6332248,2460011.847824,2023-06-15 21:37:43,2025-05-19 12:03:23,141.722816,-7.579251,12.8397,4678.0,0.81,0
6508.01,142277868,CP,18.9926881,2460038.984559,2023-06-15 21:44:31,2025-03-08 12:04:34,180.764269,-33.6655,14.3088,3003.0,0.21,1
6542.01,255851356,FP,2.4018591,2460065.683162,2023-06-15 21:56:11,2023-07-08 12:03:10,198.58223,-59.692251,9.9747,6071.0,1.86,0
6585.01,162729620,FP,13.4364908,2460051.304076,2023-07-20 23:31:17,2025-04-05 12:03:07,170.889648,-45.647015,12.3613,6229.0,1.31,0
6628.01,75650448,CP,18.184189,2460093.829735,2023-08-15 20:53:47,2025-04-21 12:03:49,225.83705,-35.230579,12.0836,5265.0,1.09,1
6645.01,15827263,FP,3.9525732,2460505.209665,2023-09-21 21:25:03,2024-08-30 10:08:01,280.505862,17.310927,10.4263,4536.1,,0
6650.03,64837857,FP,8.9965133,2460599.086821,2025-01-09 23:38:23,2026-07-31 16:00:02,338.805332,54.773557,10.0252,6500.6,1.37,0
6651.01,174328045,CP,5.0569708,2460601.085824,2023-09-21 21:30:24,2025-05-02 16:23:22,15.78859,35.389041,9.60892,5818.9,1.8,1
6654.01,278726770,FP,9.5160032,2460973.585036,2023-09-21 21:31:26,2026-02-02 10:08:01,99.411971,-57.087293,10.1032,4481.6,8.18,0
6656.01,262457587,FA,0.8219466,2460854.857123,2023-09-21 21:31:27,2026-07-31 10:08:02,228.840425,-70.532562,10.318,3866.3,,0
6669.01,333736132,CP,731.9966539,2459283.547474,2023-09-21 21:33:47,2025-12-09 12:03:42,170.276336,-26.066616,12.0742,4722.0,0.756773,1
6693.01,35377903,FP,2.9937587,2459797.57471,2023-10-05 21:54:49,2025-10-16 16:00:01,315.423021,-10.408225,10.3313,6106.0,1.9654,0
6696.01,104195270,FP,3.6859958,2459883.679951,2023-10-05 21:54:49,2023-12-15 12:02:56,44.114507,48.008994,10.9988,6731.3,1.99719,0
6697.01,441546821,CP,,2459339.037269,2023-10-05 21:54:49,2025-05-20 16:00:02,197.317124,-60.308435,7.7897,6613.0,1.4927,1
6697.02,441546821,CP,,2460063.512098,2023-10-05 21:58:49,2026-07-08 12:04:59,197.317124,-60.308435,7.7897,6613.0,1.4927,1
6711.01,303364023,FP,10.3469945,2458543.252411,2023-10-05 21:59:28,2024-02-23 12:03:12,138.38301,-69.304692,13.0055,3278.0,0.256167,0
6741.01,263203229,FP,5.0061978,2460117.886705,2023-11-02 22:49:04,2025-04-30 10:08:02,230.412408,-67.206546,12.792,6713.0,1.55,0
6750.01,299876474,FP,2.5950111,2460122.219768,2023-11-02 22:49:05,2025-03-21 12:04:32,244.02137,-60.038009,14.4757,3875.0,0.64,0
6764.01,148523092,FP,2.8562935,2460121.604648,2023-11-02 22:49:07,2024-08-22 10:08:01,265.710722,-41.179089,12.9573,6383.0,1.32,0
6768.01,365952328,FP,4.8741147,2460120.784046,2023-11-02 22:49:07,2025-07-22 12:04:25,276.191236,-60.784523,12.4154,6085.0,2.11,0
6783.01,291013124,FP,6.0368213,2460143.626198,2023-11-02 22:50:45,2026-07-22 12:04:49,309.345795,-38.723632,14.5979,3445.0,0.41,0
6849.01,434100688,FP,1825.048364,2458371.510523,2023-12-12 20:13:34,2024-09-18 10:08:02,352.949174,-17.448458,9.9309,6290.0,2.09,0
6866.01,344224831,FP,8.0179256,2460224.827591,2023-12-12 20:14:06,2025-01-03 12:02:58,21.602425,4.317341,12.5227,5356.0,0.94,0
6874.01,4426490,FP,2.668957,2460235.021932,2023-12-21 22:11:12,2024-01-31 12:03:06,116.578612,30.776661,12.1616,5983.3,1.19683,0
6876.01,377024332,FP,15.1771428,2460282.740869,2024-01-25 23:12:48,2025-03-12 12:04:57,147.221565,8.974037,9.089871,6200.0,1.36,0
6878.01,262135904,FP,2.0990769,2460688.286547,2024-01-25 23:12:48,2025-05-21 16:00:01,106.486751,11.772439,10.1063,8853.0,2.0,0
6882.01,293075732,FP,0.5666806,2460098.202957,2024-02-01 21:36:43,2024-09-10 10:08:02,254.242045,-68.709846,12.7726,5517.0,1.65,0
6883.01,393818343,CP,16.2499357,2460509.987562,2024-02-01 21:37:08,2026-04-15 10:08:02,310.2917,3.638297,8.9797,5657.0,1.09993,1
6884.01,156514476,CP,14.4217699,2459645.912631,2024-02-01 21:37:08,2026-07-03 12:03:34,193.008793,26.673951,11.4834,6026.94,1.91917,1
6894.01,67512645,CP,3.3706303,2459639.258654,2024-02-01 21:37:10,2025-07-22 12:04:25,173.469142,12.451091,14.9046,3133.0,0.222121,1
6895.01,252537013,FP,7.0469712,2460600.030798,2024-02-01 22:28:20,2024-12-04 16:02:02,344.835029,52.066799,10.4505,5940.0,1.2,0
6920.01,84126162,FP,3.6688102,2460254.527369,2024-02-29 23:27:22,2025-03-10 12:03:55,95.862582,25.543291,13.3268,5821.5,1.12,0
6921.01,58474992,FP,25.714253,2460195.279658,2024-02-29 23:27:22,2025-07-16 16:00:01,65.839526,24.897315,12.1157,5677.8,0.86,0
6952.01,400466395,FP,5.1391542,2460311.734906,2024-02-29 23:27:40,2024-08-22 10:08:01,92.092038,33.732462,12.2479,5974.6,1.0,0
6963.01,56658270,CP,8.8349261,2459475.615758,2024-04-03 22:41:11,2025-04-21 12:03:49,63.928339,29.166542,12.8131,3303.0,1.1499799,1
6969.01,17129975,FP,1.5142292,2460340.479242,2024-04-03 22:50:31,2025-03-24 12:04:03,308.160533,40.778443,12.367,6616.0,1.39196,0
6982.01,113921235,CP,59.8473992,2459518.397405,2024-05-30 23:28:24,2025-04-21 12:03:49,54.274323,19.499595,11.3281,5765.3,1.09215,1
6989.01,261141602,FP,1.4956727,2460310.065308,2024-05-30 23:38:57,2024-10-28 12:03:05,76.241952,43.258963,11.9409,4812.0,1.06,0
6994.01,55390413,FP,1.8819016,2460309.126842,2024-05-30 23:38:58,2024-12-07 12:03:03,97.425171,65.731761,13.2387,4704.0,0.95,0
6996.01,41875043,FP,0.9602835,2460337.887281,2024-05-30 23:40:47,2024-08-22 10:08:01,285.826291,34.882431,12.9691,5708.0,1.08,0
6999.01,444977814,FP,11.3689753,2460328.262835,2024-05-30 23:40:48,2026-01-25 12:03:44,111.171233,58.549323,12.4889,6076.0,1.31,0
7007.01,289441015,FP,1.5342604,2460394.089956,2024-05-30 23:41:58,2025-01-14 16:02:02,315.213643,48.803268,12.695,8194.0,1.7,0
7019.01,366119858,CP,48.2590904,2460328.380324,2024-05-30 23:42:00,2025-05-20 12:03:11,273.788901,50.862739,12.7199,5936.0,0.85,1
7041.01,201175570,CP,9.6994666,2460160.362835,2024-08-28 20:46:14,2024-10-16 12:02:49,357.802172,-50.869862,10.264,4696.0,4.2105899,1
7042.01,345724317,FP,2.817627,2460478.507055,2024-08-28 20:47:11,2025-04-22 12:03:00,249.91015,20.743061,10.4875,6320.6,1.17,0
7051.01,18574158,FP,4.9131459,2460500.349484,2024-09-24 23:12:11,2025-07-24 12:04:09,272.797502,5.982054,10.3552,5999.0,1.12,0
7065.01,383723559,FP,2.6667526,2460530.686654,2024-10-24 17:26:09,2025-03-10 12:03:55,279.71524,43.093727,9.58671,6173.0,2.18,0
7086.01,199289712,FP,1.0092447,2460393.22877,2024-10-24 17:29:00,2026-07-14 12:03:55,334.215281,43.451939,13.3747,5491.0,1.34,0
7104.01,371579161,FP,2.2215349,2460423.29306,2024-10-24 17:29:29,2025-03-07 12:05:24,343.176738,54.140988,12.0545,,,0
7114.01,365712006,FP,3.0436916,2460421.843189,2024-10-24 17:29:31,2025-07-22 12:04:25,324.145165,52.758742,13.0267,,,0
7121.01,469436001,FP,0.9739887,2460558.272226,2024-10-24 17:29:32,2025-03-12 12:04:57,307.653516,57.822497,13.149,7357.0,1.95,0
7137.01,161687209,FP,1.2529962,2460556.902324,2024-10-24 17:30:22,2025-04-29 16:00:02,236.054241,58.553688,12.8161,4220.0,0.75,0
7146.01,402848417,FP,28.4664618,2460452.349237,2024-10-24 18:04:36,2025-12-26 12:03:32,17.742424,82.221473,12.2041,5888.0,1.54,0
7149.01,459323923,CP,2.6520679,2460475.347656,2024-10-24 18:04:36,2025-07-22 12:04:25,244.738466,19.175812,14.8294,3247.0,0.34,1
7154.01,377622130,CP,8.8600515,2460464.049893,2024-10-24 18:04:37,2026-05-26 12:03:42,264.570314,15.213537,11.9445,5481.0,0.97,1
7164.01,326470400,FP,736.5528811,2460087.796502,2024-11-14 21:37:44,2025-07-16 16:00:01,210.09769,-61.7412,9.8447,5659.0,0.86,0
7166.01,288421619,CP,12.9228111,2460537.646846,2024-11-14 22:35:59,2025-12-09 12:03:42,320.680636,8.889398,13.123,3166.0,0.223377,1
7173.01,268727719,FP,0.6257352,2460584.788484,2024-12-13 00:35:54,2025-09-12 12:03:35,347.956369,65.229824,13.3892,3718.0,0.593043,0
7189.01,18885659,CP,2.8890956,2460503.943244,2025-03-06 22:36:35,2026-05-01 12:03:35,273.037898,2.188262,13.8273,3643.0,0.59,1
7193.01,325086150,FP,5.4934218,2460495.627524,2025-03-06 22:36:35,2025-04-21 12:03:49,268.665324,3.68699,11.9742,6028.0,1.25,0
7220.01,344416349,FP,7.8365317,2460525.487115,2025-03-06 22:39:52,2025-07-22 12:04:25,304.097356,11.829675,11.86,6167.0,2.21,0
7244.01,435673126,FP,11.5175506,2460510.057066,2025-03-06 22:39:52,2025-09-12 12:03:35,297.492646,25.281761,13.1744,6259.0,1.27,0
7247.01,51318828,FP,6.8782937,2460532.301638,2025-03-06 22:39:52,2025-07-22 12:04:25,305.113423,12.308937,11.3321,5657.0,1.35,0
7250.01,459728249,CP,8.9653531,2460552.910086,2025-03-06 22:41:35,2025-11-15 12:04:02,315.563942,10.332325,12.2685,5977.0,1.15,1
7252.01,289047954,FP,1.4207284,2460557.285603,2025-03-06 22:41:35,2026-07-03 12:03:34,305.17286,21.980879,13.1872,5868.0,0.93,0
7260.01,418866096,FP,6.6308943,2460557.305162,2025-03-06 22:41:35,2025-11-15 12:04:02,331.280755,4.358891,12.2011,5410.1,1.18,0
7265.01,275717567,CP,4.1723,2460576.091201,2025-03-06 22:41:35,2026-05-01 12:03:35,318.704018,45.925909,14.0157,3392.0,0.49,1
7275.01,172376068,FP,6.1211661,2460558.594989,2025-03-06 22:41:35,2025-07-22 12:04:25,299.485693,41.118389,12.585,6011.2,1.02,0
7302.01,399613138,FP,8.1958135,2460555.962026,2025-03-06 22:41:35,2025-07-22 12:04:25,312.405258,9.845677,12.1245,6496.0,1.45,0
7324.01,210337597,FP,0.5257499,2460557.747746,2025-03-06 22:41:36,2025-10-26 12:03:41,311.477076,21.453583,11.8096,4649.0,0.73,0
7332.01,273069412,FP,3.5399394,2460584.022933,2025-03-06 22:41:36,2025-05-17 12:03:19,315.771492,46.24188,12.3711,5234.6,1.13,0
7335.01,75417968,FP,3.3815776,2460557.475704,2025-03-06 22:41:36,2025-07-22 12:04:25,308.688929,17.403658,11.599,6662.0,1.78,0
7345.01,243283955,FP,8.407133,2460570.743707,2025-04-10 23:03:07,2025-07-28 12:04:23,288.67018,55.354578,11.9125,6126.0,1.33,0
7350.01,257052211,FP,2.2175244,2460580.284648,2025-04-10 23:03:07,2025-08-28 12:03:58,329.918472,41.516288,10.5702,7406.0,1.92,0
7352.01,411347315,FP,4.0662367,2460582.155533,2025-04-10 23:03:07,2025-08-01 12:03:46,337.38837,18.688473,13.1678,5689.0,1.49,0
7372.01,369581703,FP,8.508462,2460578.884769,2025-04-10 23:03:07,2025-11-25 12:04:43,346.401234,34.257064,12.7919,6236.6,1.34,0
7373.01,10552342,FP,7.5414411,2460570.968533,2025-04-10 23:03:07,2025-11-17 12:03:38,340.136592,33.823677,12.5058,5649.1,0.96,0
7393.01,165598669,CP,3.3370666,2460369.408442,2025-05-01 19:36:00,2026-05-01 12:03:35,227.359837,55.981056,13.4832,3846.77,0.696696,1
7394.01,161687211,CP,1.2529966,2460556.902315,2025-05-01 19:36:00,2026-05-01 12:03:35,236.055193,58.552762,13.7088,3722.0,0.593558,1
7415.01,374177909,FP,0.1638211,2460610.088051,2025-05-01 20:31:59,2025-07-22 12:04:25,347.593973,41.143636,14.2981,3314.0,0.29,0
7416.01,191373021,FP,0.3013943,2460610.041379,2025-05-01 20:31:59,2025-11-24 12:03:50,10.260932,43.056514,12.8953,5223.8,0.78,0
7417.01,25624952,FP,3.1239462,2460609.806852,2025-05-01 20:31:59,2025-05-13 12:03:17,352.345492,53.616702,13.222,6159.0,2.4,0
7418.01,291732201,FP,6.7415334,2460604.284664,2025-05-01 20:31:59,2025-12-10 12:03:45,358.842207,41.359742,11.8802,5896.0,0.95,0
7431.01,347018922,FP,1.1919382,2460635.558306,2025-05-01 20:33:15,2025-10-11 12:03:41,1.114757,57.32207,13.0852,5858.0,1.87,0
7510.01,118798035,CP,11.5317273,2460847.17609,2025-10-16 23:07:41,2025-10-17 12:03:54,273.728188,-54.434055,11.2937,5586.0,1.079,1
7510.02,118798035,CP,22.5709991,2460830.759391,2025-10-16 23:07:41,2025-10-17 12:03:54,273.728188,-54.434055,11.2937,5586.0,1.079,1
7510.03,118798035,CP,48.8621728,2460794.945415,2025-10-16 23:07:41,2025-10-17 12:03:54,273.728188,-54.434055,11.2937,5586.0,1.079,1
7519.01,156678143,FP,7.2585779,2460650.887619,2025-10-30 21:07:48,2026-07-25 16:00:02,71.793519,37.71272,11.0139,6382.27,2.21837,0
7527.01,187495621,FP,3.2662137,2460658.088959,2025-10-30 21:07:48,2026-07-25 16:00:02,77.920369,41.175704,11.6429,8269.68,2.35388,0
7560.01,60520371,FP,2.1974264,2460685.614629,2025-10-30 21:09:46,2026-08-01 12:04:53,96.568517,-23.565106,12.419,6389.0,2.00487,0
7605.01,393626873,FP,2.5139682,2460742.134928,2025-11-20 22:21:48,2026-07-25 16:00:02,128.018882,-32.263173,12.2928,5075.0,1.12408,0
