toi,tid,split,label,disposition,stage1_score,stage2_score
1000.01,50365310,train,0,FP,0.490265429019928,
1002.01,124709665,train,0,FP,0.4617388844490051,
1003.01,106997505,train,0,FP,0.48138847947120667,
1004.01,238597883,train,0,FP,0.5080609917640686,
1005.01,169904935,train,0,FP,0.4569080173969269,
1006.01,156115721,train,0,FP,0.4804680645465851,
1008.01,440801822,train,0,FP,0.48264747858047485,
1010.01,139853601,train,0,FP,0.2500316798686981,
1013.01,97700520,train,0,FP,0.38838428258895874,
1014.01,96246348,train,0,FP,0.324034184217453,
1015.01,155044736,train,0,FP,0.40199384093284607,
1016.01,175310067,train,0,FP,0.5061654448509216,
1017.01,182943944,train,0,FP,0.34305649995803833,
1018.01,291555748,train,0,FP,0.4494956433773041,
1020.01,140706664,train,0,FP,0.4789271354675293,
1021.01,143994283,train,0,FP,0.3607109785079956,
1022.01,47384844,train,0,FA,0.5465957522392273,
1023.01,238374636,train,0,FP,0.36707308888435364,
1024.01,141482386,train,0,FP,0.49971380829811096,
1025.01,297967252,train,0,FP,0.4456055760383606,
1026.01,388624270,train,0,FP,0.4830920696258545,
1028.01,447283466,train,0,FP,0.5001703500747681,
1030.01,464296022,train,0,FP,0.5060769319534302,
1031.01,304021498,train,0,FP,0.48775264620780945,
1033.01,149601557,train,0,FP,0.549812376499176,
1034.01,400595342,train,0,FP,0.3967670798301697,
1037.01,363260203,train,0,FP,0.4758509397506714,
1038.01,90544017,train,0,FP,0.36028245091438293,
1040.01,310483807,train,0,FP,0.5086049437522888,
1041.01,385624852,train,0,FP,0.40212714672088623,
1042.01,360286627,train,0,FP,0.5052633881568909,
1043.01,90448944,train,0,FP,0.4895390570163727,
1045.01,54044474,train,0,FP,0.4713802635669708,
1046.01,309787037,train,0,FP,0.512631356716156,
1047.01,370745311,train,0,FP,0.42439162731170654,
1048.01,384549882,train,0,FP,0.48413896560668945,
1051.01,259863352,train,0,FA,0.5079946517944336,
1052.01,317060587,train,1,CP,0.5420121550559998,
1053.01,112395568,train,0,FP,0.3438989818096161,
1054.01,366989877,train,1,CP,0.5190220475196838,
1055.01,320004517,train,1,CP,0.5059038400650024,
1061.01,253990973,train,0,FP,0.47023263573646545,
1062.01,299799658,train,1,CP,0.5365759134292603,
1064.01,79748331,train,1,CP,0.48470476269721985,
1064.02,79748331,train,1,CP,0.48470476269721985,
1070.01,31858844,train,0,FP,0.41868263483047485,
1072.01,140830390,train,0,FP,0.5463374853134155,
1073.01,158297421,train,1,CP,0.4914676547050476,
1075.01,351601843,train,1,CP,0.44394391775131226,
1078.01,370133522,train,1,CP,0.504812479019165,
1080.01,161032923,train,1,CP,0.48430052399635315,
1087.01,426077080,train,0,FP,0.5113863348960876,
1088.01,343648136,train,0,FA,0.510607898235321,
1089.01,129319156,train,0,FP,0.5347031950950623,
1092.01,387079085,train,0,FP,0.2698473334312439,
1093.01,382331352,train,0,FP,0.39645272493362427,
1096.01,375225453,train,0,FP,0.5334711074829102,
1097.01,360630575,test,1,CP,0.49961763620376587,0.6718691370691829
1097.02,360630575,test,1,CP,0.49961763620376587,0.6718691370691829
1098.01,383390264,train,1,CP,0.48455050587654114,
1099.01,290348383,train,1,CP,0.516302227973938,
1100.01,318608749,train,0,FP,0.4389343559741974,
1101.01,271581073,train,0,FP,0.426570326089859,
1104.01,451599528,train,0,FP,0.502394437789917,
1107.01,394561119,train,1,CP,0.4929596185684204,
1108.01,295599256,train,0,FP,0.43770352005958557,
1109.01,50309953,train,0,FP,0.38464364409446716,
1110.01,446549905,train,0,FP,0.4865598976612091,
1111.01,412014494,train,0,FP,0.5206493735313416,
1112.01,369864738,train,0,FP,0.5169326663017273,
1120.01,143257766,train,0,FP,0.3341659903526306,
1127.01,269450900,train,0,FP,0.518134593963623,
1128.01,425721385,train,0,FP,0.42633888125419617,
1130.01,254113311,train,1,CP,0.43551871180534363,
1130.02,254113311,train,1,CP,0.43551871180534363,
1132.01,267489265,train,0,FP,0.5428862571716309,
1133.01,69997672,train,0,FP,0.49421432614326477,
1134.01,122220263,train,0,FP,0.47767743468284607,
1135.01,154872375,train,1,CP,0.5261611342430115,
1136.01,142276270,train,1,CP,0.5213478803634644,
1136.02,142276270,train,1,CP,0.5213478803634644,
1136.03,142276270,train,1,CP,0.5213478803634644,
1136.04,142276270,train,1,CP,0.5213478803634644,
1138.01,110428269,train,0,FP,0.4885041117668152,
1140.01,320525204,train,0,FP,0.46712663769721985,
1141.01,159510109,train,0,FP,0.6564504504203796,
1142.01,284450803,train,0,FP,0.4123222827911377,
1143.01,160268701,train,0,FP,0.5828682780265808,
1145.01,350995812,train,0,FP,0.48364388942718506,
1146.01,21755546,train,0,FP,0.4898168444633484,
1147.01,288391628,train,0,FP,0.5504060983657837,
1152.01,237184773,train,0,FA,0.612440288066864,
1155.01,161450762,train,0,FP,0.4653873145580292,
1156.01,117256577,train,0,FP,0.49332669377326965,
1157.01,147576037,train,0,FP,0.4863886535167694,
1158.01,379931600,train,0,FP,0.6384329199790955,
1159.01,48188920,train,0,FP,0.32004794478416443,
1160.01,89510024,train,0,FP,0.48005908727645874,
1166.01,138361973,train,0,FP,0.4859767556190491,
1167.01,232967666,train,0,FP,0.48834535479545593,
1168.01,41330864,train,0,FP,0.37667709589004517,
1170.01,294176967,train,0,FP,0.4783586263656616,
1171.01,101929303,train,0,FP,0.5012998580932617,
1172.01,1717732429,train,0,FP,0.5883395671844482,
1173.01,232967440,train,1,CP,0.6398013830184937,
1174.01,154089169,train,1,CP,0.4025525748729706,
1175.01,30329585,train,0,FP,0.5517845153808594,
1178.01,359496368,train,0,FP,0.4808011054992676,
118.01,266980320,train,1,CP,0.4924551546573639,
1180.01,158002130,train,1,CP,0.49710187315940857,
1181.01,229510866,train,1,CP,0.683581531047821,
1182.01,341544930,train,0,FP,0.5102378129959106,
1183.01,258777137,train,0,FP,0.459725022315979,
1184.01,233087860,train,1,CP,0.5418902635574341,
1186.01,289539327,train,0,FP,0.5726522207260132,
1188.01,15247229,train,0,FP,0.4839669167995453,
1191.01,237185205,train,0,FP,0.48748087882995605,
1193.01,89643259,train,0,FP,0.529267430305481,
1194.01,147950620,train,1,CP,0.6497466564178467,
1195.01,24364065,train,0,FP,0.5106136202812195,
1199.01,99869022,train,1,CP,0.4887464642524719,
120.01,394137592,train,1,CP,0.18639186024665833,
1200.01,288185138,train,0,FP,0.44610658288002014,
1201.01,29960110,train,1,CP,0.5090446472167969,
1203.01,23434737,train,1,CP,0.5021010637283325,
1206.01,308034948,train,0,FP,0.4914221167564392,
1210.01,33878688,train,0,FP,0.5303364396095276,
1213.01,399144800,train,0,FP,0.4881806969642639,
122.01,231702397,train,1,CP,0.45274338126182556,
1221.01,349095149,train,1,CP,0.48798564076423645,
1223.01,382437043,train,0,FP,0.5324626564979553,
1224.01,299798795,test,1,CP,0.08241580426692963,0.24818529912479032
1224.02,299798795,test,1,CP,0.08241580426692963,0.24818529912479032
1227.01,360156606,train,1,CP,0.5367706418037415,
1228.01,300038935,train,1,CP,0.4350453019142151,
123.01,290131778,train,1,CP,0.6235091686248779,
1230.01,287156968,train,1,CP,0.377882182598114,
1231.01,447061717,train,1,CP,0.524133563041687,
1232.01,364395234,train,1,CP,0.5051629543304443,
1233.01,260647166,train,1,CP,0.42005425691604614,
1233.02,260647166,train,1,CP,0.42005425691604614,
1233.03,260647166,train,1,CP,0.42005425691604614,
1233.04,260647166,train,1,CP,0.42005425691604614,
1234.01,90504905,train,0,FP,0.49712592363357544,
1235.01,103633434,train,1,CP,0.46078988909721375,
1238.01,153951307,train,1,CP,0.44658133387565613,
1238.02,153951307,train,1,CP,0.44658133387565613,
1243.01,219698776,train,1,CP,0.41182368993759155,
1244.01,219850915,train,1,CP,0.5330811142921448,
1246.01,230127302,train,1,CP,0.47865527868270874,
1246.02,230127302,train,1,CP,0.47865527868270874,
1246.03,230127302,train,1,CP,0.47865527868270874,
1246.04,230127302,train,1,CP,0.47865527868270874,
1247.01,232540264,train,1,CP,0.44670623540878296,
1248.01,232612416,train,1,CP,0.5238137245178223,
1249.01,232976128,train,1,CP,0.5016000866889954,
125.01,52368076,train,1,CP,0.46390435099601746,
125.02,52368076,train,1,CP,0.46390435099601746,
125.03,52368076,train,1,CP,0.46390435099601746,
1250.01,233059608,train,0,FA,0.4228581190109253,
1253.01,233684822,train,0,FP,0.4477939307689667,
1255.01,237222864,train,1,CP,0.5108029842376709,
1256.01,274762761,train,0,FP,0.4856332242488861,
1259.01,288735205,train,1,CP,0.5337491631507874,
1260.01,355867695,test,1,CP,0.27203139662742615,0.26838324129614594
1260.02,355867695,test,1,CP,0.27203139662742615,0.26838324129614594
1260.03,355867695,test,1,CP,0.27203139662742615,0.26838324129614594
1266.01,467179528,train,1,CP,0.5058020949363708,
1266.02,467179528,train,1,CP,0.5058020949363708,
1268.01,142394656,train,1,CP,0.41631126403808594,
1269.01,198241702,train,1,CP,0.5276907682418823,
127.01,234523599,train,1,CP,0.5724541544914246,
1270.01,237200747,train,0,FP,0.4958183467388153,
1272.01,417948359,train,1,CP,0.4895351529121399,
1273.01,445859771,train,1,CP,0.41527852416038513,
1275.01,13499636,train,0,FA,0.521371603012085,
1276.01,43064903,train,0,FA,0.48893359303474426,
1278.01,163539739,train,1,CP,0.4875953495502472,
1279.01,224297258,train,1,CP,0.5003858804702759,
128.01,391949880,train,1,CP,0.49133962392807007,
1284.01,267561446,train,0,FP,0.4235478639602661,
1285.01,274662200,train,0,FP,0.4918922185897827,
1288.01,365733349,train,1,CP,0.5178741812705994,
1289.01,408203470,train,0,FP,0.49452996253967285,
129.01,201248411,train,1,CP,0.48168089985847473,
1292.01,199688472,train,0,FP,0.9453031420707703,
1294.01,219015370,train,1,CP,0.5356565713882446,
1295.01,219852584,train,1,CP,0.36131522059440613,
1296.01,219854185,train,1,CP,0.4943724572658539,
1297.01,229536616,train,0,FP,0.42108869552612305,
1298.01,237104103,train,1,CP,0.5496776103973389,
1299.01,258777134,train,0,FP,0.3771628141403198,
130.01,263003176,train,1,CP,0.49434956908226013,
1301.01,356867115,train,1,CP,0.47428250312805176,
1304.01,186000935,train,0,FP,0.39856863021850586,
1305.01,232679662,train,0,FP,0.5359476208686829,
1306.01,233735068,train,0,FP,0.5373829007148743,
1308.01,277014266,train,0,FP,0.547325611114502,
1309.01,287190564,train,0,FP,0.4889379143714905,
1310.01,294179389,train,0,FP,0.6024662256240845,
1312.01,405904232,train,0,FP,0.5174073576927185,
1313.01,11111899,train,0,FP,0.46916550397872925,
1314.01,136848581,train,0,FP,0.48600491881370544,
1315.01,137284119,train,0,FP,0.4935941994190216,
1317.01,165523947,train,0,FP,0.5199294090270996,
1319.01,167098530,train,0,FP,0.4616084396839142,
132.01,89020549,train,1,CP,0.5152186155319214,
1321.01,195199644,train,0,FP,0.5314944386482239,
1323.01,256886630,train,0,FP,0.4790572226047516,
1324.01,266688542,train,0,FP,0.48821303248405457,
1325.01,274942910,train,0,FP,0.3407489061355591,
1326.01,275111900,train,0,FP,0.6589570045471191,
1328.01,330332501,train,0,FP,0.48012813925743103,
1329.01,345996087,train,0,FP,0.49700504541397095,
1330.01,357457104,train,0,FP,0.4020519554615021,
1331.01,387664866,train,0,FP,0.49260279536247253,
1332.01,387664868,train,0,FP,0.4815383553504944,
1333.01,395171208,train,1,CP,0.4893820881843567,
1334.01,42123111,train,0,FP,0.49475961923599243,
1335.01,89759617,train,0,FP,0.49011531472206116,
1336.01,92783821,train,0,FP,0.47217243909835815,
1338.01,260128333,train,1,CP,0.11382570117712021,
1339.01,269701147,train,1,CP,0.5081942677497864,
1339.02,269701147,train,1,CP,0.5081942677497864,
1339.03,269701147,train,1,CP,0.5081942677497864,
134.01,234994474,train,1,CP,0.47278574109077454,
1340.01,233681149,train,0,FP,0.5275583267211914,
1341.01,233390838,train,0,FP,0.46494945883750916,
1342.01,256621916,train,0,FP,0.49171969294548035,
1343.01,358631536,train,0,FP,0.5362089276313782,
1344.01,1400770435,train,0,FP,0.4696182310581207,
1346.01,219852882,train,1,CP,0.49916282296180725,
1346.02,219852882,train,1,CP,0.49916282296180725,
1347.01,229747848,train,1,CP,0.40303337574005127,
1347.02,229747848,train,1,CP,0.40303337574005127,
1348.01,229770036,train,0,FP,0.4931710660457611,
135.01,267263253,train,1,CP,0.5975298881530762,
1353.01,279177746,train,0,FP,0.39303380250930786,
1354.01,365683032,train,0,FP,0.3194389045238495,
1357.01,357972447,train,0,FP,0.49138152599334717,
1358.01,275501623,train,0,FP,0.487613707780838,
1359.01,416624606,train,0,FP,0.4880896210670471,
136.01,410153553,train,1,CP,0.5052457451820374,
1360.01,330468175,train,0,FP,0.31835106015205383,
1363.01,230017325,train,0,FP,0.4981735050678253,
1365.01,367099243,train,0,FP,0.4670838713645935,
1366.01,120602501,train,0,FP,0.44746148586273193,
1368.01,136971594,train,0,FP,0.36649882793426514,
1369.01,155005217,train,0,FP,0.5044629573822021,
137.01,176957796,train,0,FA,0.5556139945983887,
1370.01,155114483,train,0,FP,0.5365750789642334,
1372.01,164150539,train,0,FP,0.475331574678421,
1376.01,190743990,train,0,FP,0.5283430814743042,
1378.01,249812036,train,0,FP,0.519668459892273,
1380.01,274170255,train,0,FP,0.3509061932563782,
1382.01,276360911,train,0,FA,0.487112432718277,
1383.01,313506357,train,0,FP,0.47701168060302734,
1385.01,329864959,train,0,FP,0.5681279897689819,
1386.01,343019899,train,1,CP,0.5575270056724548,
1387.01,343442463,train,0,FP,0.4782564043998718,
139.01,62483237,train,1,CP,0.4959295690059662,
1391.01,389182138,train,0,FP,0.5056053400039673,
1393.01,430528566,train,0,FP,0.31867045164108276,
1394.01,431156009,train,0,FP,0.4914315640926361,
1395.01,468472950,train,0,FP,0.4927079975605011,
1396.01,468845640,train,0,FP,0.5221133828163147,
1399.01,66783360,train,0,FP,0.4762097895145416,
1400.01,258801269,train,0,FP,0.49108725786209106,
1401.01,259126549,train,0,FP,0.5224610567092896,
1402.01,259129875,train,0,FP,0.4895772337913513,
1403.01,328750515,train,0,FP,0.35334059596061707,
1405.01,387834907,train,0,FP,0.5869510173797607,
1406.01,231736113,train,1,CP,0.4876735210418701,
1408.01,364186197,train,1,CP,0.39901018142700195,
141.01,403224672,train,1,CP,0.49851110577583313,
1410.01,199444169,train,1,CP,0.48077818751335144,
1411.01,116483514,train,1,CP,0.48957768082618713,
1416.01,158025009,train,1,CP,0.516251266002655,
1417.01,164173105,train,1,CP,0.31858325004577637,
1418.01,224600500,train,0,FA,0.4883476197719574,
1420.01,321857016,train,1,CP,0.41690295934677124,
1421.01,329277372,train,0,FP,0.3466528058052063,
1422.01,333473672,train,1,CP,0.571190357208252,
1423.01,346418409,train,0,FP,0.3704487085342407,
1424.01,418959198,train,0,FP,0.35620224475860596,
1426.01,128501004,train,0,FP,0.31972983479499817,
1427.01,2041563029,train,0,FP,0.3245764374732971,
1428.01,377304435,train,0,FP,0.5294653177261353,
1429.01,138968089,train,0,FP,0.4247751235961914,
1430.01,293954617,train,1,CP,0.4225165545940399,
1431.01,375506058,train,1,CP,0.6652324795722961,
1437.01,198356533,train,1,CP,0.48939597606658936,
1438.01,229650439,train,1,CP,0.47454774379730225,
1438.02,229650439,train,1,CP,0.47454774379730225,
1439.01,232982558,train,1,CP,0.5293925404548645,
144.01,261136679,train,1,CP,0.5673813819885254,
1442.01,235683377,train,1,CP,0.34057098627090454,
1443.01,237232044,train,1,CP,0.48793908953666687,
1444.01,258514800,train,1,CP,0.48915529251098633,
1447.01,298073824,train,0,FA,0.40996024012565613,
1448.01,343628284,train,1,CP,0.4125448167324066,
1450.01,377293776,train,1,CP,0.4604921042919159,
1451.01,417931607,train,1,CP,0.5494043827056885,
1452.01,420112589,train,1,CP,0.5145808458328247,
1453.01,198390247,train,1,CP,0.5503963828086853,
1453.02,198390247,train,1,CP,0.5503963828086853,
1456.01,199376584,train,1,CP,0.517818808555603,
1459.01,16920150,train,0,FA,0.39011985063552856,
146.01,355636844,train,0,FP,0.4636344611644745,
1460.01,17005768,train,0,FP,0.5463111400604248,
1462.01,188768068,train,1,CP,0.4178602993488312,
1467.01,240968774,train,1,CP,0.4861275255680084,
1468.01,243185500,train,1,CP,0.4370601773262024,
1468.02,243185500,train,1,CP,0.4370601773262024,
147.01,220435095,train,0,FP,0.46273529529571533,
1470.01,284441182,train,1,CP,0.5366171598434448,
1471.01,306263608,test,1,CP,0.6199102401733398,0.7035925649061686
1471.02,306263608,test,1,CP,0.6199102401733398,0.7035925649061686
1472.01,306955329,train,1,CP,0.3986211121082306,
1473.01,352413427,train,1,CP,0.49757546186447144,
1474.01,427654774,train,0,FP,0.5198037028312683,
1478.01,409794137,train,1,CP,0.4765962064266205,
1479.01,421308357,train,0,FP,0.4918016791343689,
148.01,393940766,train,1,CP,0.5008691549301147,
1480.01,335483600,train,0,FP,0.377861350774765,
1481.01,197650870,train,0,FP,0.3839891254901886,
1484.01,67309890,train,0,FP,0.49835509061813354,
1485.01,377191482,train,0,FA,0.5249747037887573,
1486.01,233541860,train,0,FP,0.47906357049942017,
1487.01,459978312,train,0,FA,0.4559619724750519,
1488.01,198457103,train,0,FA,0.4816969633102417,
1489.01,219751469,train,0,FA,0.5287554264068604,
1492.01,354594208,train,0,FP,0.5199065208435059,
1493.01,15692883,train,1,CP,0.5092238783836365,
1494.01,411608801,train,1,CP,0.44063156843185425,
1496.01,384045439,train,0,FP,0.53469318151474,
150.01,271893367,train,1,CP,0.5300070643424988,
1505.01,331034236,train,0,FP,0.5220713019371033,
1506.01,64836837,train,0,FP,0.4382063150405884,
1507.01,430677414,train,0,FP,0.46852660179138184,
1508.01,415741431,train,0,FP,0.4808731973171234,
151.01,382302241,train,0,FP,0.4668980538845062,
1511.01,376682699,train,0,FP,0.4766479730606079,
1512.01,434718964,train,0,FP,0.5127815008163452,
1515.01,470709084,train,0,FP,0.3969551622867584,
1516.01,376637093,train,1,CP,0.24348890781402588,
1518.01,427761355,train,1,CP,0.48498931527137756,
1520.01,269238073,train,0,FP,0.5145825147628784,
1521.01,366074069,train,0,FP,0.4860875904560089,
1522.01,367102581,train,0,FP,0.4724375009536743,
1523.01,387413037,train,0,FP,0.4869794249534607,
1525.01,276380902,train,0,FP,0.5856670141220093,
1533.01,345143460,train,1,CP,0.5288456678390503,
1536.01,445137888,train,0,FP,0.48090070486068726,
1539.01,252636888,train,0,FP,0.3614639937877655,
154.01,389525208,train,0,FP,0.4733951687812805,
1541.01,319068154,train,0,FP,0.4031221866607666,
1542.01,367607434,train,0,FA,0.4829559624195099,
1548.01,440100539,train,0,FA,0.4374033808708191,
1552.01,326919774,train,0,FP,0.4725421667098999,
1555.01,441732151,train,0,FP,0.75750732421875,
156.01,220518305,train,0,FP,0.5108232498168945,
1568.01,284050395,train,0,FP,0.469840943813324,
1569.01,285666479,train,0,FP,0.48289692401885986,
157.01,140691463,train,1,CP,0.39152300357818604,
1571.01,285677945,train,0,FP,0.48657095432281494,
1572.01,292321872,train,0,FP,0.5058665871620178,
1576.01,327011842,train,0,FP,0.42497384548187256,
158.01,403136413,train,0,FP,0.5202447772026062,
1582.01,374400599,train,0,FP,0.4733119606971741,
1585.01,444415148,train,0,FP,0.4942971467971802,
1589.01,52041724,train,0,FP,0.46106117963790894,
159.01,394657039,train,1,CP,0.6691827178001404,
1592.01,186599508,train,0,FP,0.5069388151168823,
1593.01,192372961,train,0,FP,0.47903794050216675,
1596.01,431899140,train,0,FP,0.3899684548377991,
1601.01,139375960,train,1,CP,0.4902972877025604,
1602.01,129991079,train,0,FA,0.350046306848526,
1605.01,101037590,train,1,CP,0.4803255498409271,
1608.01,138017750,train,0,FP,0.47068098187446594,
1609.01,229951289,train,0,FA,0.37512603402137756,
1611.01,264678534,train,1,CP,0.5005326271057129,
1613.01,272625214,train,0,FP,0.5059559345245361,
1614.01,317397615,train,0,FP,0.47667571902275085,
1615.01,317507345,train,0,FP,0.5888761281967163,
1617.01,322202434,train,0,FP,0.5116907954216003,
1619.01,377144784,train,0,FP,0.37827566266059875,
1622.01,388076005,train,0,FP,0.4730391800403595,
1623.01,407394748,train,0,FP,0.38700830936431885,
163.01,179317684,train,1,CP,0.6050978302955627,
1630.01,317597583,train,1,CP,0.5018512010574341,
1632.01,51024887,train,0,FP,0.44579508900642395,
1633.01,165551882,train,0,FA,0.49384284019470215,
1634.01,201186294,train,1,CP,0.5370693206787109,
1635.01,230086768,train,0,FP,0.586590588092804,
1636.01,269892793,train,0,FP,0.4717899262905121,
1637.01,286355915,train,0,FP,0.5183486938476562,
1639.01,348673213,train,0,FP,0.4752517640590668,
1640.01,396562848,train,1,CP,0.4048829674720764,
1644.01,22843856,train,0,FP,0.3255055546760559,
1645.01,184679932,train,0,FP,0.30885064601898193,
1646.01,387527558,train,0,FA,0.4120219051837921,
1647.01,154927364,train,0,FP,0.4645674526691437,
1648.01,376353509,train,1,CP,0.5362046360969543,
1649.01,116608612,train,0,FP,0.787109375,
165.01,350743714,train,0,FP,0.80167156457901,
1650.01,122485078,train,0,FP,0.5205749273300171,
1652.01,154867950,train,0,FP,0.48383256793022156,
1658.01,286561122,train,0,FP,0.48171305656433105,
1659.01,288631580,train,1,CP,0.5166524052619934,
1660.01,311121985,train,0,FP,0.4572661519050598,
1661.01,312122956,train,0,FP,0.6815232038497925,
1663.01,353367071,train,0,FP,0.465304434299469,
1668.01,417705690,train,0,FP,0.49999988079071045,
1669.01,428679607,train,1,CP,0.5099665522575378,
1670.01,441739020,train,1,CP,0.5346403121948242,
1670.02,441739020,train,1,CP,0.5346403121948242,
1671.01,459903429,train,0,FA,0.5278900861740112,
1673.01,470315428,train,0,FP,0.477193683385849,
1678.01,96291218,train,0,FP,0.5392146706581116,
1680.01,259168516,train,1,CP,0.4828367531299591,
1683.01,58542531,train,1,CP,0.5534033179283142,
1685.01,28900646,train,1,CP,0.4619128108024597,
1688.01,121966220,train,0,FP,0.49834969639778137,
1689.01,198384408,train,0,FA,0.41066768765449524,
169.01,183120439,train,1,CP,0.564581036567688,
1690.01,267574918,train,1,CP,0.5223585963249207,
1691.01,268334473,train,1,CP,0.5292022228240967,
1693.01,353475866,train,1,CP,0.43350738286972046,
1694.01,396740648,train,1,CP,0.4889543354511261,
1695.01,422756130,train,1,CP,0.42571747303009033,
1696.01,470381900,train,1,CP,0.4904865622520447,
1700.01,23650642,train,0,FP,0.39024609327316284,
1702.01,371210825,train,0,FP,0.5497944951057434,
1704.01,95129101,train,0,FP,0.5179409980773926,
1705.01,137500798,train,0,FP,0.4934707581996918,
1707.01,240148934,train,0,FP,0.4949834942817688,
171.02,309257814,train,0,FP,0.4758436679840088,
1710.01,445805961,train,1,CP,0.5357952117919922,
1711.01,461662295,train,0,FP,0.542383074760437,
1712.01,67926921,train,0,FP,0.48687708377838135,
1715.01,142090065,train,0,FP,0.33212706446647644,
1716.01,14336130,train,1,CP,0.4122813045978546,
172.01,29857954,train,1,CP,0.6646373271942139,
1723.01,71431780,train,1,CP,0.5314350724220276,
1724.01,81212286,train,0,FP,0.5725562572479248,
1726.01,130181866,train,1,CP,0.519662618637085,
1726.02,130181866,train,1,CP,0.519662618637085,
1728.01,285048486,train,1,CP,0.4639250934123993,
1729.01,298666530,train,0,FP,1.708268548838987e-08,
1730.01,318022259,test,1,CP,0.38326555490493774,0.31551028700619727
1730.02,318022259,test,1,CP,0.38326555490493774,0.31551028700619727
1730.03,318022259,test,1,CP,0.38326555490493774,0.31551028700619727
1733.01,53427308,train,0,FP,0.42085888981819153,
1736.01,408618999,train,1,CP,0.5404046773910522,
1739.01,159418353,train,1,CP,0.3902318477630615,
174.01,425997655,validation,1,CP,0.49727103114128113,0.487137187834019
174.02,425997655,validation,1,CP,0.49727103114128113,0.487137187834019
174.03,425997655,validation,1,CP,0.49727103114128113,0.487137187834019
174.04,425997655,validation,1,CP,0.49727103114128113,0.487137187834019
174.05,425997655,validation,1,CP,0.49727103114128113,0.487137187834019
1742.01,219857012,train,1,CP,0.506113588809967,
1743.01,219860288,train,1,CP,0.4830097556114197,
1744.01,229455001,train,1,CP,0.5266721248626709,
1749.01,233602827,train,1,CP,0.5114427804946899,
1749.02,233602827,train,1,CP,0.5114427804946899,
175.01,307210830,train,1,CP,0.47350046038627625,
175.02,307210830,train,1,CP,0.47350046038627625,
175.03,307210830,train,1,CP,0.47350046038627625,
1751.01,287080092,train,1,CP,0.511523425579071,
1752.01,287139872,test,1,CP,0.4494074583053589,0.6116693242479418
1752.02,287139872,test,1,CP,0.4494074583053589,0.6116693242479418
1753.01,289580577,train,1,CP,0.4897696375846863,
1758.01,367858035,train,1,CP,0.5003252625465393,
1759.01,408636441,train,1,CP,0.4902178645133972,
176.01,272086159,train,0,FP,0.49794426560401917,
1760.01,420112587,train,0,FP,0.436581552028656,
1768.01,137906197,train,1,CP,0.42763692140579224,
177.01,262530407,train,1,CP,0.5718294978141785,
1770.01,457138169,train,0,FP,0.4553224742412567,
1772.01,85293053,train,1,CP,0.5073177218437195,
1774.01,4897275,train,1,CP,0.5026492476463318,
1775.01,9348006,train,1,CP,0.47420763969421387,
1776.01,21535395,train,1,CP,0.5145624876022339,
1777.01,29191624,train,1,CP,0.46856799721717834,
1778.01,39699648,train,1,CP,0.41272178292274475,
178.01,251848941,train,1,CP,0.5018637180328369,
178.02,251848941,train,1,CP,0.5018637180328369,
178.03,251848941,train,1,CP,0.5018637180328369,
1782.01,160045097,train,1,CP,0.501801609992981,
1782.02,160045097,train,1,CP,0.501801609992981,
1786.01,86280613,train,0,FP,0.6050549149513245,
1788.01,450327768,train,0,FP,0.5124542713165283,
1789.01,172518755,train,1,CP,0.4737621545791626,
179.01,207141131,train,1,CP,0.48702746629714966,
1790.01,310981412,train,0,FA,0.5035041570663452,
1791.01,233684293,train,0,FA,0.49390819668769836,
1793.01,304142124,train,1,CP,0.504478394985199,
1794.01,286916251,train,1,CP,0.4849902093410492,
1795.01,135083444,train,0,FP,0.5260316133499146,
1797.01,368435330,test,1,CP,0.32279035449028015,0.25986413037997885
1797.02,368435330,test,1,CP,0.32279035449028015,0.25986413037997885
1798.01,198153540,train,1,CP,0.5037128925323486,
1798.02,198153540,train,1,CP,0.5037128925323486,
1799.01,8967242,train,1,CP,0.555924654006958,
1801.01,119584412,train,1,CP,0.49189189076423645,
1806.01,166648874,train,1,CP,0.5370113253593445,
1807.01,180695581,train,1,CP,0.6003573536872864,
1808.01,307734817,train,0,FP,0.4878445565700531,
181.01,76923707,train,1,CP,0.4873424470424652,
1811.01,376524552,train,1,CP,0.4305725395679474,
1813.01,377290815,train,0,FP,0.4997280538082123,
1815.01,233720539,train,0,FP,0.5085954070091248,
1816.01,237108272,train,0,FA,0.4438461661338806,
1819.01,341815767,train,0,FA,0.4831772744655609,
1820.01,393831507,train,1,CP,0.46555766463279724,
1823.01,142381532,train,1,CP,0.540090024471283,
1824.01,142387023,train,1,CP,0.49678921699523926,
1826.01,229400092,train,1,CP,0.4194442331790924,
1827.01,390651552,train,1,CP,0.4891289174556732,
1828.01,232982938,train,1,CP,0.49307847023010254,
183.01,183979262,train,0,FP,0.4657362103462219,
1830.01,20182165,train,0,FP,0.30639082193374634,
1836.01,207468071,test,1,CP,0.5247043967247009,0.5830241069632998
1836.02,207468071,test,0,FP,0.5247043967247009,0.5830241069632998
1837.01,144441148,train,0,FP,0.47563719749450684,
184.01,300871545,train,0,FP,0.9023125171661377,
1842.01,404505029,train,1,CP,0.5889561176300049,
1843.01,258871793,train,0,FP,0.527101457118988,
1846.01,198385543,train,1,CP,0.5431292057037354,
1848.01,219824469,train,0,FP,0.4368755519390106,
1853.01,73540072,train,1,CP,0.4781992733478546,
1855.01,81247740,train,1,CP,0.48636388778686523,
1856.01,224313733,train,0,FP,0.5123406052589417,
1859.01,229742722,train,1,CP,0.5244213342666626,
186.01,279741379,train,1,CP,0.5082100033760071,
186.02,279741379,train,1,CP,0.5082100033760071,
1860.01,202426247,train,1,CP,0.45048049092292786,
1862.01,321668398,train,1,CP,0.5850162506103516,
1863.01,356919658,train,0,FP,0.4983556866645813,
1867.01,400476523,train,0,FP,0.5196079611778259,
1871.01,233503636,train,0,FP,0.5179623961448669,
1877.01,233497719,train,0,FP,0.4496557116508484,
1881.01,59859387,train,0,FP,0.29155248403549194,
1883.01,348755728,train,1,CP,0.49492594599723816,
1885.01,258510872,train,1,CP,0.607570469379425,
1888.01,459997997,train,0,FP,0.5194440484046936,
189.01,278866211,train,0,FP,0.5314165949821472,
1897.01,420645189,train,0,FP,0.5267658829689026,
1897.02,420645189,train,0,FP,0.5267658829689026,
1898.01,91987762,train,1,CP,0.503358781337738,
1899.01,172370679,train,1,CP,0.4861631989479065,
1918.01,308425348,train,0,FP,0.4915841221809387,
193.01,183985250,train,1,CP,0.3088504672050476,
1937.01,268301217,train,1,CP,0.36646077036857605,
1939.01,325172035,train,0,FP,0.479933500289917,
1941.01,167009792,train,0,FP,0.4724588990211487,
1942.01,308919449,train,0,FP,0.4673997163772583,
1944.01,461080504,train,0,FP,0.49898189306259155,
1945.01,357536526,train,0,FP,0.49750471115112305,
1946.01,127315102,train,0,FP,0.499187707901001,
1947.01,460140752,train,0,FP,0.4914882779121399,
1948.01,31268146,train,0,FP,0.48631730675697327,
1950.01,327663613,train,0,FP,0.4790225327014923,
1952.01,394509844,train,0,FP,0.47459879517555237,
1953.01,242536549,train,0,FP,0.49188634753227234,
1955.01,166184426,train,0,FP,0.4502725303173065,
1956.01,334911765,train,0,FP,0.47802335023880005,
1957.01,302659412,train,0,FP,0.3791792392730713,
1959.01,400323948,train,0,FP,0.4012385308742523,
1962.01,141663464,train,0,FP,0.3429131805896759,
1963.01,190271688,train,0,FP,0.5426389575004578,
1964.01,242083025,train,0,FP,0.3521983325481415,
1965.01,295354126,train,0,FP,0.4755183756351471,
1969.01,293708935,train,0,FP,0.5160247683525085,
197.01,441462736,train,1,CP,0.5219342112541199,
1971.01,253132689,train,0,FP,0.5035235285758972,
1975.01,467281353,train,0,FP,0.49737533926963806,
1977.01,383531859,train,0,FP,0.49659261107444763,
1978.01,458856474,train,0,FP,0.3073013722896576,
1979.01,458857720,train,0,FP,0.48298126459121704,
198.01,12421862,train,1,CP,0.49630677700042725,
1980.01,127793615,train,0,FP,0.4778248965740204,
1983.01,89535068,train,0,FP,0.3875173330307007,
1984.01,162246865,train,0,FP,0.4821036756038666,
1988.01,161156159,train,0,FP,0.4892081618309021,
1989.01,324395151,train,0,FP,0.5144333839416504,
199.01,309792357,train,1,CP,0.5091480016708374,
1990.01,457939414,train,0,FP,0.32680627703666687,
1991.01,82707763,train,0,FP,0.42404553294181824,
1992.01,147340931,train,0,FP,0.4805566668510437,
1993.01,453464017,train,0,FP,0.3664831221103668,
1994.01,445903569,train,1,CP,0.49712130427360535,
1996.01,275384718,train,0,FP,0.4336996078491211,
1998.01,429295277,train,0,FP,0.3212161362171173,
200.01,410214986,train,1,CP,0.4689609408378601,
2000.01,371188886,test,1,CP,0.7435879707336426,0.6680309578592506
2000.02,371188886,test,1,CP,0.7435879707336426,0.6680309578592506
2002.01,356453768,train,0,FP,0.4927557110786438,
2004.01,439610306,train,0,FP,0.48122188448905945,
2006.01,41173048,train,0,FA,0.48330193758010864,
2008.01,70887357,train,0,FP,0.5442858338356018,
201.01,350618622,train,1,CP,0.4767221510410309,
2010.01,26547036,train,1,CP,0.5268160700798035,
2013.01,188589164,train,1,CP,0.5361752510070801,
2015.01,368287008,train,1,CP,0.5209159851074219,
2017.01,357416482,train,0,FP,0.387658953666687,
2018.01,357501308,train,1,CP,0.49816638231277466,
2019.01,159781361,train,1,CP,0.4898839294910431,
2022.01,11996814,train,0,FP,0.31935542821884155,
2025.01,394050135,train,1,CP,0.3084975481033325,
203.01,259962054,train,0,FA,0.3885726034641266,
2046.01,468574941,train,1,CP,0.38761624693870544,
2047.01,363761216,train,0,FP,0.45059624314308167,
2048.01,159873822,train,1,CP,0.4754319190979004,
2052.01,1100766816,train,0,FP,0.4016993045806885,
2053.01,315755496,train,0,FP,0.5032578706741333,
2054.01,378355116,train,0,FP,0.49109065532684326,
2058.01,326732851,train,0,FP,0.5120619535446167,
206.01,55650590,train,1,CP,0.4968710243701935,
2060.01,285542903,train,0,FP,0.1803879737854004,
2062.01,373785851,train,0,FP,0.48490357398986816,
2068.01,417931300,train,1,CP,0.5106981992721558,
207.01,260271203,train,0,FP,0.4929485023021698,
2076.01,27491137,test,1,CP,0.7376570105552673,0.7980606014508055
2076.02,27491137,test,1,CP,0.7376570105552673,0.7980606014508055
2076.03,27491137,test,1,CP,0.7376570105552673,0.7980606014508055
2078.01,159244568,train,0,FA,0.48742416501045227,
2081.01,321669174,train,1,CP,0.4816974997520447,
2084.01,441738827,train,1,CP,0.5080164074897766,
2084.02,441738827,train,0,FP,0.5080164074897766,
2088.01,441765914,train,1,CP,0.5256483554840088,
2093.01,402898317,train,1,CP,0.42424890398979187,
2095.01,235678745,train,1,CP,0.49732932448387146,
2095.02,235678745,train,1,CP,0.49732932448387146,
2096.01,142748283,train,1,CP,0.4017069637775421,
2096.02,142748283,train,1,CP,0.4017069637775421,
2097.01,279982557,train,0,FP,0.5239081382751465,
2099.01,230386397,train,0,FP,0.5074743628501892,
2106.01,393911494,train,0,FP,0.4466121196746826,
2107.01,446549906,train,1,CP,0.5916439890861511,
2109.01,392476080,train,1,CP,0.43963080644607544,
2110.01,394029948,train,0,FA,0.4938640594482422,
2111.01,356235833,train,0,FP,0.3911232352256775,
2113.01,1400212743,train,0,FP,0.5222814083099365,
2114.01,9828416,train,1,CP,0.48740461468696594,
2116.01,422838133,train,0,FP,0.5390246510505676,
2117.01,279212407,train,0,FP,0.5222002267837524,
2118.01,17416749,train,0,FP,0.5087605118751526,
2119.01,236387002,train,1,CP,0.3004494309425354,
2120.01,389900760,train,1,CP,0.4566446542739868,
2128.01,21832928,train,1,CP,0.4242626130580902,
2134.01,75878355,test,1,CP,0.5659441947937012,0.6952145653717642
2134.02,75878355,test,1,CP,0.5659441947937012,0.6952145653717642
2136.01,336128819,train,1,CP,0.48504742980003357,
2138.01,336267424,train,0,FP,0.43985387682914734,
2141.01,287256467,train,1,CP,0.49441319704055786,
2145.01,88992642,train,1,CP,0.43573155999183655,
2146.01,158916431,train,0,FP,0.507094144821167,
2147.01,341630071,train,1,CP,0.4748195707798004,
2148.01,233569098,train,0,FP,0.5044873356819153,
2150.01,230267547,train,0,FP,0.4890991449356079,
2151.01,23389848,train,0,FP,0.5511127710342407,
2152.01,395393265,train,1,CP,0.4927818775177002,
2153.01,406855039,train,0,FP,0.37746548652648926,
2154.01,428787891,train,1,CP,0.5236964225769043,
2155.01,461591646,train,1,CP,0.5884186625480652,
2156.01,258402425,train,0,FP,9.208815026795492e-05,
2157.01,298495970,train,0,FP,0.3595925569534302,
2158.01,342642208,train,1,CP,0.42003893852233887,
216.01,55652896,train,1,CP,0.3653266727924347,
216.02,55652896,train,1,CP,0.3653266727924347,
2161.01,366563452,train,0,FP,0.49054959416389465,
2162.01,284564230,train,0,FP,0.4543784260749817,
2164.01,49967354,train,0,FP,0.4730936884880066,
2167.01,160162987,train,0,FP,0.48485589027404785,
2168.01,364075352,train,0,FP,0.5347064137458801,
217.01,260043723,train,0,FP,0.5096360445022583,
2171.01,75656058,train,0,FA,0.44254010915756226,
2172.01,76197937,train,0,FA,0.5322573781013489,
2173.01,293567206,train,0,FP,0.43524304032325745,
2179.01,237913194,train,1,CP,0.48664018511772156,
2180.01,298663873,train,1,CP,0.5068570375442505,
2184.01,176956893,train,1,CP,0.4705580472946167,
219.01,260609205,train,0,FP,0.6397808790206909,
2193.01,401604346,train,1,CP,0.45273131132125854,
2194.01,271478281,train,1,CP,0.47838079929351807,
2196.01,372172128,train,1,CP,0.5018966197967529,
220.01,150098860,train,1,CP,0.5028105974197388,
2202.01,358107516,train,1,CP,0.4129948616027832,
2205.01,260298958,train,0,FP,0.47641485929489136,
2207.01,90850770,train,1,CP,0.5569186210632324,
221.01,316937670,train,0,FP,0.39336249232292175,
2211.01,212253390,train,1,CP,0.5330473184585571,
2215.01,425561347,train,1,CP,0.5248497128486633,
2221.01,441420236,train,1,CP,0.4878237843513489,
223.01,326453034,train,0,FA,0.5592403411865234,
2231.01,100504381,train,0,FA,0.5581612586975098,
2236.01,394722182,train,1,CP,0.42239290475845337,
2246.01,349786918,train,0,FP,0.529316782951355,
2247.01,376168473,train,0,FA,0.432335764169693,
2250.01,264303333,train,0,FP,0.5262579917907715,
2253.01,367855829,train,0,FA,0.4981987178325653,
2257.01,198485881,train,1,CP,0.4276466965675354,
2258.01,219821826,train,0,FP,0.4949396848678589,
2260.01,232568235,train,1,CP,0.5252029895782471,
2266.01,8348911,train,1,CP,0.3996562063694,
2267.01,459837008,test,1,CP,0.14839760959148407,0.2833048790134648
2267.03,459837008,test,1,CP,0.14839760959148407,0.2833048790134648
2269.01,441798995,train,0,FA,0.482276976108551,
2274.01,289164482,train,1,CP,0.40923720598220825,
2283.01,198211976,train,0,FA,0.4114527106285095,
2284.01,115446313,train,0,FP,0.5288919806480408,
2285.01,329148988,train,1,CP,0.494087815284729,
2299.01,362220495,train,0,FA,0.3733407258987427,
230.01,160074939,train,0,FA,0.5217039585113525,
2303.01,197959526,train,0,FP,0.5052002668380737,
2316.01,61980227,train,0,FP,0.4587492048740387,
2322.01,300812741,validation,1,CP,0.6417139768600464,0.7479937421119585
2322.02,300812741,validation,1,CP,0.6417139768600464,0.7479937421119585
2328.01,394287035,train,1,CP,0.5005284547805786,
2336.01,88902249,train,1,CP,0.4984281659126282,
2337.01,230001847,train,1,CP,0.5000693798065186,
2338.01,24358417,train,1,CP,0.5449028611183167,
2341.01,100267480,train,0,FP,0.4807042181491852,
2342.01,100589632,train,0,FP,0.5177206993103027,
2345.01,91555165,validation,1,CP,0.4823037087917328,0.43623512803289427
2345.02,91555165,validation,1,CP,0.4823037087917328,0.43623512803289427
2358.01,124095888,train,0,FP,0.5135692358016968,
236.01,9727392,train,0,FP,0.38803473114967346,
2360.01,31656385,train,0,FP,0.4574914872646332,
2364.01,39414571,train,1,CP,0.47090741991996765,
2365.01,344085117,train,0,FP,0.4910088777542114,
2368.01,401125028,train,1,CP,0.4579066336154938,
237.01,305048087,train,1,CP,0.5357351303100586,
2372.01,189620016,train,0,FP,0.33257949352264404,
2373.01,332558858,train,1,CP,0.5058377385139465,
2374.01,439366538,train,1,CP,0.5040832757949829,
2379.01,201177276,train,1,CP,0.4677322804927826,
238.01,9006668,train,1,CP,0.4916364550590515,
2384.01,382602147,train,1,CP,0.716774582862854,
2400.01,260849386,train,0,FP,0.4965209364891052,
2404.02,142087638,validation,0,FP,0.6151570081710815,0.6600404647352419
2404.03,142087638,validation,0,FP,0.6151570081710815,0.6600404647352419
2406.01,212957629,train,1,CP,0.49313923716545105,
2407.01,153078576,train,1,CP,0.5005007386207581,
2409.01,321068176,train,0,FA,0.4549967646598816,
2411.01,10837041,train,1,CP,0.4685795307159424,
2412.01,684936227,train,0,FA,0.5258564949035645,
2413.01,206498307,train,0,FP,0.43232038617134094,
2416.01,237922465,train,1,CP,0.5671226382255554,
2418.01,65347776,train,0,FP,0.5270659923553467,
242.01,120585579,train,0,FP,0.5385291576385498,
2421.01,70524163,train,1,CP,0.45019781589508057,
2424.01,313891529,train,0,FP,0.5514867305755615,
2427.01,142937186,train,1,CP,0.475987046957016,
2431.01,258804746,train,1,CP,0.6452326774597168,
2438.01,686072378,train,0,FP,0.508260190486908,
244.01,118327550,train,1,CP,0.5033400058746338,
2442.01,168871868,train,0,FP,0.5311613082885742,
2443.01,318753380,train,1,CP,0.49602481722831726,
2445.01,439867639,train,1,CP,0.4449966549873352,
2448.01,231721005,train,0,FP,0.5293186902999878,
2449.01,170729775,train,1,CP,0.5492168068885803,
2451.01,4294779,train,0,FP,0.31064915657043457,
2452.01,219208037,train,0,FP,0.5158223509788513,
2458.01,449197831,train,1,CP,0.48500871658325195,
2459.01,192790476,train,1,CP,0.5092805027961731,
2485.01,328934463,train,1,CP,0.5181765556335449,
2492.01,282498590,train,0,FP,0.5814585089683533,
2497.01,97568467,train,1,CP,0.4126235842704773,
2498.01,263179590,train,1,CP,0.5502610206604004,
251.01,224225541,train,1,CP,0.47658440470695496,
2510.01,170103435,train,0,FP,0.4192592203617096,
2524.01,169249234,train,1,CP,0.5178170800209045,
2525.01,149601126,train,1,CP,0.5266984105110168,
2525.02,149601126,train,1,CP,0.5266984105110168,
2529.01,269333648,train,1,CP,0.4297536015510559,
2537.01,399967279,train,1,CP,0.5103961825370789,
254.01,49687222,train,0,FA,0.49765902757644653,
2543.01,270604417,train,1,CP,0.45107540488243103,
2544.01,341419787,train,0,FP,0.5036038160324097,
2545.01,149845414,train,1,CP,0.5408300757408142,
2548.02,350293646,test,1,CP,0.6457523107528687,0.7650764067787132
2550.01,294500964,train,0,FP,0.5271338820457458,
2554.01,144043410,train,0,FP,0.5084832310676575,
2555.01,155491828,train,0,FP,0.47056639194488525,
2567.01,258920431,train,1,CP,0.5123612284660339,
257.01,200723869,train,1,CP,0.6050664186477661,
2570.01,239816546,train,1,CP,0.6884973645210266,
2571.01,239638934,train,0,FP,0.4887685179710388,
258.01,350445771,train,0,FP,0.4847602844238281,
2580.01,102713734,train,1,CP,0.5721445679664612,
2583.01,7548817,train,1,CP,0.5533201098442078,
2585.01,62530991,train,0,FP,0.5231887102127075,
2587.01,68007716,train,1,CP,0.41597750782966614,
2589.01,157698565,train,1,CP,0.5081988573074341,
2591.01,229285649,train,0,FP,0.5957215428352356,
2598.01,12036590,train,0,FP,0.5076623558998108,
260.01,37749396,train,1,CP,0.49253106117248535,
2603.01,176772671,train,0,FP,0.3805479109287262,
2607.01,149539158,train,0,FA,0.48221397399902344,
261.01,63898957,train,1,CP,0.5423702001571655,
261.02,63898957,train,1,CP,0.5423702001571655,
2610.01,268914377,train,0,FP,0.4036203920841217,
2611.01,234282389,train,0,FA,0.457933247089386,
262.01,70513361,train,1,CP,0.48023396730422974,
263.01,120916706,train,1,CP,0.4990726113319397,
2641.01,162802770,train,1,CP,0.4938606321811676,
266.01,164767175,train,1,CP,0.49808913469314575,
266.02,164767175,train,1,CP,0.49808913469314575,
2664.01,277871306,train,0,FP,0.49391406774520874,
2667.01,348684813,train,0,FP,0.39248162508010864,
2669.01,348835438,train,1,CP,0.620630145072937,
2671.01,190081497,train,0,FP,0.5248585939407349,
269.01,220479565,train,1,CP,0.5376036763191223,
270.01,259377017,train,1,CP,0.589335560798645,
270.02,259377017,train,1,CP,0.589335560798645,
270.03,259377017,train,1,CP,0.589335560798645,
2719.01,176314383,train,1,CP,0.4707644283771515,
273.01,279740441,train,0,FP,0.4592438042163849,
2736.01,91869778,train,0,FP,0.47307687997817993,
274.01,281979481,train,0,FP,0.45432186126708984,
2743.01,280212554,train,0,FP,0.47479555010795593,
2744.01,279989567,train,0,FP,0.48055529594421387,
2754.01,148233571,train,0,FP,0.3787253797054291,
2759.01,134315574,train,0,FP,0.47982820868492126,
276.01,382188882,train,0,FP,0.5036662817001343,
2760.01,130611752,train,0,FP,0.4808640480041504,
277.01,439456714,train,1,CP,0.5096559524536133,
2771.01,437893926,train,0,FP,0.41717585921287537,
2779.01,319735319,train,0,FP,0.5060071349143982,
2784.01,302766000,train,0,FP,0.5124700665473938,
2789.01,251209368,train,0,FP,0.4791059195995331,
2796.01,220076110,train,1,CP,0.47907504439353943,
2803.01,124379043,train,1,CP,0.4405873119831085,
2812.01,105801221,train,0,FP,0.47946956753730774,
2816.01,131581522,train,0,FP,0.4005134701728821,
2818.01,151483286,train,1,CP,0.4675561785697937,
282.01,29781292,validation,1,CP,0.5101616978645325,0.6046960238048805
282.02,29781292,validation,0,FA,0.5101616978645325,0.6046960238048805
282.03,29781292,validation,1,CP,0.5101616978645325,0.6046960238048805
282.04,29781292,validation,1,CP,0.5101616978645325,0.6046960238048805
2828.01,268042363,train,0,FP,0.4699684679508209,
2829.01,114103134,train,0,FP,0.4657004773616791,
283.01,382626661,train,1,CP,0.5118448734283447,
2835.01,98286422,train,0,FP,0.4731749892234802,
2838.01,81231810,train,0,FP,0.49512243270874023,
2839.01,182470056,train,0,FP,0.47774866223335266,
284.01,277103955,train,0,FP,0.4308203458786011,
2842.01,178162579,train,1,CP,0.3958747386932373,
2844.01,387342052,train,1,CP,0.4922385811805725,
2845.01,177612321,train,0,FP,0.5101900100708008,
2848.01,285524410,train,0,FP,0.4940861165523529,
2855.01,437156845,train,0,FP,0.4812750220298767,
2856.01,172630205,train,0,FP,0.2954976558685303,
286.01,150030205,train,1,CP,0.4981272220611572,
286.02,150030205,train,1,CP,0.4981272220611572,
2863.01,412257781,train,0,FP,0.5073234438896179,
2871.01,155807906,train,0,FP,0.05276808887720108,
2872.01,151930063,train,0,FP,0.5186852812767029,
2874.01,123106490,train,0,FP,0.47914576530456543,
2878.01,4999813,train,0,FP,0.4504339098930359,
2879.01,146836153,train,0,FP,0.47003060579299927,
290.01,201233610,train,0,FP,0.5377949476242065,
2902.01,290302097,train,0,FP,0.5007213354110718,
291.01,49710555,train,0,FP,0.35016748309135437,
2933.01,29336129,train,0,FP,0.4764115512371063,
2936.01,22020459,train,0,FP,0.49626290798187256,
294.01,188570092,train,1,CP,0.48717132210731506,
2944.01,340700241,train,0,FP,0.4943239390850067,
2947.01,374847873,train,0,FP,0.365628719329834,
2951.01,304025075,train,0,FP,0.3439336121082306,
2953.01,469184909,train,0,FP,0.32217222452163696,
2958.01,463203560,train,0,FP,0.47045132517814636,
2959.01,462162963,train,0,FP,0.3587827682495117,
2963.01,441334829,train,0,FP,0.4218073785305023,
2967.01,103245940,train,0,FP,0.4827505648136139,
297.01,115242351,train,0,FP,0.36547020077705383,
2977.01,361343239,train,1,CP,0.5073139667510986,
2981.01,287145649,train,1,CP,0.4823282063007355,
2987.01,141631253,train,0,FP,0.39702847599983215,
2999.01,34505005,train,0,FP,0.4924055337905884,
3001.01,468977648,train,0,FP,0.47527891397476196,
3004.01,400395395,train,0,FP,0.48779404163360596,
3005.01,386297468,train,0,FP,0.5018647313117981,
3011.01,356461227,train,0,FP,0.4590475261211395,
3018.01,45684223,train,0,FP,0.4190046787261963,
3023.01,454248975,train,1,CP,0.49220964312553406,
304.01,262530873,train,0,FP,0.4789755940437317,
3044.01,357538688,train,0,FP,0.39231300354003906,
3049.01,303867090,train,0,FP,0.42693471908569336,
3059.01,464067218,train,0,FP,0.35014608502388,
3060.01,463681005,train,0,FP,0.49084293842315674,
3071.01,452006073,train,1,CP,0.33285805583000183,
3078.01,443042089,train,0,FP,0.36973661184310913,
3082.01,428699140,train,1,CP,0.5474261045455933,
3085.01,376740324,train,0,FP,0.4893336296081543,
3109.01,120723776,train,0,FP,0.3695911765098572,
3110.01,104022675,train,0,FP,0.497073233127594,
3122.01,61117473,train,0,FP,0.5318940281867981,
3146.01,360816293,train,0,FP,0.42345261573791504,
315.01,66356824,train,0,FP,0.408427357673645,
3153.01,466318137,train,0,FP,0.40820378065109253,
3159.01,449549170,train,0,FP,0.32870590686798096,
3165.01,419858461,train,0,FP,0.5155792832374573,
3174.01,392112968,train,0,FP,0.31769856810569763,
3176.01,389999924,train,0,FP,0.49571147561073303,
3181.01,372596796,train,0,FP,0.44788163900375366,
3189.01,361998994,train,0,FP,0.47135666012763977,
320.01,188593930,train,0,FP,0.4607089161872864,
3205.01,322862882,train,0,FP,0.4681927561759949,
3216.01,306547699,train,0,FP,0.49790075421333313,
3217.01,309436531,train,0,FP,0.3766881823539734,
3218.01,305739565,train,1,CP,0.39517882466316223,
3220.01,304950588,train,0,FP,0.41666582226753235,
3221.01,303883880,train,0,FP,0.4661611020565033,
3235.01,243641947,train,1,CP,0.45024463534355164,
3261.01,358070912,train,1,CP,0.4816214144229889,
329.01,169765334,train,1,CP,0.5287474393844604,
3290.01,31697707,train,0,FP,0.502366304397583,
3306.01,369861731,train,0,FP,0.39052993059158325,
331.01,262531275,train,0,FP,0.38202279806137085,
3311.01,337274055,train,0,FP,0.5432493090629578,
3313.01,327210623,train,0,FP,0.49421823024749756,
3319.01,310267134,train,0,FP,0.39003705978393555,
332.01,139285832,train,1,CP,0.5426249504089355,
3321.01,306648160,train,1,CP,0.5490435361862183,
333.01,224245334,train,1,CP,0.5403180718421936,
3331.01,194795551,train,1,CP,0.33134356141090393,
3332.01,194179013,train,0,FP,0.4946821331977844,
3343.01,58046864,train,0,FP,0.4663351774215698,
3347.01,131581531,train,0,FP,0.5112019181251526,
3353.01,391903064,train,1,CP,0.5178739428520203,
3357.01,412259468,train,0,FP,0.47259560227394104,
3358.01,146244533,train,0,FP,0.5186907649040222,
336.01,55452495,train,0,FP,0.465745210647583,
3362.01,464300749,train,1,CP,0.5114914774894714,
3364.01,280655495,train,1,CP,0.617604672908783,
3379.01,130191319,train,0,FP,0.5207992196083069,
3381.01,129881395,train,0,FP,0.4809618592262268,
3385.01,175079720,train,0,FP,0.4778619110584259,
3389.01,419419534,train,0,FP,0.49395951628685,
3408.01,7904580,train,0,FP,0.4890606701374054,
342.01,415969574,train,0,FP,0.36696383357048035,
3435.01,238162973,train,0,FP,0.5209856629371643,
349.01,382474101,train,0,FP,0.5280248522758484,
3503.01,459850897,train,0,FP,0.3899092674255371,
3504.01,117689799,train,0,FP,0.45655399560928345,
3507.01,86451883,train,0,FP,0.5328570604324341,
3508.01,278968371,train,0,FP,0.4641890823841095,
3512.01,40779013,train,0,FP,0.4860798120498657,
3524.01,106224626,train,0,FP,0.47156402468681335,
3525.01,373576942,train,0,FP,0.43414559960365295,
3526.01,89876424,train,0,FP,0.3774415850639343,
3528.01,67247610,train,0,FP,0.4055374264717102,
3536.01,27844066,train,0,FP,0.45113787055015564,
3537.01,294599100,train,0,FP,0.4783160388469696,
3540.01,17865622,train,1,CP,0.3614124655723572,
3541.01,291147951,train,0,FP,0.39095500111579895,
3542.01,16187321,train,0,FP,0.49801939725875854,
3548.01,271167979,validation,0,FP,0.18852967023849487,0.2872619691397103
3549.01,269269740,train,0,FP,0.47870150208473206,
3557.01,271042173,validation,0,FP,0.3172846734523773,0.24122901132573393
3561.01,172754786,validation,0,FP,0.6268267631530762,0.7076150826896294
3562.01,193708920,validation,0,FP,0.12035613507032394,0.15664563133673878
3565.01,1965256662,validation,0,FP,0.7018032670021057,0.735906813671225
3566.01,169187982,validation,0,FP,0.4590439796447754,0.29164087675146205
3568.01,160390955,validation,1,CP,0.7154760956764221,0.6954508035398346
357.01,220016044,train,0,FP,0.44738420844078064,
3572.01,1976308113,validation,0,FP,0.3547205924987793,0.298303957267016
3577.01,396133015,validation,1,CP,0.5461470484733582,0.38515512662687107
3578.01,358186451,validation,0,FP,0.5020853281021118,0.4634914098188184
3580.01,305478010,validation,0,FP,0.2986643314361572,0.22220136843360097
3581.01,295413003,validation,0,FP,0.24275340139865875,0.203825473788811
360.01,13023738,train,0,FP,0.40718382596969604,
3608.01,267867517,validation,0,FP,0.47331055998802185,0.37031080102783276
3610.01,267484653,validation,0,FP,0.31202232837677,0.3435832040231547
3614.01,233831759,validation,0,FA,0.47671884298324585,0.4028077497244428
3621.01,435861696,validation,0,FP,0.4834105670452118,0.35150052576458507
3626.01,398912927,validation,0,FP,0.39655354619026184,0.5948657183046112
3627.01,1979500576,validation,0,FP,0.5333623886108398,0.47710061574637286
3629.01,455784423,validation,1,CP,0.5781151056289673,0.4625924169571952
3631.01,429414530,validation,0,FP,0.5333623886108398,0.47710061574637286
3634.01,80478272,validation,0,FP,0.5529940128326416,0.38887082844114607
3643.01,453230066,validation,0,FP,0.3960632383823395,0.3964822957609795
3658.01,71854732,validation,0,FP,0.29814431071281433,0.22284070352870508
3659.01,374778982,validation,0,FP,0.2868315577507019,0.21767943555950933
3663.01,354151219,validation,0,FP,0.2887376844882965,0.22612790121255139
367.01,9033144,train,0,FP,0.49615249037742615,
3677.01,458876004,validation,0,FP,0.4129372835159302,0.29897522112090974
3678.01,34551972,validation,0,FP,0.6776014566421509,0.4729935269652389
368.01,77031413,train,0,FP,0.3486536741256714,
3684.01,28873762,validation,0,FP,0.5433803200721741,0.39547900805162284
3688.01,245509452,validation,1,CP,0.5482965707778931,0.4376399854627488
3693.01,240823272,validation,1,CP,0.5488414764404297,0.4335341562094765
3712.01,354442783,validation,0,FP,0.30675795674324036,0.24251198387132555
3714.01,155867025,validation,1,CP,0.5465338826179504,0.3631270221933424
3725.01,339250695,validation,0,FP,0.5776752829551697,0.588414470634012
3728.01,116257066,validation,0,FP,0.49316683411598206,0.37562688358295
373.01,9032368,train,0,FP,0.43900662660598755,
3733.01,321436679,validation,0,FP,0.17954708635807037,0.19128044523592108
3740.01,87597187,validation,0,FA,0.30172890424728394,0.23518846720771888
3742.01,286696848,validation,0,FP,0.5734677314758301,0.561553927111108
3746.01,284747017,validation,0,FP,0.22712577879428864,0.22273043970267922
3753.01,467783290,validation,0,FP,0.7176333069801331,0.7717671607967012
3755.01,281196902,validation,1,CP,0.554240345954895,0.5332302182091693
3757.01,445751830,validation,1,CP,0.5347822308540344,0.36904224303701827
3759.01,27244707,validation,0,FP,0.23597443103790283,0.19240926573595168
3766.01,9830791,validation,0,FP,0.5271407961845398,0.6636358118577766
3781.01,470974162,validation,0,FP,0.42459267377853394,0.2969084900187527
3785.01,458419328,validation,1,CP,0.4051169753074646,0.3057444742161929
379.01,220396259,train,0,FP,0.47126737236976624,
3790.01,29117085,validation,0,FP,0.6231445670127869,0.5276820533625525
3794.01,416539317,validation,0,FA,0.5792622566223145,0.6978668997158203
3795.01,253030300,validation,0,FP,0.30370721220970154,0.2939367361061223
3796.01,393251073,validation,0,FP,0.5885294079780579,0.46580492597588463
3799.01,373614579,validation,0,FP,0.5490438938140869,0.42071285465741337
3807.01,289661991,validation,1,CP,0.5118841528892517,0.3746043488307793
3808.01,138497780,validation,0,FP,0.35385942459106445,0.298897608633347
381.01,207084429,train,0,FP,0.3692834675312042,
3810.01,239136269,validation,0,FP,0.6348366141319275,0.7348651945457694
3819.01,95660472,validation,1,CP,0.433673232793808,0.3425295851252444
382.01,229091748,train,0,FP,0.48787921667099,
3824.01,71134735,validation,0,FA,0.31604504585266113,0.25149297344165233
3825.01,39077574,validation,0,FP,0.5099148750305176,0.4413364264765921
3827.01,8677530,validation,0,FA,0.44891422986984253,0.2943637697217887
383.01,167418898,train,0,FP,0.5031640529632568,
3837.01,308073360,validation,1,CP,0.6244282722473145,0.5116641083060943
384.01,155995204,train,0,FP,0.4967701733112335,
3843.01,841226527,validation,0,FP,0.5095729827880859,0.5492519152965151
3845.01,156816238,validation,0,FP,0.3527200520038605,0.2510146228396524
385.01,300810086,train,0,FP,0.45636650919914246,
3862.01,141205978,validation,1,CP,0.15776216983795166,0.22590402302111437
3864.01,1001477809,validation,0,FP,0.6263793110847473,0.7297831147525394
387.01,92359850,train,0,FP,0.4876250624656677,
3883.01,99330090,validation,0,FP,0.5273820161819458,0.3994475591045678
3884.01,86263325,validation,1,CP,0.5318334698677063,0.37003230024111006
3885.01,55748194,validation,0,FA,0.5395512580871582,0.41654030391957686
389.01,271900960,train,0,FP,0.5076887011528015,
3890.01,18017227,validation,0,FP,0.1598205715417862,0.17509013075648291
3894.01,165464482,validation,1,CP,0.7839478850364685,0.6591087687299
390.01,250386181,train,0,FP,0.3592885732650757,
3912.01,156648452,validation,1,CP,0.33949944376945496,0.2478518396922409
3914.01,139118482,validation,0,FP,0.5968076586723328,0.4179722708735447
3917.01,68035558,validation,0,FA,0.5781662464141846,0.5839157538830588
3919.01,23769326,validation,1,CP,0.6089252233505249,0.5402781120138462
3920.01,2016376984,validation,0,FA,0.2665615975856781,0.24875212314849893
3921.01,1101909431,validation,0,FP,0.5585682988166809,0.4913943083910351
3924.01,456042145,validation,0,FP,0.2369500696659088,0.20106263203594496
393.01,29960109,train,0,FP,0.4705207645893097,
3948.01,335489455,validation,0,FP,0.40408897399902344,0.6140021689981028
3957.01,305550963,validation,0,FP,0.3599803149700165,0.3405676063116621
396.01,178155732,train,1,CP,0.5217552185058594,
396.02,178155732,train,1,CP,0.5217552185058594,
396.03,178155732,train,1,CP,0.5217552185058594,
3963.01,271439193,validation,0,FP,0.519978404045105,0.6338918875962816
3964.01,270435047,validation,0,FA,0.4522477686405182,0.4906468099513998
397.01,219379012,train,0,FP,0.4999338388442993,
3975.01,155947004,validation,0,FP,0.3875553011894226,0.34704662597231406
3981.01,312548415,validation,0,FP,0.5808631181716919,0.7042815810941258
3983.01,20303110,validation,0,FA,0.5565587282180786,0.38509357422800167
3984.01,20182780,validation,1,CP,0.7389614582061768,0.7360156827427851
3986.01,470911286,validation,0,FP,0.29436302185058594,0.5093152464104213
3989.01,444413256,validation,0,FP,0.30727601051330566,0.2459122924042031
399.01,219388773,train,0,FP,0.5449870228767395,
3996.01,347011522,validation,0,FP,0.42288869619369507,0.41038343337994304
3999.01,284528889,validation,0,FP,0.5106756687164307,0.4725879517985774
4000.01,283015592,validation,0,FP,0.4672195315361023,0.3521267796801812
4002.01,83053699,validation,0,FP,0.6394866704940796,0.7296680140032311
4005.01,395773226,validation,0,FP,0.32778239250183105,0.23238166955046874
4006.01,390048041,validation,0,FA,0.49360013008117676,0.39642231781409887
4008.01,379629854,validation,0,FP,0.515022337436676,0.656359261501782
401.01,259701242,train,0,FP,0.5837646126747131,
4010.01,352682207,validation,1,CP,0.4085829257965088,0.31723610341712627
4010.02,352682207,validation,1,CP,0.4085829257965088,0.31723610341712627
4010.03,352682207,validation,1,CP,0.4085829257965088,0.31723610341712627
4019.01,284305328,validation,0,FP,0.31729960441589355,0.24816000751950654
402.01,120896927,train,1,CP,0.5358536839485168,
402.02,120896927,train,1,CP,0.5358536839485168,
4020.01,10974783,validation,0,FA,0.46386823058128357,0.33395646623262293
4036.01,367913453,validation,0,FP,0.42429035902023315,0.38464522224171793
4037.01,367287018,validation,0,FP,0.6137841939926147,0.7137374667269201
4044.01,307956396,validation,0,FP,0.5839441418647766,0.5167225660377557
4048.01,279605855,validation,0,FP,0.27156901359558105,0.5515213681401753
405.01,176984236,train,0,FP,0.4833352565765381,
4051.01,237101326,validation,0,FP,0.3627781271934509,0.39362469707820624
4052.01,236775063,validation,0,FP,0.34982648491859436,0.3067509275662687
4053.01,235684392,validation,0,FP,0.7028272151947021,0.778582114863502
406.01,153065527,validation,1,CP,0.6937064528465271,0.7581566914800155
406.02,153065527,validation,1,CP,0.6937064528465271,0.7581566914800155
4061.01,224601047,validation,0,FA,0.5622507929801941,0.5573795170912645
4067.01,162577466,validation,0,FP,0.2198152244091034,0.22987254423327577
4068.01,159334269,validation,0,FP,0.3626130521297455,0.27820413391729665
408.01,176778112,train,0,FP,0.4861149787902832,
4083.01,399444057,validation,0,FP,0.3459199368953705,0.23951330900899237
4087.01,310002617,validation,1,CP,0.6924477219581604,0.6561184802742996
409.01,167754523,train,0,FP,0.39518842101097107,
4091.01,289316336,validation,0,FP,0.3036840558052063,0.23652674501081716
410.01,206466531,train,0,FP,0.6004918813705444,
4102.01,237235093,validation,0,FP,0.5459636449813843,0.6925861817641821
411.01,100990000,train,1,CP,0.4729982018470764,
411.02,100990000,train,1,CP,0.4729982018470764,
4110.01,230075120,validation,0,FP,0.4655653238296509,0.5705309692999923
4112.01,229976631,validation,0,FA,0.45836296677589417,0.47508485213273977
4116.01,198616607,validation,0,FP,0.23180651664733887,0.24879568612410333
412.01,7624182,train,0,FP,0.4831220209598541,
4126.01,141616639,validation,0,FP,0.4983217716217041,0.636144062620442
4127.01,141488193,validation,1,CP,0.6654266715049744,0.7380493824235035
4130.01,71396541,validation,0,FP,0.41822728514671326,0.4031361024628881
4134.01,420803693,validation,0,FP,0.43560752272605896,0.48599149857707297
4135.01,288471040,validation,0,FP,0.4996575117111206,0.6534516567833221
4137.01,417646390,validation,1,CP,0.5709907412528992,0.48287722501089925
4138.01,257060897,validation,1,CP,0.5282314419746399,0.44319915289914674
4139.01,408729765,validation,0,FP,0.4331572949886322,0.40373424447079276
414.01,325680697,train,0,FP,0.41904765367507935,
4143.01,371711170,validation,0,FP,0.2601342499256134,0.3006578677030697
4145.01,279947414,validation,1,CP,0.7334493398666382,0.7902046936616354
4148.01,137157546,validation,0,FP,0.4424422085285187,0.39707061308035296
4153.01,470171739,validation,1,CP,0.7615130543708801,0.564550291519704
4155.01,467331291,validation,1,CP,0.6055966019630432,0.7259975741737847
4157.01,461538935,validation,0,FP,0.5387526154518127,0.44790385890334616
416.01,49899799,train,0,FP,0.5473979115486145,
4167.01,377165123,validation,0,FP,0.6853566765785217,0.7708554934787225
417.01,339733013,train,0,FP,0.5044642686843872,
4178.01,289988797,validation,0,FP,0.6042370796203613,0.4895864646822196
4181.01,426017070,validation,0,FP,0.7467120289802551,0.6609625755529686
4184.01,394357918,validation,1,CP,0.6106575131416321,0.7179728571650408
4188.01,424747720,validation,0,FP,0.6978462934494019,0.7678084109962141
419.01,279251651,train,0,FP,0.47841373085975647,
420.01,408159788,train,0,FP,0.4882485568523407,
4201.01,95057860,validation,1,CP,0.5798081755638123,0.39638522063745246
421.01,94986319,validation,1,CP,0.6549229621887207,0.5962292772181783
421.02,94986319,validation,1,CP,0.6549229621887207,0.5962292772181783
4217.01,108939482,validation,0,FP,0.1395702362060547,0.15987511518350062
4233.01,113295476,validation,0,FP,0.36325523257255554,0.3190678611979518
4235.01,157528286,validation,0,FP,0.2543800175189972,0.20804951162135732
424.01,117979694,train,0,FP,0.4700733721256256,
425.01,169532369,train,0,FP,0.3710910677909851,
4251.01,192520375,validation,0,FP,0.15430249273777008,0.17644933896690257
4255.01,82302240,validation,0,FP,0.4311445653438568,0.40249078556848994
4257.01,75208638,validation,0,FP,0.3505614697933197,0.27492570262925925
4261.01,74197917,validation,0,FP,0.1983528733253479,0.22148121619218944
4263.01,48276576,validation,0,FP,0.5959668755531311,0.7128784517243911
4265.01,118308828,validation,0,FP,0.6633663773536682,0.7577226216647245
4270.01,151920165,validation,1,CP,0.6303825974464417,0.5984235666957143
4275.01,363635669,validation,0,FP,0.31258612871170044,0.26722255700980296
4279.01,407146536,validation,0,FP,0.23328150808811188,0.23105080760067323
4281.01,384386061,validation,0,FP,0.6232708692550659,0.6442829506752636
4292.01,255918903,validation,0,FP,0.2525838017463684,0.19755690717564484
4294.01,30499203,validation,0,FP,0.6502989530563354,0.6126786206809899
4296.01,72668830,validation,0,FA,0.3889405131340027,0.6215317469693474
430.01,459942762,train,0,FP,0.478493869304657,
4306.01,44898913,validation,1,CP,0.363937109708786,0.3747014458234746
4308.01,144193715,validation,1,CP,0.50739586353302,0.6253610361166018
431.01,31374837,train,1,CP,0.5389877557754517,
431.02,31374837,train,1,CP,0.5389877557754517,
4311.01,122617317,validation,1,CP,0.6293798089027405,0.7362624508468586
4311.02,122617317,validation,1,CP,0.6293798089027405,0.7362624508468586
4312.01,251086776,validation,0,FA,0.49254900217056274,0.5032440405900921
4314.01,459952217,validation,0,FA,0.6971826553344727,0.7657384280116005
432.01,38686737,train,0,FP,0.4592285752296448,
4320.01,404518509,validation,1,CP,0.5907130837440491,0.6698313232589418
4320.02,404518509,validation,0,FA,0.5907130837440491,0.6698313232589418
4323.01,143022742,validation,0,FA,0.5607874989509583,0.48609020245667967
4323.02,143022742,validation,0,FA,0.5607874989509583,0.48609020245667967
4329.01,256722647,validation,1,CP,0.468761146068573,0.36639898110260516
433.01,188989177,train,0,FP,0.4629976451396942,
4330.01,47617038,validation,0,FP,0.2392653077840805,0.21724493588476196
4332.01,178959058,validation,0,FP,0.6297719478607178,0.6783483709365933
4335.01,443658196,validation,0,FP,0.3636834919452667,0.2660681557494527
4336.01,166184428,validation,1,CP,0.6194337010383606,0.7364498710926471
4337.01,399642071,validation,0,FP,0.21810725331306458,0.22400766173511052
4339.01,7439481,validation,0,FP,0.18993966281414032,0.2153294460117694
4341.01,62301521,validation,0,FA,0.49663910269737244,0.639896863365973
4342.01,354944123,validation,1,CP,0.4932982623577118,0.5224926127021594
4342.02,354944123,validation,1,CP,0.4932982623577118,0.5224926127021594
4346.01,389371332,validation,0,FP,0.5244866609573364,0.6669574441815035
4357.01,300011941,validation,0,FP,0.4655187129974365,0.670047404680331
4359.01,133505138,validation,0,FP,0.30470284819602966,0.25352672761289746
436.01,44745077,train,0,FP,0.5108957290649414,
4364.01,4070275,validation,1,CP,0.6535221934318542,0.727494966969528
4367.01,313675203,validation,0,FP,0.26485538482666016,0.46806767997662957
4368.01,314724818,validation,0,FP,0.3538500964641571,0.2825528173846845
4377.01,394918211,validation,1,CP,0.12738345563411713,0.21364718453146417
4379.01,97766057,validation,1,CP,0.8392012715339661,0.8296143291471798
4383.01,384744828,validation,0,FP,0.46361008286476135,0.31640693581683926
4394.01,341805908,validation,0,FP,0.2855129837989807,0.24583330024502875
4397.01,107728509,validation,0,FP,0.32597848773002625,0.3043651003664803
4399.01,464646604,validation,1,CP,0.3031078279018402,0.4985244024154219
440.01,143350972,train,0,FP,0.5035397410392761,
4406.01,206541859,validation,1,CP,0.6304510235786438,0.6592552109911716
441.01,316916655,train,0,FP,0.5181264281272888,
4412.01,35315453,validation,0,FP,0.5617889165878296,0.6582413126487286
4414.01,1405997635,validation,0,FP,0.14512601494789124,0.16273171500580794
442.01,70899085,train,1,CP,0.49497169256210327,
4421.01,141412823,validation,0,FP,0.6100857853889465,0.7164345701621389
4433.01,158551257,validation,0,FP,0.18513701856136322,0.27838767142374066
4438.01,22233480,validation,1,CP,0.5389395952224731,0.4672642310742169
444.01,179034327,train,1,CP,0.5132526159286499,
4443.01,158241252,validation,1,CP,0.554321825504303,0.7085749168586277
4453.01,243333538,validation,0,FP,0.7214143872261047,0.6510341955704413
4461.01,149282072,validation,0,FP,0.5810681581497192,0.7033316940089614
4462.01,76420654,validation,1,CP,0.4669039845466614,0.6453845491481105
4463.01,8599009,validation,1,CP,0.48837822675704956,0.329982763459916
4477.01,64531556,validation,0,FP,0.6407908201217651,0.5677185495342003
4479.01,126606859,validation,1,CP,0.5929295420646667,0.7136190322493303
448.01,1528696,train,1,CP,0.4715859293937683,
4481.01,239332587,validation,1,CP,0.10291839390993118,0.3304898285249863
4491.01,193336820,validation,1,CP,0.5196993947029114,0.5093394880670784
4492.01,298297931,validation,1,CP,0.5993552207946777,0.39555632539925817
4495.01,120826158,validation,1,CP,0.42206960916519165,0.3582029949142217
4498.01,305943739,validation,0,FP,0.28952863812446594,0.2218137054561399
4500.01,406190563,validation,0,FP,0.2048860341310501,0.21932502306633112
4502.01,239372503,validation,0,FP,0.3136204183101654,0.411754270218816
4504.01,349972412,validation,1,CP,0.5385322570800781,0.6532028140667747
4504.02,349972412,validation,1,CP,0.5385322570800781,0.6532028140667747
4507.01,179582003,validation,1,CP,0.13827547430992126,0.7975495315693704
451.01,257605131,validation,1,CP,0.5211756825447083,0.6485830699458104
451.02,257605131,validation,1,CP,0.5211756825447083,0.6485830699458104
451.03,257605131,validation,1,CP,0.5211756825447083,0.6485830699458104
4515.01,456862677,validation,1,CP,0.5078277587890625,0.5026615977254114
4522.01,369480087,validation,0,FP,0.488252192735672,0.42532966662639987
4524.01,333657795,validation,1,CP,0.6738151907920837,0.7485038779340818
4527.01,380887434,validation,1,CP,0.5646966099739075,0.7019790018094207
4528.01,376981340,validation,0,FA,0.5582647323608398,0.3893217824537919
4529.01,384888319,validation,1,CP,0.4788920283317566,0.5981995157776032
455.01,98796344,train,1,CP,0.3323184847831726,
4551.01,204650483,validation,1,CP,0.49531444907188416,0.6325932949288963
4552.01,248250955,validation,1,CP,0.7035829424858093,0.7652325959400076
4559.01,271169413,validation,1,CP,0.6616256237030029,0.7235070379920484
456.01,77228304,train,0,FP,0.5183677077293396,
4562.01,349576261,validation,1,CP,0.5955406427383423,0.6981446326949458
4564.01,400786146,validation,0,FP,0.5229983329772949,0.5899791016785553
4569.01,149126400,validation,0,FP,0.5489311814308167,0.6877996629932712
4582.01,219854519,validation,1,CP,0.455719530582428,0.6222503847986687
4583.01,103604037,validation,0,FA,0.5095729827880859,0.5492519152965151
4591.01,356868487,validation,0,FP,0.5366138815879822,0.6965072550175128
4594.01,158555987,validation,0,FP,0.5155342817306519,0.6698833969135033
4599.01,307809773,validation,1,CP,0.7806923985481262,0.7893998338134477
4599.02,307809773,validation,1,CP,0.7806923985481262,0.7893998338134477
460.01,9804616,train,0,FP,0.47912946343421936,
4600.01,232608943,test,1,CP,0.5070706605911255,0.5951047273816992
4600.02,232608943,test,1,CP,0.5070706605911255,0.5951047273816992
4602.01,467651916,validation,1,CP,0.7333978414535522,0.7676492836682245
4603.01,437856897,validation,1,CP,0.4594022035598755,0.37958032235854605
4605.01,19155785,validation,0,FP,0.3901726305484772,0.30495124005492635
461.01,4646810,train,1,CP,0.5100693106651306,
4610.01,1950736,validation,0,FP,0.2862948179244995,0.22793761582295777
4616.01,258796169,validation,1,CP,0.610692024230957,0.670316801397041
4627.01,89702406,validation,0,FP,0.3618547022342682,0.5627527238401069
463.01,176831592,train,0,FP,0.4663883447647095,
4633.01,307958020,validation,1,CP,0.35417699813842773,0.5144906276627293
4634.01,17150865,validation,0,FP,0.5621147155761719,0.5232865338127429
4635.01,337129672,validation,0,FP,0.2468537539243698,0.33339218329323167
4636.01,405484221,validation,0,FP,0.6254198551177979,0.714168232096341
4638.01,58824746,validation,1,CP,0.623085618019104,0.6894134134654651
464.01,398733009,train,0,FP,0.4695430397987366,
4641.01,436873727,validation,1,CP,0.587824821472168,0.6436947671507756
4666.01,165202476,validation,1,CP,0.5676386952400208,0.3777214708921361
4668.01,142938659,validation,0,FP,0.1411474049091339,0.1627503598974377
467.01,20178111,train,0,FP,0.4777699410915375,
469.01,33692729,train,1,CP,0.5119559168815613,
470.01,37770169,train,1,CP,0.4429319202899933,
4737.01,142532090,validation,1,CP,0.34505078196525574,0.3090018974534527
4738.01,247873937,validation,0,FP,0.47221410274505615,0.32899670375087675
4759.01,49705089,validation,1,CP,0.3293556272983551,0.30534693276831704
478.01,172464366,train,0,FP,0.3906710743904114,
4791.01,100389539,validation,1,CP,0.6270503401756287,0.42450162517578527
480.01,317548889,train,1,CP,0.5202898383140564,
481.01,339672028,train,1,CP,0.5232402086257935,
4817.01,60074373,validation,0,FP,0.3006516396999359,0.22528435350125148
482.01,365639282,train,0,FP,0.49519258737564087,
4827.01,332630868,validation,0,FP,0.7050290107727051,0.5237343717678882
4829.01,268439377,validation,0,FP,0.4274527430534363,0.30597468314591236
4838.01,374200604,validation,0,FP,0.5592264533042908,0.6879181718632594
484.01,427348923,train,0,FP,0.4874228537082672,
4840.01,80029842,validation,0,FP,0.5697962641716003,0.6840842718077625
4846.01,418971787,validation,0,FP,0.13072046637535095,0.16041401654064483
4849.01,132534906,validation,0,FP,0.26705294847488403,0.21490183870544033
485.01,427352241,train,0,FP,0.36480632424354553,
4856.01,428685938,validation,0,FP,0.6124805212020874,0.47845162239692834
4858.01,262499797,test,0,FP,0.6794818043708801,0.5051535585785871
486.01,260708537,train,1,CP,0.47891685366630554,
4860.01,335590096,test,1,CP,0.32477930188179016,0.29401357903904085
4863.01,143032776,test,0,FP,0.5477831363677979,0.438286065408777
4879.01,45465399,test,0,FP,0.43629762530326843,0.6314207286048192
488.01,452866790,train,1,CP,0.5239391326904297,
4886.01,457743020,test,0,FP,0.45108842849731445,0.31966079388528185
4902.01,358072664,test,0,FP,0.28994977474212646,0.23743549409235032
4914.01,49254857,test,1,CP,0.5886448621749878,0.47919410628285425
4940.01,237929468,test,1,CP,0.6539245843887329,0.7102033268523242
4948.01,160476088,test,0,FP,0.24683411419391632,0.22871156359082448
497.01,108645766,train,0,FP,0.3803425431251526,
4985.01,294315741,test,0,FP,0.34909188747406006,0.26140768003306497
4987.01,293607057,test,1,CP,0.49675750732421875,0.4616442975991734
4994.01,277128619,test,1,CP,0.6468633413314819,0.6517589579705041
500.01,134200185,train,1,CP,0.5283733606338501,
5005.01,282485660,test,1,CP,0.6305270195007324,0.6396111631026696
5007.01,424196109,test,1,CP,0.39150023460388184,0.3006830149348706
5016.01,68322189,test,0,FP,0.21313819289207458,0.19085931502029516
5027.01,361711730,test,1,CP,0.6196558475494385,0.5004357751595057
503.01,186812530,train,1,CP,0.5204198360443115,
504.01,219164808,train,0,FP,0.5287925004959106,
5055.01,407146538,test,0,FP,0.5758101344108582,0.6024747198388789
506.01,274138511,train,0,FP,0.4920794367790222,
5070.01,319968129,test,0,FP,0.4366644620895386,0.33379847449204275
5075.01,23113034,test,0,FP,0.4875205457210541,0.4601627322064872
5076.01,303432813,test,1,CP,0.6571599841117859,0.6787637342986789
5079.01,69672493,test,0,FP,0.23395860195159912,0.20129181517714154
5082.01,437011608,test,1,CP,0.613633394241333,0.6881963640344172
509.01,453211454,train,1,CP,0.4957257807254791,
509.02,453211454,train,1,CP,0.4957257807254791,
5107.01,97735297,test,0,FP,0.5362794995307922,0.4717982863103507
5108.01,350348197,test,1,CP,0.6048260927200317,0.4409076878899787
5110.01,239977528,test,1,CP,0.8623510003089905,0.825959638872304
5119.01,75427473,test,0,FP,0.20493021607398987,0.19570964469157517
512.01,119292328,train,1,CP,0.5355415344238281,
5124.01,306902029,test,0,FP,0.27140745520591736,0.26460356305934835
5126.01,27064468,test,1,CP,0.40424835681915283,0.32013025507898274
5126.02,27064468,test,1,CP,0.40424835681915283,0.32013025507898274
513.01,431999925,train,0,FP,0.43766099214553833,
5133.01,312221462,test,0,FP,0.718708336353302,0.7450868138491666
5134.01,95010343,test,0,FP,0.4174369275569916,0.32480337339712584
5135.01,172110606,test,0,FP,0.2715189754962921,0.2630264071214156
515.01,366622912,train,1,CP,0.3977423906326294,
5150.01,40954422,test,0,FP,0.1285891979932785,0.19714610992570636
5152.01,257527578,test,1,CP,0.3257739841938019,0.23601896549543785
5153.01,124029677,test,1,CP,0.6795017123222351,0.7021004136052127
517.01,308307606,train,0,FP,0.5474328994750977,
5174.01,49428710,test,1,CP,0.6454914212226868,0.7439436609194354
5184.01,28643432,test,0,FP,0.2034558653831482,0.20749526830346077
5189.01,408549705,test,0,FP,0.5944643020629883,0.5280661308898855
519.01,218795833,train,1,CP,0.249830424785614,
5198.01,193628179,test,0,FP,0.4264570474624634,0.31050880712933826
5199.01,298049015,test,0,FP,0.2500787377357483,0.20355126342907814
5205.01,419411415,test,1,CP,0.5987157225608826,0.37400956342543623
521.01,27649847,train,1,CP,0.5358365178108215,
5212.01,424699834,test,0,FP,0.4646390974521637,0.41421291602649873
5218.01,259172249,test,1,CP,0.38494235277175903,0.38619890188563044
522.01,19451711,train,0,FA,0.5452544093132019,
5226.01,195093356,test,0,FP,0.6439881324768066,0.5289356193096901
523.01,93125144,train,0,FA,0.4765482246875763,
5231.01,105387356,test,0,FP,0.5985713601112366,0.7055583068643734
5232.01,69356857,test,1,CP,0.5313435792922974,0.4155491396660963
5238.01,219016883,test,1,CP,0.3418300747871399,0.2681267574090117
524.01,365690646,train,0,FA,0.5252050757408142,
5240.01,40055053,test,1,CP,0.23686890304088593,0.2215650297946268
5246.01,295807723,test,0,FP,0.12594950199127197,0.23847488240876472
5257.01,185226925,test,0,FP,0.12652836740016937,0.188636230578535
5258.01,147895461,test,0,FP,0.2626844644546509,0.22018280498639856
526.01,200593988,train,0,FP,0.43757545948028564,
5260.01,326347927,test,0,FP,0.3409155607223511,0.3131724850456336
5262.01,274122380,test,0,FP,0.49438849091529846,0.644580512896459
5266.01,312899686,test,0,FP,0.6009300947189331,0.6368483532021314
5268.01,202468443,test,0,FP,0.4968128800392151,0.4873164172669875
5273.01,172871230,test,0,FP,0.25357478857040405,0.23516531014769088
5275.01,219466803,test,0,FP,0.3134325444698334,0.36567021476740547
528.01,403693875,train,0,FP,0.5524293780326843,
5283.01,399956873,test,0,FP,0.5645367503166199,0.4427995432485351
529.01,438490744,train,0,FP,0.47501805424690247,
5293.01,250111245,test,1,CP,0.44387874007225037,0.3051833134405924
5296.01,241102583,test,0,FP,0.45564839243888855,0.30563407586585595
530.01,387690507,train,1,CP,0.44700193405151367,
5301.01,58825110,test,1,CP,0.5025379061698914,0.35340824667978477
5308.01,422653398,test,0,FP,0.5611021518707275,0.4183582087549367
531.01,302895996,train,0,FP,0.4933847188949585,
5319.01,246965431,test,1,CP,0.5570288300514221,0.5987115370417064
532.01,144700903,train,1,CP,0.3495495319366455,
5321.01,243153196,test,0,FP,0.7562320232391357,0.7230016945786841
5344.01,16005254,test,1,CP,0.5057600736618042,0.341339612735618
5349.01,26054627,test,1,CP,0.5606691241264343,0.3741353019988691
5353.01,113919944,test,0,FP,0.22521132230758667,0.21403514075233832
5361.01,366602797,test,0,FP,0.258003830909729,0.21837296102229942
538.01,237751146,train,0,FP,0.4038504958152771,
5381.01,241174783,test,0,FP,0.556327760219574,0.6310298148345483
5388.01,407591297,test,1,CP,0.6129321455955505,0.7070311966603811
5396.01,202428245,test,0,FP,0.5021755695343018,0.6616073806912055
5398.01,8260536,test,1,CP,0.46850377321243286,0.40775594444901875
5398.02,8260536,test,1,CP,0.46850377321243286,0.40775594444901875
540.01,200322593,train,1,CP,0.4918139576911926,
5418.01,115564354,test,0,FP,0.40912678837776184,0.5791232716399598
5424.01,436099179,test,0,FP,0.5318971872329712,0.6148390192066242
543.01,53593457,train,0,FP,0.4966161251068115,
5434.01,307377219,test,0,FP,0.5241877436637878,0.625375946904799
544.01,50618703,train,1,CP,0.4651455581188202,
5440.01,29374525,test,0,FP,0.3199929893016815,0.25145753658427583
5447.01,239722954,test,0,FP,0.5043920278549194,0.6621285149148249
5450.01,6653897,test,0,FP,0.34854552149772644,0.3308139965274545
5456.01,87044036,test,0,FP,0.6442785263061523,0.5404811798091079
5467.01,83275782,test,1,CP,0.35409942269325256,0.2673361252573843
5478.02,95122849,test,0,FP,0.5027634501457214,0.4526928581242005
549.01,32830028,train,0,FP,0.4904710054397583,
5496.01,323658120,test,0,FP,0.4054320454597473,0.37174223090134356
550.01,311183180,train,0,FP,0.28250181674957275,
550.02,311183180,train,0,FP,0.28250181674957275,
5503.01,350044062,test,0,FP,0.4135577976703644,0.3145327770928167
5513.01,184869170,test,0,FP,0.33955734968185425,0.36936131709879994
552.01,44737596,train,1,CP,0.35516396164894104,
553.01,161477033,train,0,FA,0.5614483952522278,
554.01,407966340,test,1,CP,0.41752877831459045,0.36778236649228724
554.02,407966340,test,1,CP,0.41752877831459045,0.36778236649228724
5540.01,456305193,test,0,FP,0.21545028686523438,0.20160537735112732
5542.01,466206508,test,1,CP,0.5721595287322998,0.6677514492089215
5547.01,63013648,test,0,FP,0.6323727369308472,0.6368532073707016
555.01,170849515,train,1,CP,0.49339622259140015,
5557.01,323687123,test,1,CP,0.5647643804550171,0.7105999986885301
556.01,59003115,train,0,FP,0.4379524290561676,
5573.01,459762279,test,1,CP,0.5141358971595764,0.40106889993910816
5574.01,268405086,test,0,FP,0.6327802538871765,0.7017554464082423
5576.01,137543637,test,0,FP,0.36048606038093567,0.2730871566633357
558.01,207110080,train,1,CP,0.5034978985786438,
559.01,209459275,train,1,CP,0.4818305969238281,
560.01,101011575,validation,1,CP,0.6392267346382141,0.647061529047475
560.02,101011575,validation,1,CP,0.6392267346382141,0.647061529047475
561.01,377064495,train,1,CP,0.5746920704841614,
561.02,377064495,train,1,CP,0.5746920704841614,
561.03,377064495,train,1,CP,0.5746920704841614,
5616.01,154220877,test,1,CP,0.2249201089143753,0.19435386579010847
562.01,413248763,train,1,CP,0.5338262319564819,
5621.01,219467837,test,0,FP,0.3170148730278015,0.5811983899591654
5624.01,53498154,test,1,CP,0.6438433527946472,0.7156670691440599
5624.02,53498154,test,1,CP,0.6438433527946472,0.7156670691440599
5624.03,53498154,test,1,CP,0.6438433527946472,0.7156670691440599
5624.04,53498154,test,1,CP,0.6438433527946472,0.7156670691440599
5628.01,135100529,test,1,CP,0.459404319524765,0.3014628240373972
564.01,1003831,train,1,CP,0.38663533329963684,
566.01,1133072,train,0,FP,0.4901951849460602,
5678.01,209464063,test,1,CP,0.7127969264984131,0.7588515149569354
568.01,37575651,train,0,FP,0.548866331577301,
5680.01,368739874,test,1,CP,0.40041691064834595,0.27398773552243927
5688.01,193634953,test,1,CP,0.3037920892238617,0.27089092533992143
569.01,123482865,train,1,CP,0.36718353629112244,
5695.01,103865797,test,0,FP,0.33818569779396057,0.23108595198444218
570.01,126733133,train,0,FP,0.5315621495246887,
5702.01,141985686,test,0,FA,0.22062616050243378,0.20098264576430097
5704.01,148673433,test,1,CP,0.6702476739883423,0.7398623813292592
5713.01,219041246,test,1,CP,0.5605818629264832,0.7133996605050634
5716.01,298074836,test,1,CP,0.5936751365661621,0.6988778838319794
5720.01,230055368,test,1,CP,0.5515740513801575,0.6171917121596837
5726.01,71582156,test,1,CP,0.45495522022247314,0.46019942235203454
5734.01,9989136,test,1,CP,0.6332935094833374,0.6578176172823661
5742.01,258557847,test,0,FP,0.1903405636548996,0.24499140477391876
5746.01,318209162,test,0,FP,0.5929562449455261,0.6518993299868093
5747.01,4918918,test,1,CP,0.21662600338459015,0.20756158700834987
575.01,386435344,train,0,FP,0.5080582499504089,
576.01,408310006,train,1,CP,0.46479541063308716,
5769.01,462715015,test,0,FP,0.3119875490665436,0.2595075999812125
5784.01,302814895,test,0,FP,0.5916972756385803,0.6835238806436696
5786.01,40292751,test,1,CP,0.5374389886856079,0.46950747292442346
5787.01,446616059,test,0,FP,0.2756766676902771,0.21632833670692456
5788.01,42883782,test,1,CP,0.5205841064453125,0.6456446734678114
5788.02,42883782,test,1,CP,0.5205841064453125,0.6456446734678114
5789.01,87216634,test,1,CP,0.6350907683372498,0.5417826020802886
5791.01,110936761,test,0,FP,0.2564333975315094,0.21184574452437516
5795.01,151724385,test,1,CP,0.7557488083839417,0.7579460317357523
5799.01,328081248,test,1,CP,0.5024453997612,0.6606011673646858
5800.01,151759246,test,1,CP,0.5613878965377808,0.6967338757351718
5803.01,466382581,test,1,CP,0.6369085311889648,0.722522394024505
5804.01,303055194,test,0,FP,0.2648305594921112,0.21974928189535103
5806.01,283621618,test,1,CP,0.5488704442977905,0.38064509543692304
581.01,180987952,train,0,FP,0.5015366673469543,
5811.01,331484419,test,0,FP,0.45119234919548035,0.3324185105595219
5817.01,418604868,test,1,CP,0.6040092706680298,0.6689528381753062
582.01,287474726,train,0,FP,0.519073486328125,
5830.01,224418572,test,0,FP,0.31090545654296875,0.22672557522015066
5839.01,355732304,test,0,FP,0.279834121465683,0.22278934084646854
584.01,74482749,train,0,FP,0.46201375126838684,
5850.01,151728428,test,0,FP,0.3422812819480896,0.34973421588958237
5855.01,41422753,test,0,FP,0.4070311188697815,0.29790026185597274
586.01,131979339,train,0,FP,0.5028475522994995,
5862.01,20988926,test,0,FP,0.5032345056533813,0.41542129233442815
5866.01,341297143,test,0,FP,0.34138068556785583,0.26086146534785476
5867.01,380517859,test,0,FP,0.26261696219444275,0.18732890296790128
587.01,294090620,train,0,FP,0.6611059308052063,
5876.01,106114491,test,0,FP,0.49617356061935425,0.4066766436489108
5882.01,232941965,test,1,CP,0.3046932518482208,0.2680079958065298
5886.01,15682927,test,0,FP,0.2600044012069702,0.22351494129057084
5887.01,277987172,test,0,FP,0.4355858564376831,0.3795841575610148
589.01,412961700,train,0,FP,0.2822379767894745,
5892.01,375199523,test,0,FP,0.22866463661193848,0.19931330676640904
590.01,270841724,train,0,FP,0.5292345285415649,
5901.01,294173437,test,0,FP,0.507479727268219,0.42784642961520325
5908.01,452483795,test,0,FP,0.2673008441925049,0.20749078011588823
5910.01,273774284,test,0,FP,0.47140273451805115,0.4848931233084463
5915.01,329709756,test,0,FP,0.7282578349113464,0.5824012927792523
5916.01,305506996,test,1,CP,0.41021469235420227,0.2733088272139298
592.01,196286587,train,0,FP,0.5089168548583984,
5924.01,289125016,test,0,FP,0.4115215241909027,0.309357549035588
593.01,128463355,train,0,FP,0.4750061631202698,
5940.01,296898634,test,0,FP,0.37052640318870544,0.3238091468148192
5942.01,166190643,test,0,FP,0.09756816178560257,0.18831485859106512
595.01,287329267,train,0,FP,0.4747574031352997,
5954.01,297153209,test,0,FP,0.3872610926628113,0.363929509793997
596.01,144956678,train,0,FP,0.48124176263809204,
5962.01,239541449,test,0,FP,0.2343660593032837,0.21782230503389105
5966.01,404610583,test,0,FP,0.5625438094139099,0.39412520327310074
5976.01,348054109,test,0,FP,0.023352015763521194,0.1774943860241246
598.01,81429971,train,0,FP,0.4944612383842468,
599.01,145982812,train,0,FP,0.3453920781612396,
600.01,134396419,train,0,FP,0.40722620487213135,
6000.01,259233660,test,1,CP,0.4804902970790863,0.6574619532984147
6002.01,102734241,test,1,CP,0.5854253172874451,0.6952539874991958
6008.01,286201103,test,1,CP,0.52205491065979,0.6862735839268718
6016.01,327369524,test,1,CP,0.12887223064899445,0.23656597268418914
6019.01,125520907,test,1,CP,0.6072242259979248,0.5369970421344439
6020.01,334597566,test,0,FP,0.6441265344619751,0.626385818661029
6023.01,341444900,test,0,FP,0.5402788519859314,0.6849976123089675
6024.01,56231866,test,0,FP,0.261293888092041,0.22588652876961693
6029.01,419523962,test,1,CP,0.31577426195144653,0.26526457934143555
603.01,262746281,train,1,CP,0.5429010391235352,
6034.01,388076422,test,1,CP,0.4499841034412384,0.44164548709664797
6037.01,352924930,test,0,FP,0.4409440755844116,0.5846959214158696
6038.01,194736418,test,1,CP,0.547421395778656,0.45587250710838045
6039.01,272050287,test,0,FP,0.5703521370887756,0.6637830132862947
604.01,145027461,train,0,FP,0.477323442697525,
6054.01,392681545,test,1,CP,0.6282390356063843,0.6428201027394507
6054.02,392681545,test,1,CP,0.6282390356063843,0.6428201027394507
6069.01,259099556,test,0,FA,0.39610737562179565,0.6589843601917375
607.01,153651591,train,0,FP,0.47382625937461853,
6084.01,294283951,test,0,FP,0.589206874370575,0.7077559994942311
6086.01,18318288,test,1,CP,0.5673381090164185,0.7032361854506435
6096.01,262781201,test,0,FP,0.22318945825099945,0.29903421989049545
610.01,80275202,train,0,FP,0.44389861822128296,
6101.01,19342878,test,1,CP,0.4664538502693176,0.3704707444950725
6109.01,384984325,test,1,CP,0.6061693429946899,0.6798730432842973
6109.02,384984325,test,1,CP,0.6061693429946899,0.6798730432842973
611.01,154459165,train,0,FP,0.5152841210365295,
6116.01,364408162,test,0,FP,0.288100004196167,0.2501930992391637
6128.01,100769500,test,0,FP,0.3791768252849579,0.28437191647049853
6130.01,210083929,test,1,CP,0.478150874376297,0.3297612669940954
6133.01,129107501,test,0,FP,0.6142327189445496,0.39981602246469833
614.01,118021229,train,0,FP,0.46756479144096375,
6143.01,423903685,test,0,FP,0.5725862383842468,0.3823845048184438
6147.01,402740809,test,0,FA,0.31809717416763306,0.2414757606588008
615.01,190496853,train,1,CP,0.3714431822299957,
6152.01,117068362,test,0,FP,0.36402422189712524,0.266638067947998
6157.01,86005116,test,0,FP,0.1523360311985016,0.16596958321267832
6158.01,404456775,test,1,CP,0.6987172365188599,0.6776793845278645
617.01,141227133,train,0,FP,0.463079035282135,
6170.01,51637609,test,1,CP,0.3991623818874359,0.2722364547978638
6172.01,26583436,test,0,FP,0.43568968772888184,0.4098412672917108
6181.01,199162630,test,0,FP,0.4997223913669586,0.3690628018730761
6186.01,345333936,test,0,FP,0.31842172145843506,0.2330597522715681
619.01,267527924,train,0,FP,0.482497900724411,
6196.01,330944099,test,0,FP,0.11181909590959549,0.1868819386651868
620.01,296739893,train,1,CP,0.5260878205299377,
622.01,83092282,train,1,CP,0.4953981041908264,
6223.01,288144647,test,1,CP,0.48036932945251465,0.33004297790380804
623.01,101395259,train,0,FP,0.46148985624313354,
624.01,399870368,train,1,CP,0.4259733557701111,
6242.01,437740083,test,0,FP,0.30778369307518005,0.26223233831690435
625.01,379929661,train,1,CP,0.4734256863594055,
6251.01,52005579,test,1,CP,0.6677290797233582,0.7379774789207331
6255.01,261135533,test,1,CP,0.6024467349052429,0.7029338008353362
626.01,65412605,train,1,CP,0.5459321737289429,
627.01,365781372,train,0,FP,0.3645075261592865,
6275.01,49043968,test,1,CP,0.5329397916793823,0.5557864752907403
6276.01,397362481,test,1,CP,0.62056565284729,0.7376353885553494
6276.02,397362481,test,1,CP,0.62056565284729,0.7376353885553494
628.01,281408474,train,1,CP,0.4281081557273865,
6280.01,370877263,test,0,FP,0.6246477365493774,0.5427859328648519
6286.01,354285962,test,0,FP,0.5409088134765625,0.6840321607669689
629.01,293853437,train,1,CP,0.5123448967933655,
6298.01,285233023,test,0,FP,0.36774149537086487,0.2776422385394145
631.01,97158538,train,0,FP,0.4865626096725464,
632.01,349790953,train,0,FP,0.49689576029777527,
6324.01,372207328,test,1,CP,0.5293879508972168,0.6745808836970477
633.01,348755723,train,0,FP,0.5419905781745911,
634.01,344926234,train,0,FA,0.47614628076553345,
6343.01,256349966,test,0,FP,0.4882526397705078,0.4685026872660726
635.01,286132427,train,0,FA,0.5123997330665588,
6355.01,98613492,test,0,FP,0.5760847330093384,0.5328749383524394
636.01,146463781,train,0,FP,0.4596175253391266,
6377.01,187532854,test,0,FP,0.36927300691604614,0.25366949958257706
638.01,78154865,train,0,FA,0.4996357262134552,
6383.01,328513434,test,1,CP,0.27646228671073914,0.20568947557429387
639.01,82362447,train,0,FP,0.5275182723999023,
6396.01,73244652,test,0,FP,0.6160386204719543,0.6865537739938461
6398.01,353586703,test,0,FP,0.48661476373672485,0.32472940694401026
640.01,147977348,train,1,CP,0.449688196182251,
643.01,432008938,train,0,FP,0.49830660223960876,
644.01,63303499,train,0,FP,0.48102065920829773,
6442.01,97921547,test,1,CP,0.43820318579673767,0.32218793692603986
6447.01,347442932,test,0,FP,0.19276313483715057,0.1967121683860132
6448.01,320411045,test,1,CP,0.2550033926963806,0.25990955173624186
645.01,157568289,train,0,FP,0.47786596417427063,
646.01,238197709,train,0,FP,0.5098265409469604,
6486.01,46772529,test,0,FP,0.5374454855918884,0.4295413630160646
650.01,349373192,train,0,FP,0.42811769247055054,
6508.01,142277868,test,1,CP,0.6283894181251526,0.5624083129190784
652.01,22221375,train,1,CP,0.4939424693584442,
653.01,33153766,train,0,FP,0.2953166961669922,
654.01,35009898,train,1,CP,0.48708516359329224,
657.01,48103627,train,1,CP,0.48035162687301636,
658.01,48476907,train,0,FP,0.5156654715538025,
6585.01,162729620,test,0,FP,0.38955873250961304,0.30307983509001113
662.01,54085154,train,0,FP,0.3684309720993042,
663.01,54962195,validation,1,CP,0.5676106214523315,0.6917633553706413
663.02,54962195,validation,1,CP,0.5676106214523315,0.6917633553706413
663.03,54962195,validation,1,CP,0.5676106214523315,0.6917633553706413
6645.01,15827263,test,0,FP,0.2934197187423706,0.2740944935262475
665.01,73723286,train,0,FP,0.3766665458679199,
6650.03,64837857,test,0,FP,0.6520380973815918,0.6452304154246615
6651.01,174328045,test,1,CP,0.4741479158401489,0.32817870917890246
6654.01,278726770,test,0,FP,0.4510166645050049,0.40729940673396414
6669.01,333736132,test,1,CP,0.6774245500564575,0.5878898611010506
669.01,124573851,train,1,CP,0.5090911388397217,
6693.01,35377903,test,0,FP,0.6632381081581116,0.727217274729463
6696.01,104195270,test,0,FP,0.7176336050033569,0.4678122859705466
670.01,147660201,train,0,FP,0.5182655453681946,
6711.01,303364023,test,0,FP,0.666574239730835,0.7309197669133707
672.01,151825527,train,1,CP,0.6800804734230042,
673.01,151959065,train,0,FP,0.5165143013000488,
674.01,158588995,train,1,CP,0.6459136009216309,
6741.01,263203229,test,0,FP,0.2462649643421173,0.22450612792548627
6750.01,299876474,test,0,FP,0.32927969098091125,0.2308663830013819
6768.01,365952328,test,0,FP,0.5332821011543274,0.5059328215477401
677.01,280206394,train,1,CP,0.5609957575798035,
6783.01,291013124,test,0,FP,0.49538254737854004,0.287963400069426
679.01,308050066,train,0,FP,0.5552076697349548,
682.01,429304876,train,1,CP,0.55635005235672,
6874.01,4426490,test,0,FP,0.47249850630760193,0.31820257050892903
688.01,339636032,train,0,FP,0.4809357225894928,
6882.01,293075732,test,0,FP,0.27918314933776855,0.2265100000634507
6883.01,393818343,test,1,CP,0.5011804103851318,0.369083981938786
689.01,445822015,train,0,FP,0.36975881457328796,
6894.01,67512645,test,1,CP,0.5314044952392578,0.32405540582319203
6895.01,252537013,test,0,FP,0.49037352204322815,0.5738059385464237
690.01,101497191,train,0,FP,0.26635220646858215,
691.01,156991337,train,0,FP,0.37299904227256775,
692.01,320417762,train,0,FA,0.45221367478370667,
6921.01,58474992,test,0,FP,0.6832671165466309,0.5552231555013395
694.01,55383975,train,0,FP,0.5225552916526794,
696.01,77156829,validation,1,CP,0.6234798431396484,0.7211120381389614
696.02,77156829,validation,1,CP,0.6234798431396484,0.7211120381389614
696.03,77156829,validation,1,CP,0.6234798431396484,0.7211120381389614
6963.01,56658270,test,1,CP,0.7204769253730774,0.7683700536817191
6969.01,17129975,test,0,FP,0.31063365936279297,0.23443620460390394
6982.01,113921235,test,1,CP,0.6853767037391663,0.766699150508735
6989.01,261141602,test,0,FP,0.2622286081314087,0.2078316148870205
6999.01,444977814,test,0,FP,0.5606719851493835,0.4913427932628951
700.01,150428135,validation,1,CP,0.3235107362270355,0.8833333552573472
700.02,150428135,validation,1,CP,0.3235107362270355,0.8833333552573472
700.03,150428135,validation,1,CP,0.3235107362270355,0.8833333552573472
700.04,150428135,validation,1,CP,0.3235107362270355,0.8833333552573472
701.01,219239945,train,0,FP,0.31909024715423584,
7019.01,366119858,test,1,CP,0.7184576988220215,0.5593621900352256
704.01,260004324,train,1,CP,0.5274894833564758,
7041.01,201175570,test,1,CP,0.5659670829772949,0.7067266781109417
708.01,391821647,train,0,FP,0.4730255603790283,
710.01,309402106,train,0,FP,0.48301753401756287,
712.01,150151262,validation,1,CP,0.42402589321136475,0.473469236494534
712.02,150151262,validation,1,CP,0.42402589321136475,0.473469236494534
712.03,150151262,validation,0,FA,0.42402589321136475,0.473469236494534
712.04,150151262,validation,1,CP,0.42402589321136475,0.473469236494534
7137.01,161687209,test,0,FP,0.5556236505508423,0.5873302732380726
715.01,271971130,train,1,CP,0.481680303812027,
716.01,119081096,train,0,FP,0.47963303327560425,
7164.01,326470400,test,0,FP,0.3795824348926544,0.344685591032247
7166.01,288421619,test,1,CP,0.5717589855194092,0.4962358489712324
717.01,275248683,train,0,FP,0.5026316046714783,
7173.01,268727719,test,0,FP,0.2782477140426636,0.2771276952596
718.01,150247134,train,0,FA,0.4260675013065338,
719.01,184952758,train,0,FP,0.48499318957328796,
720.01,131419878,train,0,FP,0.4809952974319458,
725.01,410245915,train,0,FP,0.5080589652061462,
726.01,174143743,train,0,FP,0.5210028886795044,
728.01,96097215,train,0,FA,0.5224037170410156,
730.01,11561667,train,1,CP,0.5040220022201538,
731.01,34068865,train,1,CP,0.4990120530128479,
732.01,36724087,train,1,CP,0.4949719309806824,
732.02,36724087,train,1,CP,0.4949719309806824,
7324.01,210337597,test,0,FP,0.27303633093833923,0.2274103137129084
733.01,106402532,train,1,CP,0.533336877822876,
734.01,146846569,train,0,FP,0.47309091687202454,
735.01,150271680,train,0,FP,0.5226632952690125,
736.01,181804752,train,1,CP,0.5355237722396851,
736.02,181804752,train,1,CP,0.5355237722396851,
737.01,219189765,train,1,CP,0.48370635509490967,
7393.01,165598669,test,1,CP,0.39613690972328186,0.2894418448792931
7394.01,161687211,test,1,CP,0.5556236505508423,0.5873302732380726
741.01,359271092,train,1,CP,0.4888708293437958,
742.01,373424049,train,0,FP,0.494738906621933,
7510.01,118798035,test,1,CP,0.6278620362281799,0.5736872925833472
7510.02,118798035,test,1,CP,0.6278620362281799,0.5736872925833472
7510.03,118798035,test,1,CP,0.6278620362281799,0.5736872925833472
755.01,73228647,train,1,CP,0.52870112657547,
756.01,73649615,train,1,CP,7.244856533361599e-05,
757.01,130924120,train,1,CP,0.449806272983551,
758.01,131081852,train,0,FP,0.6661548018455505,
762.01,178709444,train,1,CP,0.5054765343666077,
763.01,178819686,train,1,CP,0.5027191638946533,
763.02,178819686,train,1,CP,0.5027191638946533,
765.01,219401954,train,0,FA,0.4971041679382324,
771.01,277634430,train,1,CP,0.43513259291648865,
775.01,304042899,train,0,FP,0.5337053537368774,
776.01,306996324,train,1,CP,0.611855685710907,
776.02,306996324,train,1,CP,0.611855685710907,
778.01,335630746,train,1,CP,0.39665764570236206,
782.01,429358906,train,1,CP,0.5031335949897766,
784.01,460984940,train,1,CP,0.5085382461547852,
791.01,306472057,test,1,CP,0.42160937190055847,0.6430260897711563
791.02,306472057,test,1,CP,0.42160937190055847,0.6430260897711563
792.01,294780517,train,0,FP,0.40455272793769836,
793.01,300013921,train,0,FP,0.4893837869167328,
796.01,277099925,train,0,FA,0.4920008182525635,
803.01,143526444,train,0,FP,0.4980716407299042,
804.01,41227743,train,0,FP,0.3597605228424072,
813.01,55525572,train,1,CP,0.5257195234298706,
814.01,255760319,train,0,FP,0.43772703409194946,
815.01,102840239,test,1,CP,0.7043591737747192,0.7565341261194807
815.02,102840239,test,1,CP,0.7043591737747192,0.7565341261194807
816.01,175180796,train,0,FP,4.145490617446512e-09,
817.01,30312676,train,0,FP,0.3883010149002075,
821.01,125405602,train,0,FA,0.49072787165641785,
822.02,127530399,validation,1,CP,0.7494779825210571,0.7970295742468135
824.01,193641523,train,1,CP,0.5316899418830872,
832.01,350332997,train,0,FP,0.4999462962150574,
833.01,362249359,train,1,CP,0.5473318099975586,
836.01,440887364,train,1,CP,0.42637744545936584,
836.02,440887364,train,1,CP,0.42637744545936584,
837.01,460205581,train,1,CP,0.49909457564353943,
838.01,461271719,train,0,FP,0.4468677341938019,
844.01,380886535,train,0,FP,0.48164263367652893,
845.01,32283946,train,0,FP,0.4790119230747223,
846.01,229141709,train,0,FP,0.20841313898563385,
848.01,42015200,train,0,FP,0.5300272107124329,
849.01,33595516,train,1,CP,0.47093838453292847,
858.01,198008005,train,1,CP,0.5148758888244629,
861.01,372913430,train,0,FP,0.5226945877075195,
866.01,381976956,train,0,FA,0.4472571909427643,
868.01,271596418,train,0,FP,0.5360546112060547,
869.01,200807066,train,0,FA,0.03302351385354996,
871.01,219344917,train,1,CP,0.5365886688232422,
878.01,219380235,train,0,FA,0.37338152527809143,
879.01,37084932,train,0,FP,0.3858742415904999,
880.02,34077285,train,1,CP,0.32154908776283264,
881.01,237808867,train,0,FP,0.47183918952941895,
882.01,92013169,train,0,FP,0.5128536224365234,
884.01,167031605,train,0,FP,0.35826411843299866,
886.01,120269103,train,0,FP,0.4092200994491577,
888.01,438295981,train,0,FP,0.4670494496822357,
889.01,284288080,train,0,FP,0.3931694030761719,
891.01,33690636,train,0,FP,0.4816586673259735,
892.01,66561343,train,1,CP,0.5281165838241577,
894.01,42755801,train,0,FP,0.5068419575691223,
895.01,250484865,train,0,FP,0.5027260780334473,
896.01,102283403,train,0,FA,0.3645979166030884,
897.01,229384040,train,0,FP,0.47961804270744324,
904.01,261257684,test,1,CP,0.5807247757911682,0.5977391140068566
904.02,261257684,test,1,CP,0.5807247757911682,0.5977391140068566
905.01,261867566,train,1,CP,0.34798187017440796,
907.01,305424003,train,1,CP,0.4729410409927368,
908.01,350153977,train,1,CP,0.4429827630519867,
909.01,364107753,train,0,FP,0.5232109427452087,
910.01,369327947,train,1,CP,0.4893764853477478,
912.01,406941612,train,1,CP,0.5051842331886292,
913.01,407126408,train,1,CP,0.49437201023101807,
914.01,153027658,train,0,FP,0.39815792441368103,
915.01,259389219,train,0,FP,0.4252558648586273,
916.01,348844154,train,0,FP,0.5318432450294495,
918.01,294869729,train,0,FP,0.5071334838867188,
920.01,271722899,train,0,FP,0.48864513635635376,
922.01,278199349,train,0,FP,0.45132723450660706,
923.01,301051430,train,0,FP,0.47280412912368774,
925.01,300599466,train,0,FP,0.4909161925315857,
927.01,261258875,train,0,FP,0.4947187900543213,
928.01,300557619,train,0,FP,0.5288308262825012,
935.01,260476837,train,0,FP,0.5377666354179382,
942.01,146520535,train,1,CP,0.4907850921154022,
944.01,434234955,train,0,FP,0.4866665005683899,
946.01,219205407,train,0,FP,0.3380089998245239,
949.01,189013222,train,0,FP,0.5275223255157471,
950.01,245947683,train,0,FA,2.3877196326793637e-06,
951.01,449050247,train,0,FP,0.3272629380226135,
953.01,449050248,train,0,FP,0.39764225482940674,
954.01,44792534,train,1,CP,0.4859675168991089,
955.01,146467675,train,0,FP,0.32450976967811584,
957.01,249067445,train,0,FP,0.47318828105926514,
959.01,279999655,train,0,FP,0.33625948429107666,
960.01,5109298,train,0,FP,0.4884510338306427,
961.01,265077027,train,0,FP,0.3836119472980499,
962.01,141776043,train,0,FP,0.4801631569862366,
964.01,179155220,train,0,FP,0.23863178491592407,
965.01,179159972,train,0,FP,0.4959526062011719,
967.01,445586472,train,0,FP,0.4920315146446228,
968.01,453209605,train,0,FP,0.490795373916626,
969.01,280437559,train,1,CP,0.3970854878425598,
971.01,177722855,train,0,FP,0.47873520851135254,
972.01,125894957,train,0,FP,0.41549038887023926,
973.01,409459226,train,0,FP,0.34137576818466187,
974.01,333821572,train,0,FP,0.49084267020225525,
975.01,133654092,train,0,FP,0.35953086614608765,
976.01,347098457,train,0,FP,0.5003401041030884,
977.01,268371979,train,0,FP,0.4809078276157379,
979.01,5772442,train,0,FP,0.48228785395622253,
980.01,93594834,train,0,FP,0.49116218090057373,
981.01,127476180,train,0,FP,0.3671507239341736,
982.01,177126182,train,0,FP,0.42988938093185425,
983.01,148659924,train,0,FP,0.5351349115371704,
984.01,33091633,train,0,FP,0.49229705333709717,
986.01,320536216,train,0,FP,0.4746948480606079,
987.01,52548453,train,0,FP,0.5087915062904358,
988.01,113553629,train,0,FP,0.5183964371681213,
992.01,108835813,train,0,FP,0.5142658948898315,
994.01,93963408,train,0,FP,0.4074980914592743,
995.01,317951248,train,0,FP,0.36042189598083496,
996.01,142918609,train,0,FP,0.4908221364021301,
997.01,341729521,train,0,FP,0.7338200211524963,
998.01,54390047,train,0,FP,0.5031838417053223,
999.01,341186896,train,0,FP,0.18149834871292114,
